meterId,timestamp,kwh,kvah,voltR
J100000,23/06/2026 23:30,48438.74,52313.84,226
J100000,24/06/2026 00:00,48439.16,52314.29,229
J100000,24/06/2026 00:30,48439.58,52314.75,220
J100000,24/06/2026 01:00,48440,52315.2,230
J100000,24/06/2026 01:30,48440.43,52315.66,233
J100000,24/06/2026 02:00,48440.85,52316.12,229
J100000,24/06/2026 02:30,48441.27,52316.57,231
J100000,24/06/2026 03:00,48441.7,52317.03,220
J100000,24/06/2026 03:30,48442.12,52317.49,234
J100000,24/06/2026 04:00,48442.54,52317.94,236
J100000,24/06/2026 04:30,48442.96,52318.4,238
J100000,24/06/2026 05:00,48443.39,52318.86,224
J100000,24/06/2026 05:30,48443.81,52319.31,228
J100000,24/06/2026 06:00,48444.23,52319.77,240
J100000,24/06/2026 06:30,48444.65,52320.23,221
J100000,24/06/2026 07:00,48445.08,52320.68,233
J100000,24/06/2026 07:30,48445.5,52321.14,225
J100000,24/06/2026 08:00,48445.92,52321.6,221
J100000,24/06/2026 08:30,48446.35,52322.05,237
J100000,24/06/2026 09:00,48446.77,52322.51,220
J100000,24/06/2026 09:30,48447.19,52322.97,222
J100000,24/06/2026 10:00,48447.61,52323.42,231
J100000,24/06/2026 10:30,48448.04,52323.88,225
J100000,24/06/2026 11:00,48448.46,52324.34,234
J100000,24/06/2026 11:30,48448.88,52324.79,236
J100000,24/06/2026 12:00,48449.31,52325.25,236
J100000,24/06/2026 12:30,48449.73,52325.71,233
J100000,24/06/2026 13:00,48450.15,52326.16,223
J100000,24/06/2026 13:30,48450.57,52326.62,224
J100000,24/06/2026 14:00,48451,52327.08,230
J100000,24/06/2026 14:30,48451.42,52327.53,222
J100000,24/06/2026 15:00,48451.84,52327.99,227
J100000,24/06/2026 15:30,48452.26,52328.45,228
J100000,24/06/2026 16:00,48452.69,52328.9,230
J100000,24/06/2026 16:30,48453.11,52329.36,234
J100000,24/06/2026 17:00,48453.53,52329.82,232
J100000,24/06/2026 17:30,48453.96,52330.27,234
J100000,24/06/2026 18:00,48454.38,52330.73,236
J100000,24/06/2026 18:30,48454.8,52331.19,240
J100000,24/06/2026 19:00,48455.22,52331.64,226
J100000,24/06/2026 19:30,48455.65,52332.1,239
J100000,24/06/2026 20:00,48456.07,52332.56,232
J100000,24/06/2026 20:30,48456.49,52333.01,232
J100000,24/06/2026 21:00,48456.92,52333.47,222
J100000,24/06/2026 21:30,48457.34,52333.93,231
J100000,24/06/2026 22:00,48457.76,52334.38,238
J100000,24/06/2026 22:30,48458.18,52334.84,238
J100000,24/06/2026 23:00,48458.61,52335.29,230
J100000,24/06/2026 23:30,48459.03,52335.75,223
J100000,25/06/2026 00:00,48459.45,52336.21,226
J100000,25/06/2026 00:30,48459.87,52336.66,222
J100000,25/06/2026 01:00,48460.3,52337.12,231
J100000,25/06/2026 01:30,48460.72,52337.58,225
J100000,25/06/2026 02:00,48461.14,52338.03,230
J100000,25/06/2026 02:30,48461.57,52338.49,222
J100000,25/06/2026 03:00,48461.99,52338.95,239
J100000,25/06/2026 03:30,48462.41,52339.4,232
J100000,25/06/2026 04:00,48462.83,52339.86,225
J100000,25/06/2026 04:30,48463.26,52340.32,228
J100000,25/06/2026 05:00,48463.68,52340.77,229
J100000,25/06/2026 05:30,48464.1,52341.23,230
J100000,25/06/2026 06:00,48464.53,52341.69,232
J100000,25/06/2026 06:30,48464.95,52342.14,222
J100000,25/06/2026 07:00,48465.37,52342.6,231
J100000,25/06/2026 07:30,48465.79,52343.06,235
J100000,25/06/2026 08:00,48466.22,52343.51,221
J100000,25/06/2026 08:30,48466.64,52343.97,223
J100000,25/06/2026 09:00,48467.06,52344.43,226
J100000,25/06/2026 09:30,48467.48,52344.88,233
J100000,25/06/2026 10:00,48467.91,52345.34,230
J100000,25/06/2026 10:30,48468.33,52345.8,237
J100000,25/06/2026 11:00,48468.75,52346.25,230
J100000,25/06/2026 11:30,48469.18,52346.71,226
J100000,25/06/2026 12:00,48469.6,52347.17,224
J100000,25/06/2026 12:30,48470.02,52347.62,227
J100000,25/06/2026 13:00,48470.44,52348.08,223
J100000,25/06/2026 13:30,48470.87,52348.54,224
J100000,25/06/2026 14:00,48471.29,52348.99,236
J100000,25/06/2026 14:30,48471.71,52349.45,236
J100000,25/06/2026 15:00,48472.13,52349.91,221
J100000,25/06/2026 15:30,48472.56,52350.36,239
J100000,25/06/2026 16:00,48472.98,52350.82,221
J100000,25/06/2026 16:30,48473.4,52351.28,230
J100000,25/06/2026 17:00,48473.83,52351.73,227
J100000,25/06/2026 17:30,48474.25,52352.19,231
J100000,25/06/2026 18:00,48474.67,52352.65,225
J100000,25/06/2026 18:30,48475.09,52353.1,239
J100000,25/06/2026 19:00,48475.52,52353.56,223
J100000,25/06/2026 19:30,48475.94,52354.01,233
J100000,25/06/2026 20:00,48476.36,52354.47,230
J100000,25/06/2026 20:30,48476.79,52354.93,223
J100000,25/06/2026 21:00,48477.21,52355.38,228
J100000,25/06/2026 21:30,48477.63,52355.84,223
J100000,25/06/2026 22:00,48478.05,52356.3,221
J100000,25/06/2026 22:30,48478.48,52356.75,232
J100000,25/06/2026 23:00,48478.9,52357.21,228
J100000,25/06/2026 23:30,48479.32,52357.67,233
J100000,26/06/2026 00:00,48479.74,52358.12,234
J100000,26/06/2026 00:30,48480.17,52358.58,234
J100000,26/06/2026 01:00,48480.59,52359.04,235
J100000,26/06/2026 01:30,48481.01,52359.49,233
J100000,26/06/2026 02:00,48481.44,52359.95,234
J100000,26/06/2026 02:30,48481.86,52360.41,233
J100000,26/06/2026 03:00,48482.28,52360.86,230
J100000,26/06/2026 03:30,48482.7,52361.32,230
J100000,26/06/2026 04:00,48483.13,52361.78,230
J100000,26/06/2026 04:30,48483.55,52362.23,226
J100000,26/06/2026 05:00,48483.97,52362.69,221
J100000,26/06/2026 05:30,48484.4,52363.15,237
J100000,26/06/2026 06:00,48484.82,52363.6,221
J100000,26/06/2026 06:30,48485.24,52364.06,223
J100000,26/06/2026 07:00,48485.66,52364.52,222
J100000,26/06/2026 07:30,48486.09,52364.97,237
J100000,26/06/2026 08:00,48486.51,52365.43,233
J100000,26/06/2026 08:30,48486.93,52365.89,225
J100000,26/06/2026 09:00,48487.35,52366.34,233
J100000,26/06/2026 09:30,48487.78,52366.8,225
J100000,26/06/2026 10:00,48488.2,52367.26,237
J100000,26/06/2026 10:30,48488.62,52367.71,238
J100000,26/06/2026 11:00,48489.05,52368.17,224
J100000,26/06/2026 11:30,48489.47,52368.63,221
J100000,26/06/2026 12:00,48489.89,52369.08,240
J100000,26/06/2026 12:30,48490.31,52369.54,240
J100000,26/06/2026 13:00,48490.74,52370,237
J100000,26/06/2026 13:30,48491.16,52370.45,239
J100000,26/06/2026 14:00,48491.58,52370.91,240
J100000,26/06/2026 14:30,48492,52371.37,228
J100000,26/06/2026 15:00,48492.43,52371.82,236
J100000,26/06/2026 15:30,48492.85,52372.28,238
J100000,26/06/2026 16:00,48493.27,52372.74,240
J100000,26/06/2026 16:30,48493.7,52373.19,222
J100000,26/06/2026 17:00,48494.12,52373.65,232
J100000,26/06/2026 17:30,48494.54,52374.1,234
J100000,26/06/2026 18:00,48494.96,52374.56,231
J100000,26/06/2026 18:30,48495.39,52375.02,226
J100000,26/06/2026 19:00,48495.81,52375.47,238
J100000,26/06/2026 19:30,48496.23,52375.93,236
J100000,26/06/2026 20:00,48496.66,52376.39,234
J100000,26/06/2026 20:30,48497.08,52376.84,227
J100000,26/06/2026 21:00,48497.5,52377.3,221
J100000,26/06/2026 21:30,48497.92,52377.76,222
J100000,26/06/2026 22:00,48498.35,52378.21,223
J100000,26/06/2026 22:30,48498.77,52378.67,228
J100000,26/06/2026 23:00,48499.19,52379.13,227
J100000,26/06/2026 23:30,48499.61,52379.58,221
J100000,27/06/2026 00:00,48500.04,52380.04,232
J100000,27/06/2026 00:30,48500.46,52380.5,232
J100000,27/06/2026 01:00,48500.88,52380.95,227
J100000,27/06/2026 01:30,48501.31,52381.41,230
J100000,27/06/2026 02:00,48501.73,52381.87,229
J100000,27/06/2026 02:30,48502.15,52382.32,226
J100000,27/06/2026 03:00,48502.57,52382.78,228
J100000,27/06/2026 03:30,48503,52383.24,227
J100000,27/06/2026 04:00,48503.42,52383.69,239
J100000,27/06/2026 04:30,48503.84,52384.15,233
J100000,27/06/2026 05:00,48504.27,52384.61,226
J100000,27/06/2026 05:30,48504.69,52385.06,229
J100000,27/06/2026 06:00,48505.11,52385.52,231
J100000,27/06/2026 06:30,48505.53,52385.98,227
J100000,27/06/2026 07:00,48505.96,52386.43,231
J100000,27/06/2026 07:30,48506.38,52386.89,224
J100000,27/06/2026 08:00,48506.8,52387.35,234
J100000,27/06/2026 08:30,48507.22,52387.8,223
J100000,27/06/2026 09:00,48507.65,52388.26,227
J100000,27/06/2026 09:30,48508.07,52388.72,234
J100000,27/06/2026 10:00,48508.49,52389.17,227
J100000,27/06/2026 10:30,48508.92,52389.63,222
J100000,27/06/2026 11:00,48509.34,52390.09,221
J100000,27/06/2026 11:30,48509.76,52390.54,239
J100000,27/06/2026 12:00,48510.18,52391,232
J100000,27/06/2026 12:30,48510.61,52391.46,230
J100000,27/06/2026 13:00,48511.03,52391.91,229
J100000,27/06/2026 13:30,48511.45,52392.37,222
J100000,27/06/2026 14:00,48511.88,52392.83,226
J100000,27/06/2026 14:30,48512.3,52393.28,229
J100000,27/06/2026 15:00,48512.72,52393.74,223
J100000,27/06/2026 15:30,48513.14,52394.19,226
J100000,27/06/2026 16:00,48513.57,52394.65,230
J100000,27/06/2026 16:30,48513.99,52395.11,232
J100000,27/06/2026 17:00,48514.41,52395.56,226
J100000,27/06/2026 17:30,48514.83,52396.02,231
J100000,27/06/2026 18:00,48515.26,52396.48,226
J100000,27/06/2026 18:30,48515.68,52396.93,228
J100000,27/06/2026 19:00,48516.1,52397.39,238
J100000,27/06/2026 19:30,48516.53,52397.85,232
J100000,27/06/2026 20:00,48516.95,52398.3,226
J100000,27/06/2026 20:30,48517.37,52398.76,224
J100000,27/06/2026 21:00,48517.79,52399.22,232
J100000,27/06/2026 21:30,48518.22,52399.67,234
J100000,27/06/2026 22:00,48518.64,52400.13,228
J100000,27/06/2026 22:30,48519.06,52400.59,234
J100000,27/06/2026 23:00,48519.48,52401.04,239
J100000,27/06/2026 23:30,48519.91,52401.5,233
J100000,28/06/2026 00:00,48520.33,52401.96,234
J100000,28/06/2026 00:30,48520.75,52402.41,225
J100000,28/06/2026 01:00,48521.18,52402.87,233
J100000,28/06/2026 01:30,48521.6,52403.33,231
J100000,28/06/2026 02:00,48522.02,52403.78,225
J100000,28/06/2026 02:30,48522.44,52404.24,229
J100000,28/06/2026 03:00,48522.87,52404.7,230
J100000,28/06/2026 03:30,48523.29,52405.15,238
J100000,28/06/2026 04:00,48523.71,52405.61,225
J100000,28/06/2026 04:30,48524.14,52406.07,229
J100000,28/06/2026 05:00,48524.56,52406.52,238
J100000,28/06/2026 05:30,48524.98,52406.98,238
J100000,28/06/2026 06:00,48525.4,52407.44,221
J100000,28/06/2026 06:30,48525.83,52407.89,220
J100000,28/06/2026 07:00,48526.25,52408.35,237
J100000,28/06/2026 07:30,48526.67,52408.81,227
J100000,28/06/2026 08:00,48527.09,52409.26,236
J100000,28/06/2026 08:30,48527.52,52409.72,221
J100000,28/06/2026 09:00,48527.94,52410.18,235
J100000,28/06/2026 09:30,48528.36,52410.63,230
J100000,28/06/2026 10:00,48528.79,52411.09,221
J100000,28/06/2026 10:30,48529.21,52411.55,236
J100000,28/06/2026 11:00,48529.63,52412,226
J100000,28/06/2026 11:30,48530.05,52412.46,239
J100000,28/06/2026 12:00,48530.48,52412.92,227
J100000,28/06/2026 12:30,48530.9,52413.37,232
J100000,28/06/2026 13:00,48531.32,52413.83,235
J100000,28/06/2026 13:30,48531.75,52414.28,225
J100000,28/06/2026 14:00,48532.17,52414.74,232
J100000,28/06/2026 14:30,48532.59,52415.2,240
J100000,28/06/2026 15:00,48533.01,52415.65,237
J100000,28/06/2026 15:30,48533.44,52416.11,237
J100000,28/06/2026 16:00,48533.86,52416.57,240
J100000,28/06/2026 16:30,48534.28,52417.02,232
J100000,28/06/2026 17:00,48534.7,52417.48,230
J100000,28/06/2026 17:30,48535.13,52417.94,235
J100000,28/06/2026 18:00,48535.55,52418.39,233
J100000,28/06/2026 18:30,48535.97,52418.85,227
J100000,28/06/2026 19:00,48536.4,52419.31,236
J100000,28/06/2026 19:30,48536.82,52419.76,228
J100000,28/06/2026 20:00,48537.24,52420.22,227
J100000,28/06/2026 20:30,48537.66,52420.68,221
J100000,28/06/2026 21:00,48538.09,52421.13,233
J100000,28/06/2026 21:30,48538.51,52421.59,221
J100000,28/06/2026 22:00,48538.93,52422.05,228
J100000,28/06/2026 22:30,48539.36,52422.5,238
J100000,28/06/2026 23:00,48539.78,52422.96,227
J100000,28/06/2026 23:30,48540.2,52423.42,238
J100000,29/06/2026 00:00,48540.62,52423.87,225
J100000,29/06/2026 00:30,48541.05,52424.33,224
J100000,29/06/2026 01:00,48541.47,52424.79,235
J100000,29/06/2026 01:30,48541.89,52425.24,222
J100000,29/06/2026 02:00,48542.31,52425.7,232
J100000,29/06/2026 02:30,48542.74,52426.16,238
J100000,29/06/2026 03:00,48543.16,52426.61,234
J100000,29/06/2026 03:30,48543.58,52427.07,230
J100000,29/06/2026 04:00,48544.01,52427.53,228
J100000,29/06/2026 04:30,48544.43,52427.98,239
J100000,29/06/2026 05:00,48544.85,52428.44,240
J100000,29/06/2026 05:30,48545.27,52428.9,234
J100000,29/06/2026 06:00,48545.7,52429.35,222
J100000,29/06/2026 06:30,48546.12,52429.81,220
J100000,29/06/2026 07:00,48546.54,52430.27,229
J100000,29/06/2026 07:30,48546.96,52430.72,221
J100000,29/06/2026 08:00,48547.39,52431.18,223
J100000,29/06/2026 08:30,48547.81,52431.64,224
J100000,29/06/2026 09:00,48548.23,52432.09,236
J100000,29/06/2026 09:30,48548.66,52432.55,228
J100000,29/06/2026 10:00,48549.08,52433,231
J100000,29/06/2026 10:30,48549.5,52433.46,223
J100000,29/06/2026 11:00,48549.92,52433.92,231
J100000,29/06/2026 11:30,48550.35,52434.37,227
J100000,29/06/2026 12:00,48550.77,52434.83,237
J100000,29/06/2026 12:30,48551.19,52435.29,230
J100000,29/06/2026 13:00,48551.62,52435.74,239
J100000,29/06/2026 13:30,48552.04,52436.2,237
J100000,29/06/2026 14:00,48552.46,52436.66,224
J100000,29/06/2026 14:30,48552.88,52437.11,224
J100000,29/06/2026 15:00,48553.31,52437.57,239
J100000,29/06/2026 15:30,48553.73,52438.03,231
J100000,29/06/2026 16:00,48554.15,52438.48,231
J100000,29/06/2026 16:30,48554.57,52438.94,232
J100000,29/06/2026 17:00,48555,52439.4,237
J100000,29/06/2026 17:30,48555.42,52439.85,226
J100000,29/06/2026 18:00,48555.84,52440.31,228
J100000,29/06/2026 18:30,48556.27,52440.77,232
J100000,29/06/2026 19:00,48556.69,52441.22,236
J100000,29/06/2026 19:30,48557.11,52441.68,229
J100000,29/06/2026 20:00,48557.53,52442.14,234
J100000,29/06/2026 20:30,48557.96,52442.59,233
J100000,29/06/2026 21:00,48558.38,52443.05,233
J100000,29/06/2026 21:30,48558.8,52443.51,232
J100000,29/06/2026 22:00,48559.23,52443.96,224
J100000,29/06/2026 22:30,48559.65,52444.42,235
J100000,29/06/2026 23:00,48560.07,52444.88,234
J100000,29/06/2026 23:30,48560.49,52445.33,226
J100000,30/06/2026 00:00,48560.92,52445.79,233
J100000,30/06/2026 00:30,48561.34,52446.25,221
J100000,30/06/2026 01:00,48561.76,52446.7,230
J100000,30/06/2026 01:30,48562.18,52447.16,240
J100000,30/06/2026 02:00,48562.61,52447.62,231
J100000,30/06/2026 02:30,48563.03,52448.07,231
J100000,30/06/2026 03:00,48563.45,52448.53,226
J100000,30/06/2026 03:30,48563.88,52448.99,230
J100000,30/06/2026 04:00,48564.3,52449.44,238
J100000,30/06/2026 04:30,48564.72,52449.9,224
J100000,30/06/2026 05:00,48565.14,52450.36,234
J100000,30/06/2026 05:30,48565.57,52450.81,224
J100000,30/06/2026 06:00,48565.99,52451.27,234
J100000,30/06/2026 06:30,48566.41,52451.73,227
J100000,30/06/2026 07:00,48566.83,52452.18,233
J100000,30/06/2026 07:30,48567.26,52452.64,229
J100000,30/06/2026 08:00,48567.68,52453.09,234
J100000,30/06/2026 08:30,48568.1,52453.55,229
J100000,30/06/2026 09:00,48568.53,52454.01,225
J100000,30/06/2026 09:30,48568.95,52454.46,238
J100000,30/06/2026 10:00,48569.37,52454.92,234
J100000,30/06/2026 10:30,48569.79,52455.38,228
J100000,30/06/2026 11:00,48570.22,52455.83,232
J100000,30/06/2026 11:30,48570.64,52456.29,221
J100000,30/06/2026 12:00,48571.06,52456.75,235
J100000,30/06/2026 12:30,48571.49,52457.2,222
J100000,30/06/2026 13:00,48571.91,52457.66,222
J100000,30/06/2026 13:30,48572.33,52458.12,220
J100000,30/06/2026 14:00,48572.75,52458.57,234
J100000,30/06/2026 14:30,48573.18,52459.03,225
J100000,30/06/2026 15:00,48573.6,52459.49,221
J100000,30/06/2026 15:30,48574.02,52459.94,235
J100000,30/06/2026 16:00,48574.44,52460.4,238
J100000,30/06/2026 16:30,48574.87,52460.86,221
J100000,30/06/2026 17:00,48575.29,52461.31,237
J100000,30/06/2026 17:30,48575.71,52461.77,230
J100000,30/06/2026 18:00,48576.14,52462.23,226
J100000,30/06/2026 18:30,48576.56,52462.68,225
J100000,30/06/2026 19:00,48576.98,52463.14,226
J100000,30/06/2026 19:30,48577.4,52463.6,237
J100000,30/06/2026 20:00,48577.83,52464.05,225
J100000,30/06/2026 20:30,48578.25,52464.51,231
J100000,30/06/2026 21:00,48578.67,52464.97,230
J100000,30/06/2026 21:30,48579.1,52465.42,228
J100000,30/06/2026 22:00,48579.52,52465.88,231
J100000,30/06/2026 22:30,48579.94,52466.34,228
J100000,30/06/2026 23:00,48580.36,52466.79,230
J100000,30/06/2026 23:30,48580.79,52467.25,220
J100001,23/06/2026 23:30,42594.05,46001.58,231
J100001,24/06/2026 00:00,42594.47,46002.02,230
J100001,24/06/2026 00:30,42594.88,46002.47,225
J100001,24/06/2026 01:00,42595.29,46002.92,230
J100001,24/06/2026 01:30,42595.7,46003.36,222
J100001,24/06/2026 02:00,42596.12,46003.81,235
J100001,24/06/2026 02:30,42596.53,46004.25,224
J100001,24/06/2026 03:00,42596.94,46004.7,237
J100001,24/06/2026 03:30,42597.36,46005.15,221
J100001,24/06/2026 04:00,42597.77,46005.59,230
J100001,24/06/2026 04:30,42598.18,46006.04,226
J100001,24/06/2026 05:00,42598.6,46006.48,234
J100001,24/06/2026 05:30,42599.01,46006.93,224
J100001,24/06/2026 06:00,42599.42,46007.38,232
J100001,24/06/2026 06:30,42599.84,46007.82,220
J100001,24/06/2026 07:00,42600.25,46008.27,226
J100001,24/06/2026 07:30,42600.66,46008.71,226
J100001,24/06/2026 08:00,42601.08,46009.16,224
J100001,24/06/2026 08:30,42601.49,46009.61,240
J100001,24/06/2026 09:00,42601.9,46010.05,223
J100001,24/06/2026 09:30,42602.31,46010.5,238
J100001,24/06/2026 10:00,42602.73,46010.95,226
J100001,24/06/2026 10:30,42603.14,46011.39,239
J100001,24/06/2026 11:00,42603.55,46011.84,231
J100001,24/06/2026 11:30,42603.97,46012.28,234
J100001,24/06/2026 12:00,42604.38,46012.73,226
J100001,24/06/2026 12:30,42604.79,46013.18,226
J100001,24/06/2026 13:00,42605.21,46013.62,224
J100001,24/06/2026 13:30,42605.62,46014.07,228
J100001,24/06/2026 14:00,42606.03,46014.51,221
J100001,24/06/2026 14:30,42606.45,46014.96,221
J100001,24/06/2026 15:00,42606.86,46015.41,235
J100001,24/06/2026 15:30,42607.27,46015.85,221
J100001,24/06/2026 16:00,42607.68,46016.3,234
J100001,24/06/2026 16:30,42608.1,46016.75,233
J100001,24/06/2026 17:00,42608.51,46017.19,232
J100001,24/06/2026 17:30,42608.92,46017.64,232
J100001,24/06/2026 18:00,42609.34,46018.08,222
J100001,24/06/2026 18:30,42609.75,46018.53,227
J100001,24/06/2026 19:00,42610.16,46018.98,235
J100001,24/06/2026 19:30,42610.58,46019.42,232
J100001,24/06/2026 20:00,42610.99,46019.87,233
J100001,24/06/2026 20:30,42611.4,46020.31,224
J100001,24/06/2026 21:00,42611.82,46020.76,233
J100001,24/06/2026 21:30,42612.23,46021.21,237
J100001,24/06/2026 22:00,42612.64,46021.65,234
J100001,24/06/2026 22:30,42613.05,46022.1,224
J100001,24/06/2026 23:00,42613.47,46022.55,227
J100001,24/06/2026 23:30,42613.88,46022.99,221
J100001,25/06/2026 00:00,42614.29,46023.44,227
J100001,25/06/2026 00:30,42614.71,46023.88,226
J100001,25/06/2026 01:00,42615.12,46024.33,234
J100001,25/06/2026 01:30,42615.53,46024.78,227
J100001,25/06/2026 02:00,42615.95,46025.22,239
J100001,25/06/2026 02:30,42616.36,46025.67,231
J100001,25/06/2026 03:00,42616.77,46026.11,225
J100001,25/06/2026 03:30,42617.19,46026.56,232
J100001,25/06/2026 04:00,42617.6,46027.01,221
J100001,25/06/2026 04:30,42618.01,46027.45,230
J100001,25/06/2026 05:00,42618.42,46027.9,232
J100001,25/06/2026 05:30,42618.84,46028.35,238
J100001,25/06/2026 06:00,42619.25,46028.79,232
J100001,25/06/2026 06:30,42619.66,46029.24,237
J100001,25/06/2026 07:00,42620.08,46029.68,239
J100001,25/06/2026 07:30,42620.49,46030.13,223
J100001,25/06/2026 08:00,42620.9,46030.58,231
J100001,25/06/2026 08:30,42621.32,46031.02,228
J100001,25/06/2026 09:00,42621.73,46031.47,238
J100001,25/06/2026 09:30,42622.14,46031.91,227
J100001,25/06/2026 10:00,42622.56,46032.36,237
J100001,25/06/2026 10:30,42622.97,46032.81,230
J100001,25/06/2026 11:00,42623.38,46033.25,225
J100001,25/06/2026 11:30,42623.8,46033.7,222
J100001,25/06/2026 12:00,42624.21,46034.14,238
J100001,25/06/2026 12:30,42624.62,46034.59,236
J100001,25/06/2026 13:00,42625.03,46035.04,239
J100001,25/06/2026 13:30,42625.45,46035.48,233
J100001,25/06/2026 14:00,42625.86,46035.93,231
J100001,25/06/2026 14:30,42626.27,46036.38,235
J100001,25/06/2026 15:00,42626.69,46036.82,234
J100001,25/06/2026 15:30,42627.1,46037.27,237
J100001,25/06/2026 16:00,42627.51,46037.71,231
J100001,25/06/2026 16:30,42627.93,46038.16,233
J100001,25/06/2026 17:00,42628.34,46038.61,225
J100001,25/06/2026 17:30,42628.75,46039.05,222
J100001,25/06/2026 18:00,42629.17,46039.5,238
J100001,25/06/2026 18:30,42629.58,46039.94,236
J100001,25/06/2026 19:00,42629.99,46040.39,229
J100001,25/06/2026 19:30,42630.4,46040.84,228
J100001,25/06/2026 20:00,42630.82,46041.28,228
J100001,25/06/2026 20:30,42631.23,46041.73,238
J100001,25/06/2026 21:00,42631.64,46042.18,238
J100001,25/06/2026 21:30,42632.06,46042.62,221
J100001,25/06/2026 22:00,42632.47,46043.07,225
J100001,25/06/2026 22:30,42632.88,46043.51,227
J100001,25/06/2026 23:00,42633.3,46043.96,228
J100001,25/06/2026 23:30,42633.71,46044.41,231
J100001,26/06/2026 00:00,42634.12,46044.85,228
J100001,26/06/2026 00:30,42634.54,46045.3,225
J100001,26/06/2026 01:00,42634.95,46045.74,232
J100001,26/06/2026 01:30,42635.36,46046.19,238
J100001,26/06/2026 02:00,42635.77,46046.64,220
J100001,26/06/2026 02:30,42636.19,46047.08,222
J100001,26/06/2026 03:00,42636.6,46047.53,222
J100001,26/06/2026 03:30,42637.01,46047.98,221
J100001,26/06/2026 04:00,42637.43,46048.42,228
J100001,26/06/2026 04:30,42637.84,46048.87,239
J100001,26/06/2026 05:00,42638.25,46049.31,221
J100001,26/06/2026 05:30,42638.67,46049.76,234
J100001,26/06/2026 06:00,42639.08,46050.21,229
J100001,26/06/2026 06:30,42639.49,46050.65,238
J100001,26/06/2026 07:00,42639.91,46051.1,226
J100001,26/06/2026 07:30,42640.32,46051.54,228
J100001,26/06/2026 08:00,42640.73,46051.99,231
J100001,26/06/2026 08:30,42641.14,46052.44,236
J100001,26/06/2026 09:00,42641.56,46052.88,228
J100001,26/06/2026 09:30,42641.97,46053.33,234
J100001,26/06/2026 10:00,42642.38,46053.77,228
J100001,26/06/2026 10:30,42642.8,46054.22,221
J100001,26/06/2026 11:00,42643.21,46054.67,234
J100001,26/06/2026 11:30,42643.62,46055.11,224
J100001,26/06/2026 12:00,42644.04,46055.56,232
J100001,26/06/2026 12:30,42644.45,46056.01,224
J100001,26/06/2026 13:00,42644.86,46056.45,236
J100001,26/06/2026 13:30,42645.28,46056.9,226
J100001,26/06/2026 14:00,42645.69,46057.34,238
J100001,26/06/2026 14:30,42646.1,46057.79,234
J100001,26/06/2026 15:00,42646.52,46058.24,227
J100001,26/06/2026 15:30,42646.93,46058.68,237
J100001,26/06/2026 16:00,42647.34,46059.13,236
J100001,26/06/2026 16:30,42647.75,46059.57,228
J100001,26/06/2026 17:00,42648.17,46060.02,232
J100001,26/06/2026 17:30,42648.58,46060.47,238
J100001,26/06/2026 18:00,42648.99,46060.91,224
J100001,26/06/2026 18:30,42649.41,46061.36,231
J100001,26/06/2026 19:00,42649.82,46061.81,225
J100001,26/06/2026 19:30,42650.23,46062.25,226
J100001,26/06/2026 20:00,42650.65,46062.7,233
J100001,26/06/2026 20:30,42651.06,46063.14,229
J100001,26/06/2026 21:00,42651.47,46063.59,238
J100001,26/06/2026 21:30,42651.89,46064.04,233
J100001,26/06/2026 22:00,42652.3,46064.48,237
J100001,26/06/2026 22:30,42652.71,46064.93,226
J100001,26/06/2026 23:00,42653.12,46065.37,226
J100001,26/06/2026 23:30,42653.54,46065.82,238
J100001,27/06/2026 00:00,42653.95,46066.27,233
J100001,27/06/2026 00:30,42654.36,46066.71,237
J100001,27/06/2026 01:00,42654.78,46067.16,233
J100001,27/06/2026 01:30,42655.19,46067.61,232
J100001,27/06/2026 02:00,42655.6,46068.05,231
J100001,27/06/2026 02:30,42656.02,46068.5,238
J100001,27/06/2026 03:00,42656.43,46068.94,222
J100001,27/06/2026 03:30,42656.84,46069.39,223
J100001,27/06/2026 04:00,42657.26,46069.84,227
J100001,27/06/2026 04:30,42657.67,46070.28,227
J100001,27/06/2026 05:00,42658.08,46070.73,236
J100001,27/06/2026 05:30,42658.49,46071.17,222
J100001,27/06/2026 06:00,42658.91,46071.62,222
J100001,27/06/2026 06:30,42659.32,46072.07,230
J100001,27/06/2026 07:00,42659.73,46072.51,224
J100001,27/06/2026 07:30,42660.15,46072.96,233
J100001,27/06/2026 08:00,42660.56,46073.41,221
J100001,27/06/2026 08:30,42660.97,46073.85,239
J100001,27/06/2026 09:00,42661.39,46074.3,222
J100001,27/06/2026 09:30,42661.8,46074.74,235
J100001,27/06/2026 10:00,42662.21,46075.19,227
J100001,27/06/2026 10:30,42662.63,46075.64,221
J100001,27/06/2026 11:00,42663.04,46076.08,236
J100001,27/06/2026 11:30,42663.45,46076.53,228
J100001,27/06/2026 12:00,42663.86,46076.97,237
J100001,27/06/2026 12:30,42664.28,46077.42,228
J100001,27/06/2026 13:00,42664.69,46077.87,233
J100001,27/06/2026 13:30,42665.1,46078.31,236
J100001,27/06/2026 14:00,42665.52,46078.76,220
J100001,27/06/2026 14:30,42665.93,46079.2,228
J100001,27/06/2026 15:00,42666.34,46079.65,239
J100001,27/06/2026 15:30,42666.76,46080.1,233
J100001,27/06/2026 16:00,42667.17,46080.54,222
J100001,27/06/2026 16:30,42667.58,46080.99,231
J100001,27/06/2026 17:00,42668,46081.44,222
J100001,27/06/2026 17:30,42668.41,46081.88,222
J100001,27/06/2026 18:00,42668.82,46082.33,226
J100001,27/06/2026 18:30,42669.24,46082.77,230
J100001,27/06/2026 19:00,42669.65,46083.22,227
J100001,27/06/2026 19:30,42670.06,46083.67,234
J100001,27/06/2026 20:00,42670.47,46084.11,238
J100001,27/06/2026 20:30,42670.89,46084.56,235
J100001,27/06/2026 21:00,42671.3,46085,227
J100001,27/06/2026 21:30,42671.71,46085.45,235
J100001,27/06/2026 22:00,42672.13,46085.9,234
J100001,27/06/2026 22:30,42672.54,46086.34,239
J100001,27/06/2026 23:00,42672.95,46086.79,223
J100001,27/06/2026 23:30,42673.37,46087.24,230
J100001,28/06/2026 00:00,42673.78,46087.68,235
J100001,28/06/2026 00:30,42674.19,46088.13,222
J100001,28/06/2026 01:00,42674.61,46088.57,222
J100001,28/06/2026 01:30,42675.02,46089.02,229
J100001,28/06/2026 02:00,42675.43,46089.47,237
J100001,28/06/2026 02:30,42675.84,46089.91,235
J100001,28/06/2026 03:00,42676.26,46090.36,235
J100001,28/06/2026 03:30,42676.67,46090.8,236
J100001,28/06/2026 04:00,42677.08,46091.25,224
J100001,28/06/2026 04:30,42677.5,46091.7,236
J100001,28/06/2026 05:00,42677.91,46092.14,229
J100001,28/06/2026 05:30,42678.32,46092.59,239
J100001,28/06/2026 06:00,42678.74,46093.04,222
J100001,28/06/2026 06:30,42679.15,46093.48,239
J100001,28/06/2026 07:00,42679.56,46093.93,228
J100001,28/06/2026 07:30,42679.98,46094.37,227
J100001,28/06/2026 08:00,42680.39,46094.82,222
J100001,28/06/2026 08:30,42680.8,46095.27,222
J100001,28/06/2026 09:00,42681.21,46095.71,227
J100001,28/06/2026 09:30,42681.63,46096.16,238
J100001,28/06/2026 10:00,42682.04,46096.6,234
J100001,28/06/2026 10:30,42682.45,46097.05,221
J100001,28/06/2026 11:00,42682.87,46097.5,238
J100001,28/06/2026 11:30,42683.28,46097.94,226
J100001,28/06/2026 12:00,42683.69,46098.39,234
J100001,28/06/2026 12:30,42684.11,46098.83,221
J100001,28/06/2026 13:00,42684.52,46099.28,234
J100001,28/06/2026 13:30,42684.93,46099.73,235
J100001,28/06/2026 14:00,42685.35,46100.17,237
J100001,28/06/2026 14:30,42685.76,46100.62,224
J100001,28/06/2026 15:00,42686.17,46101.07,225
J100001,28/06/2026 15:30,42686.58,46101.51,223
J100001,28/06/2026 16:00,42687,46101.96,222
J100001,28/06/2026 16:30,42687.41,46102.4,225
J100001,28/06/2026 17:00,42687.82,46102.85,230
J100001,28/06/2026 17:30,42688.24,46103.3,232
J100001,28/06/2026 18:00,42688.65,46103.74,238
J100001,28/06/2026 18:30,42689.06,46104.19,234
J100001,28/06/2026 19:00,42689.48,46104.63,232
J100001,28/06/2026 19:30,42689.89,46105.08,234
J100001,28/06/2026 20:00,42690.3,46105.53,226
J100001,28/06/2026 20:30,42690.72,46105.97,235
J100001,28/06/2026 21:00,42691.13,46106.42,226
J100001,28/06/2026 21:30,42691.54,46106.87,234
J100001,28/06/2026 22:00,42691.96,46107.31,225
J100001,28/06/2026 22:30,42692.37,46107.76,233
J100001,28/06/2026 23:00,42692.78,46108.2,221
J100001,28/06/2026 23:30,42693.19,46108.65,233
J100001,29/06/2026 00:00,42693.61,46109.1,232
J100001,29/06/2026 00:30,42694.02,46109.54,234
J100001,29/06/2026 01:00,42694.43,46109.99,231
J100001,29/06/2026 01:30,42694.85,46110.43,225
J100001,29/06/2026 02:00,42695.26,46110.88,234
J100001,29/06/2026 02:30,42695.67,46111.33,226
J100001,29/06/2026 03:00,42696.09,46111.77,224
J100001,29/06/2026 03:30,42696.5,46112.22,239
J100001,29/06/2026 04:00,42696.91,46112.67,227
J100001,29/06/2026 04:30,42697.33,46113.11,224
J100001,29/06/2026 05:00,42697.74,46113.56,227
J100001,29/06/2026 05:30,42698.15,46114,221
J100001,29/06/2026 06:00,42698.56,46114.45,233
J100001,29/06/2026 06:30,42698.98,46114.9,240
J100001,29/06/2026 07:00,42699.39,46115.34,220
J100001,29/06/2026 07:30,42699.8,46115.79,235
J100001,29/06/2026 08:00,42700.22,46116.23,238
J100001,29/06/2026 08:30,42700.63,46116.68,232
J100001,29/06/2026 09:00,42701.04,46117.13,228
J100001,29/06/2026 09:30,42701.46,46117.57,237
J100001,29/06/2026 10:00,42701.87,46118.02,234
J100001,29/06/2026 10:30,42702.28,46118.47,222
J100001,29/06/2026 11:00,42702.7,46118.91,234
J100001,29/06/2026 11:30,42703.11,46119.36,232
J100001,29/06/2026 12:00,42703.52,46119.8,240
J100001,29/06/2026 12:30,42703.93,46120.25,237
J100001,29/06/2026 13:00,42704.35,46120.7,221
J100001,29/06/2026 13:30,42704.76,46121.14,233
J100001,29/06/2026 14:00,42705.17,46121.59,225
J100001,29/06/2026 14:30,42705.59,46122.03,222
J100001,29/06/2026 15:00,42706,46122.48,240
J100001,29/06/2026 15:30,42706.41,46122.93,232
J100001,29/06/2026 16:00,42706.83,46123.37,220
J100001,29/06/2026 16:30,42707.24,46123.82,227
J100001,29/06/2026 17:00,42707.65,46124.26,239
J100001,29/06/2026 17:30,42708.07,46124.71,233
J100001,29/06/2026 18:00,42708.48,46125.16,235
J100001,29/06/2026 18:30,42708.89,46125.6,232
J100001,29/06/2026 19:00,42709.3,46126.05,238
J100001,29/06/2026 19:30,42709.72,46126.5,232
J100001,29/06/2026 20:00,42710.13,46126.94,234
J100001,29/06/2026 20:30,42710.54,46127.39,230
J100001,29/06/2026 21:00,42710.96,46127.83,236
J100001,29/06/2026 21:30,42711.37,46128.28,238
J100001,29/06/2026 22:00,42711.78,46128.73,237
J100001,29/06/2026 22:30,42712.2,46129.17,236
J100001,29/06/2026 23:00,42712.61,46129.62,237
J100001,29/06/2026 23:30,42713.02,46130.06,230
J100001,30/06/2026 00:00,42713.44,46130.51,231
J100001,30/06/2026 00:30,42713.85,46130.96,234
J100001,30/06/2026 01:00,42714.26,46131.4,239
J100001,30/06/2026 01:30,42714.68,46131.85,226
J100001,30/06/2026 02:00,42715.09,46132.3,225
J100001,30/06/2026 02:30,42715.5,46132.74,228
J100001,30/06/2026 03:00,42715.91,46133.19,231
J100001,30/06/2026 03:30,42716.33,46133.63,230
J100001,30/06/2026 04:00,42716.74,46134.08,222
J100001,30/06/2026 04:30,42717.15,46134.53,228
J100001,30/06/2026 05:00,42717.57,46134.97,222
J100001,30/06/2026 05:30,42717.98,46135.42,235
J100001,30/06/2026 06:00,42718.39,46135.86,230
J100001,30/06/2026 06:30,42718.81,46136.31,239
J100001,30/06/2026 07:00,42719.22,46136.76,238
J100001,30/06/2026 07:30,42719.63,46137.2,235
J100001,30/06/2026 08:00,42720.05,46137.65,231
J100001,30/06/2026 08:30,42720.46,46138.1,229
J100001,30/06/2026 09:00,42720.87,46138.54,233
J100001,30/06/2026 09:30,42721.28,46138.99,229
J100001,30/06/2026 10:00,42721.7,46139.43,236
J100001,30/06/2026 10:30,42722.11,46139.88,220
J100001,30/06/2026 11:00,42722.52,46140.33,234
J100001,30/06/2026 11:30,42722.94,46140.77,233
J100001,30/06/2026 12:00,42723.35,46141.22,237
J100001,30/06/2026 12:30,42723.76,46141.66,240
J100001,30/06/2026 13:00,42724.18,46142.11,220
J100001,30/06/2026 13:30,42724.59,46142.56,237
J100001,30/06/2026 14:00,42725,46143,227
J100001,30/06/2026 14:30,42725.42,46143.45,234
J100001,30/06/2026 15:00,42725.83,46143.89,224
J100001,30/06/2026 15:30,42726.24,46144.34,223
J100001,30/06/2026 16:00,42726.65,46144.79,226
J100001,30/06/2026 16:30,42727.07,46145.23,237
J100001,30/06/2026 17:00,42727.48,46145.68,227
J100001,30/06/2026 17:30,42727.89,46146.13,236
J100001,30/06/2026 18:00,42728.31,46146.57,223
J100001,30/06/2026 18:30,42728.72,46147.02,237
J100001,30/06/2026 19:00,42729.13,46147.46,225
J100001,30/06/2026 19:30,42729.55,46147.91,233
J100001,30/06/2026 20:00,42729.96,46148.36,223
J100001,30/06/2026 20:30,42730.37,46148.8,239
J100001,30/06/2026 21:00,42730.79,46149.25,222
J100001,30/06/2026 21:30,42731.2,46149.69,238
J100001,30/06/2026 22:00,42731.61,46150.14,238
J100001,30/06/2026 22:30,42732.02,46150.59,234
J100001,30/06/2026 23:00,42732.44,46151.03,237
J100001,30/06/2026 23:30,42732.85,46151.48,236
J100002,23/06/2026 23:30,6850.32,7398.35,227
J100002,24/06/2026 00:00,6850.78,7398.84,236
J100002,24/06/2026 00:30,6851.23,7399.33,238
J100002,24/06/2026 01:00,6851.68,7399.82,235
J100002,24/06/2026 01:30,6852.13,7400.31,235
J100002,24/06/2026 02:00,6852.59,7400.79,227
J100002,24/06/2026 02:30,6853.04,7401.28,231
J100002,24/06/2026 03:00,6853.49,7401.77,224
J100002,24/06/2026 03:30,6853.95,7402.26,227
J100002,24/06/2026 04:00,6854.4,7402.75,235
J100002,24/06/2026 04:30,6854.85,7403.24,233
J100002,24/06/2026 05:00,6855.31,7403.73,221
J100002,24/06/2026 05:30,6855.76,7404.22,225
J100002,24/06/2026 06:00,6856.21,7404.71,221
J100002,24/06/2026 06:30,6856.67,7405.2,238
J100002,24/06/2026 07:00,6857.12,7405.69,230
J100002,24/06/2026 07:30,6857.57,7406.18,238
J100002,24/06/2026 08:00,6858.03,7406.67,224
J100002,24/06/2026 08:30,6858.48,7407.16,238
J100002,24/06/2026 09:00,6858.93,7407.65,226
J100002,24/06/2026 09:30,6859.39,7408.14,227
J100002,24/06/2026 10:00,6859.84,7408.63,226
J100002,24/06/2026 10:30,6860.29,7409.12,239
J100002,24/06/2026 11:00,6860.75,7409.6,240
J100002,24/06/2026 11:30,6861.2,7410.09,238
J100002,24/06/2026 12:00,6861.65,7410.58,229
J100002,24/06/2026 12:30,6862.1,7411.07,240
J100002,24/06/2026 13:00,6862.56,7411.56,233
J100002,24/06/2026 13:30,6863.01,7412.05,227
J100002,24/06/2026 14:00,6863.46,7412.54,236
J100002,24/06/2026 14:30,6863.92,7413.03,236
J100002,24/06/2026 15:00,6864.37,7413.52,234
J100002,24/06/2026 15:30,6864.82,7414.01,223
J100002,24/06/2026 16:00,6865.28,7414.5,236
J100002,24/06/2026 16:30,6865.73,7414.99,232
J100002,24/06/2026 17:00,6866.18,7415.48,225
J100002,24/06/2026 17:30,6866.64,7415.97,231
J100002,24/06/2026 18:00,6867.09,7416.46,234
J100002,24/06/2026 18:30,6867.54,7416.95,237
J100002,24/06/2026 19:00,6868,7417.44,227
J100002,24/06/2026 19:30,6868.45,7417.93,225
J100002,24/06/2026 20:00,6868.9,7418.41,234
J100002,24/06/2026 20:30,6869.36,7418.9,233
J100002,24/06/2026 21:00,6869.81,7419.39,223
J100002,24/06/2026 21:30,6870.26,7419.88,238
J100002,24/06/2026 22:00,6870.72,7420.37,237
J100002,24/06/2026 22:30,6871.17,7420.86,230
J100002,24/06/2026 23:00,6871.62,7421.35,232
J100002,24/06/2026 23:30,6872.08,7421.84,233
J100002,25/06/2026 00:00,6872.53,7422.33,227
J100002,25/06/2026 00:30,6872.98,7422.82,238
J100002,25/06/2026 01:00,6873.43,7423.31,220
J100002,25/06/2026 01:30,6873.89,7423.8,226
J100002,25/06/2026 02:00,6874.34,7424.29,225
J100002,25/06/2026 02:30,6874.79,7424.78,226
J100002,25/06/2026 03:00,6875.25,7425.27,229
J100002,25/06/2026 03:30,6875.7,7425.76,239
J100002,25/06/2026 04:00,6876.15,7426.25,228
J100002,25/06/2026 04:30,6876.61,7426.74,231
J100002,25/06/2026 05:00,6877.06,7427.22,227
J100002,25/06/2026 05:30,6877.51,7427.71,220
J100002,25/06/2026 06:00,6877.97,7428.2,224
J100002,25/06/2026 06:30,6878.42,7428.69,229
J100002,25/06/2026 07:00,6878.87,7429.18,227
J100002,25/06/2026 07:30,6879.33,7429.67,236
J100002,25/06/2026 08:00,6879.78,7430.16,224
J100002,25/06/2026 08:30,6880.23,7430.65,233
J100002,25/06/2026 09:00,6880.69,7431.14,237
J100002,25/06/2026 09:30,6881.14,7431.63,224
J100002,25/06/2026 10:00,6881.59,7432.12,237
J100002,25/06/2026 10:30,6882.05,7432.61,237
J100002,25/06/2026 11:00,6882.5,7433.1,232
J100002,25/06/2026 11:30,6882.95,7433.59,235
J100002,25/06/2026 12:00,6883.4,7434.08,240
J100002,25/06/2026 12:30,6883.86,7434.57,222
J100002,25/06/2026 13:00,6884.31,7435.06,229
J100002,25/06/2026 13:30,6884.76,7435.55,240
J100002,25/06/2026 14:00,6885.22,7436.04,229
J100002,25/06/2026 14:30,6885.67,7436.52,234
J100002,25/06/2026 15:00,6886.12,7437.01,230
J100002,25/06/2026 15:30,6886.58,7437.5,223
J100002,25/06/2026 16:00,6887.03,7437.99,231
J100002,25/06/2026 16:30,6887.48,7438.48,224
J100002,25/06/2026 17:00,6887.94,7438.97,233
J100002,25/06/2026 17:30,6888.39,7439.46,233
J100002,25/06/2026 18:00,6888.84,7439.95,226
J100002,25/06/2026 18:30,6889.3,7440.44,237
J100002,25/06/2026 19:00,6889.75,7440.93,231
J100002,25/06/2026 19:30,6890.2,7441.42,234
J100002,25/06/2026 20:00,6890.66,7441.91,236
J100002,25/06/2026 20:30,6891.11,7442.4,229
J100002,25/06/2026 21:00,6891.56,7442.89,240
J100002,25/06/2026 21:30,6892.02,7443.38,237
J100002,25/06/2026 22:00,6892.47,7443.87,237
J100002,25/06/2026 22:30,6892.92,7444.36,223
J100002,25/06/2026 23:00,6893.38,7444.85,231
J100002,25/06/2026 23:30,6893.83,7445.33,232
J100002,26/06/2026 00:00,6894.28,7445.82,229
J100002,26/06/2026 00:30,6894.73,7446.31,222
J100002,26/06/2026 01:00,6895.19,7446.8,235
J100002,26/06/2026 01:30,6895.64,7447.29,232
J100002,26/06/2026 02:00,6896.09,7447.78,236
J100002,26/06/2026 02:30,6896.55,7448.27,228
J100002,26/06/2026 03:00,6897,7448.76,226
J100002,26/06/2026 03:30,6897.45,7449.25,234
J100002,26/06/2026 04:00,6897.91,7449.74,222
J100002,26/06/2026 04:30,6898.36,7450.23,225
J100002,26/06/2026 05:00,6898.81,7450.72,224
J100002,26/06/2026 05:30,6899.27,7451.21,235
J100002,26/06/2026 06:00,6899.72,7451.7,239
J100002,26/06/2026 06:30,6900.17,7452.19,236
J100002,26/06/2026 07:00,6900.63,7452.68,231
J100002,26/06/2026 07:30,6901.08,7453.17,240
J100002,26/06/2026 08:00,6901.53,7453.66,222
J100002,26/06/2026 08:30,6901.99,7454.14,221
J100002,26/06/2026 09:00,6902.44,7454.63,237
J100002,26/06/2026 09:30,6902.89,7455.12,227
J100002,26/06/2026 10:00,6903.35,7455.61,221
J100002,26/06/2026 10:30,6903.8,7456.1,235
J100002,26/06/2026 11:00,6904.25,7456.59,230
J100002,26/06/2026 11:30,6904.7,7457.08,223
J100002,26/06/2026 12:00,6905.16,7457.57,229
J100002,26/06/2026 12:30,6905.61,7458.06,231
J100002,26/06/2026 13:00,6906.06,7458.55,239
J100002,26/06/2026 13:30,6906.52,7459.04,232
J100002,26/06/2026 14:00,6906.97,7459.53,230
J100002,26/06/2026 14:30,6907.42,7460.02,232
J100002,26/06/2026 15:00,6907.88,7460.51,239
J100002,26/06/2026 15:30,6908.33,7461,224
J100002,26/06/2026 16:00,6908.78,7461.49,234
J100002,26/06/2026 16:30,6909.24,7461.98,222
J100002,26/06/2026 17:00,6909.69,7462.47,230
J100002,26/06/2026 17:30,6910.14,7462.95,240
J100002,26/06/2026 18:00,6910.6,7463.44,234
J100002,26/06/2026 18:30,6911.05,7463.93,229
J100002,26/06/2026 19:00,6911.5,7464.42,223
J100002,26/06/2026 19:30,6911.96,7464.91,222
J100002,26/06/2026 20:00,6912.41,7465.4,230
J100002,26/06/2026 20:30,6912.86,7465.89,233
J100002,26/06/2026 21:00,6913.32,7466.38,237
J100002,26/06/2026 21:30,6913.77,7466.87,239
J100002,26/06/2026 22:00,6914.22,7467.36,239
J100002,26/06/2026 22:30,6914.67,7467.85,233
J100002,26/06/2026 23:00,6915.13,7468.34,228
J100002,26/06/2026 23:30,6915.58,7468.83,230
J100002,27/06/2026 00:00,6916.03,7469.32,223
J100002,27/06/2026 00:30,6916.49,7469.81,239
J100002,27/06/2026 01:00,6916.94,7470.3,230
J100002,27/06/2026 01:30,6917.39,7470.79,234
J100002,27/06/2026 02:00,6917.85,7471.28,233
J100002,27/06/2026 02:30,6918.3,7471.76,226
J100002,27/06/2026 03:00,6918.75,7472.25,223
J100002,27/06/2026 03:30,6919.21,7472.74,238
J100002,27/06/2026 04:00,6919.66,7473.23,221
J100002,27/06/2026 04:30,6920.11,7473.72,238
J100002,27/06/2026 05:00,6920.57,7474.21,228
J100002,27/06/2026 05:30,6921.02,7474.7,235
J100002,27/06/2026 06:00,6921.47,7475.19,235
J100002,27/06/2026 06:30,6921.93,7475.68,238
J100002,27/06/2026 07:00,6922.38,7476.17,234
J100002,27/06/2026 07:30,6922.83,7476.66,220
J100002,27/06/2026 08:00,6923.29,7477.15,235
J100002,27/06/2026 08:30,6923.74,7477.64,229
J100002,27/06/2026 09:00,6924.19,7478.13,229
J100002,27/06/2026 09:30,6924.65,7478.62,232
J100002,27/06/2026 10:00,6925.1,7479.11,230
J100002,27/06/2026 10:30,6925.55,7479.6,238
J100002,27/06/2026 11:00,6926,7480.09,240
J100002,27/06/2026 11:30,6926.46,7480.57,223
J100002,27/06/2026 12:00,6926.91,7481.06,227
J100002,27/06/2026 12:30,6927.36,7481.55,230
J100002,27/06/2026 13:00,6927.82,7482.04,223
J100002,27/06/2026 13:30,6928.27,7482.53,227
J100002,27/06/2026 14:00,6928.72,7483.02,236
J100002,27/06/2026 14:30,6929.18,7483.51,232
J100002,27/06/2026 15:00,6929.63,7484,232
J100002,27/06/2026 15:30,6930.08,7484.49,236
J100002,27/06/2026 16:00,6930.54,7484.98,238
J100002,27/06/2026 16:30,6930.99,7485.47,222
J100002,27/06/2026 17:00,6931.44,7485.96,230
J100002,27/06/2026 17:30,6931.9,7486.45,223
J100002,27/06/2026 18:00,6932.35,7486.94,234
J100002,27/06/2026 18:30,6932.8,7487.43,234
J100002,27/06/2026 19:00,6933.26,7487.92,223
J100002,27/06/2026 19:30,6933.71,7488.41,224
J100002,27/06/2026 20:00,6934.16,7488.9,228
J100002,27/06/2026 20:30,6934.62,7489.38,228
J100002,27/06/2026 21:00,6935.07,7489.87,234
J100002,27/06/2026 21:30,6935.52,7490.36,227
J100002,27/06/2026 22:00,6935.97,7490.85,226
J100002,27/06/2026 22:30,6936.43,7491.34,228
J100002,27/06/2026 23:00,6936.88,7491.83,229
J100002,27/06/2026 23:30,6937.33,7492.32,235
J100002,28/06/2026 00:00,6937.79,7492.81,240
J100002,28/06/2026 00:30,6938.24,7493.3,232
J100002,28/06/2026 01:00,6938.69,7493.79,222
J100002,28/06/2026 01:30,6939.15,7494.28,226
J100002,28/06/2026 02:00,6939.6,7494.77,233
J100002,28/06/2026 02:30,6940.05,7495.26,223
J100002,28/06/2026 03:00,6940.51,7495.75,224
J100002,28/06/2026 03:30,6940.96,7496.24,237
J100002,28/06/2026 04:00,6941.41,7496.73,230
J100002,28/06/2026 04:30,6941.87,7497.22,222
J100002,28/06/2026 05:00,6942.32,7497.71,238
J100002,28/06/2026 05:30,6942.77,7498.19,222
J100002,28/06/2026 06:00,6943.23,7498.68,236
J100002,28/06/2026 06:30,6943.68,7499.17,221
J100002,28/06/2026 07:00,6944.13,7499.66,226
J100002,28/06/2026 07:30,6944.59,7500.15,227
J100002,28/06/2026 08:00,6945.04,7500.64,232
J100002,28/06/2026 08:30,6945.49,7501.13,234
J100002,28/06/2026 09:00,6945.95,7501.62,225
J100002,28/06/2026 09:30,6946.4,7502.11,223
J100002,28/06/2026 10:00,6946.85,7502.6,233
J100002,28/06/2026 10:30,6947.3,7503.09,229
J100002,28/06/2026 11:00,6947.76,7503.58,230
J100002,28/06/2026 11:30,6948.21,7504.07,234
J100002,28/06/2026 12:00,6948.66,7504.56,223
J100002,28/06/2026 12:30,6949.12,7505.05,227
J100002,28/06/2026 13:00,6949.57,7505.54,238
J100002,28/06/2026 13:30,6950.02,7506.03,236
J100002,28/06/2026 14:00,6950.48,7506.52,235
J100002,28/06/2026 14:30,6950.93,7507,225
J100002,28/06/2026 15:00,6951.38,7507.49,228
J100002,28/06/2026 15:30,6951.84,7507.98,235
J100002,28/06/2026 16:00,6952.29,7508.47,238
J100002,28/06/2026 16:30,6952.74,7508.96,226
J100002,28/06/2026 17:00,6953.2,7509.45,239
J100002,28/06/2026 17:30,6953.65,7509.94,229
J100002,28/06/2026 18:00,6954.1,7510.43,229
J100002,28/06/2026 18:30,6954.56,7510.92,237
J100002,28/06/2026 19:00,6955.01,7511.41,222
J100002,28/06/2026 19:30,6955.46,7511.9,235
J100002,28/06/2026 20:00,6955.92,7512.39,232
J100002,28/06/2026 20:30,6956.37,7512.88,230
J100002,28/06/2026 21:00,6956.82,7513.37,226
J100002,28/06/2026 21:30,6957.27,7513.86,222
J100002,28/06/2026 22:00,6957.73,7514.35,238
J100002,28/06/2026 22:30,6958.18,7514.84,238
J100002,28/06/2026 23:00,6958.63,7515.33,236
J100002,28/06/2026 23:30,6959.09,7515.81,234
J100002,29/06/2026 00:00,6959.54,7516.3,231
J100002,29/06/2026 00:30,6959.99,7516.79,240
J100002,29/06/2026 01:00,6960.45,7517.28,237
J100002,29/06/2026 01:30,6960.9,7517.77,232
J100002,29/06/2026 02:00,6961.35,7518.26,227
J100002,29/06/2026 02:30,6961.81,7518.75,224
J100002,29/06/2026 03:00,6962.26,7519.24,225
J100002,29/06/2026 03:30,6962.71,7519.73,238
J100002,29/06/2026 04:00,6963.17,7520.22,230
J100002,29/06/2026 04:30,6963.62,7520.71,222
J100002,29/06/2026 05:00,6964.07,7521.2,224
J100002,29/06/2026 05:30,6964.53,7521.69,227
J100002,29/06/2026 06:00,6964.98,7522.18,225
J100002,29/06/2026 06:30,6965.43,7522.67,230
J100002,29/06/2026 07:00,6965.89,7523.16,239
J100002,29/06/2026 07:30,6966.34,7523.65,230
J100002,29/06/2026 08:00,6966.79,7524.14,240
J100002,29/06/2026 08:30,6967.25,7524.62,226
J100002,29/06/2026 09:00,6967.7,7525.11,230
J100002,29/06/2026 09:30,6968.15,7525.6,232
J100002,29/06/2026 10:00,6968.6,7526.09,229
J100002,29/06/2026 10:30,6969.06,7526.58,239
J100002,29/06/2026 11:00,6969.51,7527.07,238
J100002,29/06/2026 11:30,6969.96,7527.56,223
J100002,29/06/2026 12:00,6970.42,7528.05,239
J100002,29/06/2026 12:30,6970.87,7528.54,228
J100002,29/06/2026 13:00,6971.32,7529.03,223
J100002,29/06/2026 13:30,6971.78,7529.52,230
J100002,29/06/2026 14:00,6972.23,7530.01,223
J100002,29/06/2026 14:30,6972.68,7530.5,239
J100002,29/06/2026 15:00,6973.14,7530.99,223
J100002,29/06/2026 15:30,6973.59,7531.48,240
J100002,29/06/2026 16:00,6974.04,7531.97,229
J100002,29/06/2026 16:30,6974.5,7532.46,236
J100002,29/06/2026 17:00,6974.95,7532.95,238
J100002,29/06/2026 17:30,6975.4,7533.43,237
J100002,29/06/2026 18:00,6975.86,7533.92,223
J100002,29/06/2026 18:30,6976.31,7534.41,236
J100002,29/06/2026 19:00,6976.76,7534.9,224
J100002,29/06/2026 19:30,6977.22,7535.39,239
J100002,29/06/2026 20:00,6977.67,7535.88,229
J100002,29/06/2026 20:30,6978.12,7536.37,220
J100002,29/06/2026 21:00,6978.57,7536.86,228
J100002,29/06/2026 21:30,6979.03,7537.35,232
J100002,29/06/2026 22:00,6979.48,7537.84,237
J100002,29/06/2026 22:30,6979.93,7538.33,237
J100002,29/06/2026 23:00,6980.39,7538.82,223
J100002,29/06/2026 23:30,6980.84,7539.31,234
J100002,30/06/2026 00:00,6981.29,7539.8,231
J100002,30/06/2026 00:30,6981.75,7540.29,236
J100002,30/06/2026 01:00,6982.2,7540.78,221
J100002,30/06/2026 01:30,6982.65,7541.27,236
J100002,30/06/2026 02:00,6983.11,7541.76,222
J100002,30/06/2026 02:30,6983.56,7542.24,227
J100002,30/06/2026 03:00,6984.01,7542.73,224
J100002,30/06/2026 03:30,6984.47,7543.22,233
J100002,30/06/2026 04:00,6984.92,7543.71,228
J100002,30/06/2026 04:30,6985.37,7544.2,232
J100002,30/06/2026 05:00,6985.83,7544.69,223
J100002,30/06/2026 05:30,6986.28,7545.18,231
J100002,30/06/2026 06:00,6986.73,7545.67,230
J100002,30/06/2026 06:30,6987.19,7546.16,227
J100002,30/06/2026 07:00,6987.64,7546.65,226
J100002,30/06/2026 07:30,6988.09,7547.14,237
J100002,30/06/2026 08:00,6988.54,7547.63,227
J100002,30/06/2026 08:30,6989,7548.12,226
J100002,30/06/2026 09:00,6989.45,7548.61,223
J100002,30/06/2026 09:30,6989.9,7549.1,222
J100002,30/06/2026 10:00,6990.36,7549.59,227
J100002,30/06/2026 10:30,6990.81,7550.08,231
J100002,30/06/2026 11:00,6991.26,7550.57,232
J100002,30/06/2026 11:30,6991.72,7551.05,227
J100002,30/06/2026 12:00,6992.17,7551.54,228
J100002,30/06/2026 12:30,6992.62,7552.03,222
J100002,30/06/2026 13:00,6993.08,7552.52,221
J100002,30/06/2026 13:30,6993.53,7553.01,227
J100002,30/06/2026 14:00,6993.98,7553.5,230
J100002,30/06/2026 14:30,6994.44,7553.99,224
J100002,30/06/2026 15:00,6994.89,7554.48,229
J100002,30/06/2026 15:30,6995.34,7554.97,232
J100002,30/06/2026 16:00,6995.8,7555.46,237
J100002,30/06/2026 16:30,6996.25,7555.95,237
J100002,30/06/2026 17:00,6996.7,7556.44,228
J100002,30/06/2026 17:30,6997.16,7556.93,236
J100002,30/06/2026 18:00,6997.61,7557.42,236
J100002,30/06/2026 18:30,6998.06,7557.91,226
J100002,30/06/2026 19:00,6998.52,7558.4,238
J100002,30/06/2026 19:30,6998.97,7558.89,228
J100002,30/06/2026 20:00,6999.42,7559.38,239
J100002,30/06/2026 20:30,6999.87,7559.86,237
J100002,30/06/2026 21:00,7000.33,7560.35,232
J100002,30/06/2026 21:30,7000.78,7560.84,229
J100002,30/06/2026 22:00,7001.23,7561.33,227
J100002,30/06/2026 22:30,7001.69,7561.82,240
J100002,30/06/2026 23:00,7002.14,7562.31,227
J100002,30/06/2026 23:30,7002.59,7562.8,227
J100003,23/06/2026 23:30,6315.48,6820.72,225
J100003,24/06/2026 00:00,6315.85,6821.12,221
J100003,24/06/2026 00:30,6316.22,6821.52,225
J100003,24/06/2026 01:00,6316.6,6821.93,229
J100003,24/06/2026 01:30,6316.97,6822.33,221
J100003,24/06/2026 02:00,6317.35,6822.73,236
J100003,24/06/2026 02:30,6317.72,6823.14,236
J100003,24/06/2026 03:00,6318.09,6823.54,224
J100003,24/06/2026 03:30,6318.47,6823.94,237
J100003,24/06/2026 04:00,6318.84,6824.35,226
J100003,24/06/2026 04:30,6319.21,6824.75,231
J100003,24/06/2026 05:00,6319.59,6825.15,221
J100003,24/06/2026 05:30,6319.96,6825.56,225
J100003,24/06/2026 06:00,6320.33,6825.96,236
J100003,24/06/2026 06:30,6320.71,6826.36,224
J100003,24/06/2026 07:00,6321.08,6826.77,222
J100003,24/06/2026 07:30,6321.46,6827.17,232
J100003,24/06/2026 08:00,6321.83,6827.58,238
J100003,24/06/2026 08:30,6322.2,6827.98,222
J100003,24/06/2026 09:00,6322.58,6828.38,240
J100003,24/06/2026 09:30,6322.95,6828.79,229
J100003,24/06/2026 10:00,6323.32,6829.19,222
J100003,24/06/2026 10:30,6323.7,6829.59,224
J100003,24/06/2026 11:00,6324.07,6830,224
J100003,24/06/2026 11:30,6324.44,6830.4,225
J100003,24/06/2026 12:00,6324.82,6830.8,228
J100003,24/06/2026 12:30,6325.19,6831.21,237
J100003,24/06/2026 13:00,6325.57,6831.61,235
J100003,24/06/2026 13:30,6325.94,6832.01,238
J100003,24/06/2026 14:00,6326.31,6832.42,222
J100003,24/06/2026 14:30,6326.69,6832.82,226
J100003,24/06/2026 15:00,6327.06,6833.22,233
J100003,24/06/2026 15:30,6327.43,6833.63,223
J100003,24/06/2026 16:00,6327.81,6834.03,231
J100003,24/06/2026 16:30,6328.18,6834.43,239
J100003,24/06/2026 17:00,6328.55,6834.84,224
J100003,24/06/2026 17:30,6328.93,6835.24,221
J100003,24/06/2026 18:00,6329.3,6835.65,234
J100003,24/06/2026 18:30,6329.67,6836.05,222
J100003,24/06/2026 19:00,6330.05,6836.45,222
J100003,24/06/2026 19:30,6330.42,6836.86,228
J100003,24/06/2026 20:00,6330.8,6837.26,225
J100003,24/06/2026 20:30,6331.17,6837.66,221
J100003,24/06/2026 21:00,6331.54,6838.07,221
J100003,24/06/2026 21:30,6331.92,6838.47,239
J100003,24/06/2026 22:00,6332.29,6838.87,224
J100003,24/06/2026 22:30,6332.66,6839.28,232
J100003,24/06/2026 23:00,6333.04,6839.68,222
J100003,24/06/2026 23:30,6333.41,6840.08,236
J100003,25/06/2026 00:00,6333.78,6840.49,235
J100003,25/06/2026 00:30,6334.16,6840.89,223
J100003,25/06/2026 01:00,6334.53,6841.29,233
J100003,25/06/2026 01:30,6334.91,6841.7,237
J100003,25/06/2026 02:00,6335.28,6842.1,238
J100003,25/06/2026 02:30,6335.65,6842.51,223
J100003,25/06/2026 03:00,6336.03,6842.91,239
J100003,25/06/2026 03:30,6336.4,6843.31,231
J100003,25/06/2026 04:00,6336.77,6843.72,226
J100003,25/06/2026 04:30,6337.15,6844.12,232
J100003,25/06/2026 05:00,6337.52,6844.52,233
J100003,25/06/2026 05:30,6337.89,6844.93,232
J100003,25/06/2026 06:00,6338.27,6845.33,221
J100003,25/06/2026 06:30,6338.64,6845.73,221
J100003,25/06/2026 07:00,6339.02,6846.14,224
J100003,25/06/2026 07:30,6339.39,6846.54,231
J100003,25/06/2026 08:00,6339.76,6846.94,223
J100003,25/06/2026 08:30,6340.14,6847.35,225
J100003,25/06/2026 09:00,6340.51,6847.75,239
J100003,25/06/2026 09:30,6340.88,6848.15,227
J100003,25/06/2026 10:00,6341.26,6848.56,232
J100003,25/06/2026 10:30,6341.63,6848.96,221
J100003,25/06/2026 11:00,6342,6849.36,233
J100003,25/06/2026 11:30,6342.38,6849.77,226
J100003,25/06/2026 12:00,6342.75,6850.17,229
J100003,25/06/2026 12:30,6343.13,6850.58,225
J100003,25/06/2026 13:00,6343.5,6850.98,222
J100003,25/06/2026 13:30,6343.87,6851.38,231
J100003,25/06/2026 14:00,6344.25,6851.79,238
J100003,25/06/2026 14:30,6344.62,6852.19,238
J100003,25/06/2026 15:00,6344.99,6852.59,237
J100003,25/06/2026 15:30,6345.37,6853,240
J100003,25/06/2026 16:00,6345.74,6853.4,232
J100003,25/06/2026 16:30,6346.11,6853.8,235
J100003,25/06/2026 17:00,6346.49,6854.21,223
J100003,25/06/2026 17:30,6346.86,6854.61,222
J100003,25/06/2026 18:00,6347.24,6855.01,223
J100003,25/06/2026 18:30,6347.61,6855.42,232
J100003,25/06/2026 19:00,6347.98,6855.82,229
J100003,25/06/2026 19:30,6348.36,6856.22,225
J100003,25/06/2026 20:00,6348.73,6856.63,236
J100003,25/06/2026 20:30,6349.1,6857.03,228
J100003,25/06/2026 21:00,6349.48,6857.43,228
J100003,25/06/2026 21:30,6349.85,6857.84,221
J100003,25/06/2026 22:00,6350.22,6858.24,240
J100003,25/06/2026 22:30,6350.6,6858.65,226
J100003,25/06/2026 23:00,6350.97,6859.05,232
J100003,25/06/2026 23:30,6351.34,6859.45,231
J100003,26/06/2026 00:00,6351.72,6859.86,222
J100003,26/06/2026 00:30,6352.09,6860.26,226
J100003,26/06/2026 01:00,6352.47,6860.66,231
J100003,26/06/2026 01:30,6352.84,6861.07,220
J100003,26/06/2026 02:00,6353.21,6861.47,233
J100003,26/06/2026 02:30,6353.59,6861.87,222
J100003,26/06/2026 03:00,6353.96,6862.28,239
J100003,26/06/2026 03:30,6354.33,6862.68,233
J100003,26/06/2026 04:00,6354.71,6863.08,221
J100003,26/06/2026 04:30,6355.08,6863.49,231
J100003,26/06/2026 05:00,6355.45,6863.89,238
J100003,26/06/2026 05:30,6355.83,6864.29,229
J100003,26/06/2026 06:00,6356.2,6864.7,240
J100003,26/06/2026 06:30,6356.58,6865.1,222
J100003,26/06/2026 07:00,6356.95,6865.51,222
J100003,26/06/2026 07:30,6357.32,6865.91,224
J100003,26/06/2026 08:00,6357.7,6866.31,235
J100003,26/06/2026 08:30,6358.07,6866.72,222
J100003,26/06/2026 09:00,6358.44,6867.12,224
J100003,26/06/2026 09:30,6358.82,6867.52,239
J100003,26/06/2026 10:00,6359.19,6867.93,231
J100003,26/06/2026 10:30,6359.56,6868.33,228
J100003,26/06/2026 11:00,6359.94,6868.73,238
J100003,26/06/2026 11:30,6360.31,6869.14,223
J100003,26/06/2026 12:00,6360.69,6869.54,233
J100003,26/06/2026 12:30,6361.06,6869.94,235
J100003,26/06/2026 13:00,6361.43,6870.35,226
J100003,26/06/2026 13:30,6361.81,6870.75,221
J100003,26/06/2026 14:00,6362.18,6871.15,223
J100003,26/06/2026 14:30,6362.55,6871.56,225
J100003,26/06/2026 15:00,6362.93,6871.96,233
J100003,26/06/2026 15:30,6363.3,6872.36,220
J100003,26/06/2026 16:00,6363.67,6872.77,223
J100003,26/06/2026 16:30,6364.05,6873.17,223
J100003,26/06/2026 17:00,6364.42,6873.58,231
J100003,26/06/2026 17:30,6364.8,6873.98,237
J100003,26/06/2026 18:00,6365.17,6874.38,232
J100003,26/06/2026 18:30,6365.54,6874.79,221
J100003,26/06/2026 19:00,6365.92,6875.19,226
J100003,26/06/2026 19:30,6366.29,6875.59,227
J100003,26/06/2026 20:00,6366.66,6876,228
J100003,26/06/2026 20:30,6367.04,6876.4,221
J100003,26/06/2026 21:00,6367.41,6876.8,238
J100003,26/06/2026 21:30,6367.78,6877.21,230
J100003,26/06/2026 22:00,6368.16,6877.61,221
J100003,26/06/2026 22:30,6368.53,6878.01,224
J100003,26/06/2026 23:00,6368.91,6878.42,221
J100003,26/06/2026 23:30,6369.28,6878.82,227
J100003,27/06/2026 00:00,6369.65,6879.22,240
J100003,27/06/2026 00:30,6370.03,6879.63,224
J100003,27/06/2026 01:00,6370.4,6880.03,227
J100003,27/06/2026 01:30,6370.77,6880.43,232
J100003,27/06/2026 02:00,6371.15,6880.84,227
J100003,27/06/2026 02:30,6371.52,6881.24,225
J100003,27/06/2026 03:00,6371.89,6881.65,220
J100003,27/06/2026 03:30,6372.27,6882.05,225
J100003,27/06/2026 04:00,6372.64,6882.45,238
J100003,27/06/2026 04:30,6373.01,6882.86,233
J100003,27/06/2026 05:00,6373.39,6883.26,239
J100003,27/06/2026 05:30,6373.76,6883.66,230
J100003,27/06/2026 06:00,6374.14,6884.07,240
J100003,27/06/2026 06:30,6374.51,6884.47,227
J100003,27/06/2026 07:00,6374.88,6884.87,228
J100003,27/06/2026 07:30,6375.26,6885.28,233
J100003,27/06/2026 08:00,6375.63,6885.68,238
J100003,27/06/2026 08:30,6376,6886.08,223
J100003,27/06/2026 09:00,6376.38,6886.49,223
J100003,27/06/2026 09:30,6376.75,6886.89,228
J100003,27/06/2026 10:00,6377.12,6887.29,224
J100003,27/06/2026 10:30,6377.5,6887.7,238
J100003,27/06/2026 11:00,6377.87,6888.1,233
J100003,27/06/2026 11:30,6378.25,6888.51,233
J100003,27/06/2026 12:00,6378.62,6888.91,235
J100003,27/06/2026 12:30,6378.99,6889.31,225
J100003,27/06/2026 13:00,6379.37,6889.72,220
J100003,27/06/2026 13:30,6379.74,6890.12,233
J100003,27/06/2026 14:00,6380.11,6890.52,234
J100003,27/06/2026 14:30,6380.49,6890.93,233
J100003,27/06/2026 15:00,6380.86,6891.33,223
J100003,27/06/2026 15:30,6381.23,6891.73,223
J100003,27/06/2026 16:00,6381.61,6892.14,226
J100003,27/06/2026 16:30,6381.98,6892.54,239
J100003,27/06/2026 17:00,6382.36,6892.94,227
J100003,27/06/2026 17:30,6382.73,6893.35,229
J100003,27/06/2026 18:00,6383.1,6893.75,232
J100003,27/06/2026 18:30,6383.48,6894.15,233
J100003,27/06/2026 19:00,6383.85,6894.56,234
J100003,27/06/2026 19:30,6384.22,6894.96,229
J100003,27/06/2026 20:00,6384.6,6895.36,223
J100003,27/06/2026 20:30,6384.97,6895.77,234
J100003,27/06/2026 21:00,6385.34,6896.17,234
J100003,27/06/2026 21:30,6385.72,6896.58,232
J100003,27/06/2026 22:00,6386.09,6896.98,220
J100003,27/06/2026 22:30,6386.47,6897.38,230
J100003,27/06/2026 23:00,6386.84,6897.79,222
J100003,27/06/2026 23:30,6387.21,6898.19,235
J100003,28/06/2026 00:00,6387.59,6898.59,228
J100003,28/06/2026 00:30,6387.96,6899,223
J100003,28/06/2026 01:00,6388.33,6899.4,233
J100003,28/06/2026 01:30,6388.71,6899.8,230
J100003,28/06/2026 02:00,6389.08,6900.21,229
J100003,28/06/2026 02:30,6389.45,6900.61,226
J100003,28/06/2026 03:00,6389.83,6901.01,226
J100003,28/06/2026 03:30,6390.2,6901.42,236
J100003,28/06/2026 04:00,6390.58,6901.82,227
J100003,28/06/2026 04:30,6390.95,6902.22,230
J100003,28/06/2026 05:00,6391.32,6902.63,225
J100003,28/06/2026 05:30,6391.7,6903.03,226
J100003,28/06/2026 06:00,6392.07,6903.44,237
J100003,28/06/2026 06:30,6392.44,6903.84,237
J100003,28/06/2026 07:00,6392.82,6904.24,235
J100003,28/06/2026 07:30,6393.19,6904.65,227
J100003,28/06/2026 08:00,6393.56,6905.05,225
J100003,28/06/2026 08:30,6393.94,6905.45,232
J100003,28/06/2026 09:00,6394.31,6905.86,240
J100003,28/06/2026 09:30,6394.68,6906.26,223
J100003,28/06/2026 10:00,6395.06,6906.66,222
J100003,28/06/2026 10:30,6395.43,6907.07,225
J100003,28/06/2026 11:00,6395.81,6907.47,238
J100003,28/06/2026 11:30,6396.18,6907.87,230
J100003,28/06/2026 12:00,6396.55,6908.28,233
J100003,28/06/2026 12:30,6396.93,6908.68,230
J100003,28/06/2026 13:00,6397.3,6909.08,234
J100003,28/06/2026 13:30,6397.67,6909.49,234
J100003,28/06/2026 14:00,6398.05,6909.89,236
J100003,28/06/2026 14:30,6398.42,6910.29,227
J100003,28/06/2026 15:00,6398.79,6910.7,240
J100003,28/06/2026 15:30,6399.17,6911.1,230
J100003,28/06/2026 16:00,6399.54,6911.51,229
J100003,28/06/2026 16:30,6399.92,6911.91,226
J100003,28/06/2026 17:00,6400.29,6912.31,229
J100003,28/06/2026 17:30,6400.66,6912.72,222
J100003,28/06/2026 18:00,6401.04,6913.12,238
J100003,28/06/2026 18:30,6401.41,6913.52,239
J100003,28/06/2026 19:00,6401.78,6913.93,236
J100003,28/06/2026 19:30,6402.16,6914.33,230
J100003,28/06/2026 20:00,6402.53,6914.73,224
J100003,28/06/2026 20:30,6402.9,6915.14,237
J100003,28/06/2026 21:00,6403.28,6915.54,232
J100003,28/06/2026 21:30,6403.65,6915.94,226
J100003,28/06/2026 22:00,6404.03,6916.35,232
J100003,28/06/2026 22:30,6404.4,6916.75,226
J100003,28/06/2026 23:00,6404.77,6917.15,231
J100003,28/06/2026 23:30,6405.15,6917.56,238
J100003,29/06/2026 00:00,6405.52,6917.96,220
J100003,29/06/2026 00:30,6405.89,6918.36,222
J100003,29/06/2026 01:00,6406.27,6918.77,223
J100003,29/06/2026 01:30,6406.64,6919.17,229
J100003,29/06/2026 02:00,6407.01,6919.58,226
J100003,29/06/2026 02:30,6407.39,6919.98,225
J100003,29/06/2026 03:00,6407.76,6920.38,239
J100003,29/06/2026 03:30,6408.14,6920.79,224
J100003,29/06/2026 04:00,6408.51,6921.19,226
J100003,29/06/2026 04:30,6408.88,6921.59,232
J100003,29/06/2026 05:00,6409.26,6922,221
J100003,29/06/2026 05:30,6409.63,6922.4,224
J100003,29/06/2026 06:00,6410,6922.8,231
J100003,29/06/2026 06:30,6410.38,6923.21,229
J100003,29/06/2026 07:00,6410.75,6923.61,226
J100003,29/06/2026 07:30,6411.12,6924.01,221
J100003,29/06/2026 08:00,6411.5,6924.42,225
J100003,29/06/2026 08:30,6411.87,6924.82,221
J100003,29/06/2026 09:00,6412.25,6925.22,227
J100003,29/06/2026 09:30,6412.62,6925.63,224
J100003,29/06/2026 10:00,6412.99,6926.03,223
J100003,29/06/2026 10:30,6413.37,6926.44,225
J100003,29/06/2026 11:00,6413.74,6926.84,232
J100003,29/06/2026 11:30,6414.11,6927.24,235
J100003,29/06/2026 12:00,6414.49,6927.65,227
J100003,29/06/2026 12:30,6414.86,6928.05,238
J100003,29/06/2026 13:00,6415.23,6928.45,221
J100003,29/06/2026 13:30,6415.61,6928.86,235
J100003,29/06/2026 14:00,6415.98,6929.26,232
J100003,29/06/2026 14:30,6416.35,6929.66,235
J100003,29/06/2026 15:00,6416.73,6930.07,229
J100003,29/06/2026 15:30,6417.1,6930.47,222
J100003,29/06/2026 16:00,6417.48,6930.87,230
J100003,29/06/2026 16:30,6417.85,6931.28,233
J100003,29/06/2026 17:00,6418.22,6931.68,235
J100003,29/06/2026 17:30,6418.6,6932.08,239
J100003,29/06/2026 18:00,6418.97,6932.49,232
J100003,29/06/2026 18:30,6419.34,6932.89,228
J100003,29/06/2026 19:00,6419.72,6933.29,234
J100003,29/06/2026 19:30,6420.09,6933.7,238
J100003,29/06/2026 20:00,6420.46,6934.1,233
J100003,29/06/2026 20:30,6420.84,6934.51,233
J100003,29/06/2026 21:00,6421.21,6934.91,225
J100003,29/06/2026 21:30,6421.59,6935.31,236
J100003,29/06/2026 22:00,6421.96,6935.72,227
J100003,29/06/2026 22:30,6422.33,6936.12,233
J100003,29/06/2026 23:00,6422.71,6936.52,222
J100003,29/06/2026 23:30,6423.08,6936.93,228
J100003,30/06/2026 00:00,6423.45,6937.33,231
J100003,30/06/2026 00:30,6423.83,6937.73,235
J100003,30/06/2026 01:00,6424.2,6938.14,229
J100003,30/06/2026 01:30,6424.57,6938.54,231
J100003,30/06/2026 02:00,6424.95,6938.94,238
J100003,30/06/2026 02:30,6425.32,6939.35,226
J100003,30/06/2026 03:00,6425.7,6939.75,229
J100003,30/06/2026 03:30,6426.07,6940.15,223
J100003,30/06/2026 04:00,6426.44,6940.56,225
J100003,30/06/2026 04:30,6426.82,6940.96,225
J100003,30/06/2026 05:00,6427.19,6941.37,240
J100003,30/06/2026 05:30,6427.56,6941.77,239
J100003,30/06/2026 06:00,6427.94,6942.17,237
J100003,30/06/2026 06:30,6428.31,6942.58,238
J100003,30/06/2026 07:00,6428.68,6942.98,230
J100003,30/06/2026 07:30,6429.06,6943.38,234
J100003,30/06/2026 08:00,6429.43,6943.79,234
J100003,30/06/2026 08:30,6429.81,6944.19,237
J100003,30/06/2026 09:00,6430.18,6944.59,226
J100003,30/06/2026 09:30,6430.55,6945,223
J100003,30/06/2026 10:00,6430.93,6945.4,236
J100003,30/06/2026 10:30,6431.3,6945.8,234
J100003,30/06/2026 11:00,6431.67,6946.21,236
J100003,30/06/2026 11:30,6432.05,6946.61,220
J100003,30/06/2026 12:00,6432.42,6947.01,233
J100003,30/06/2026 12:30,6432.79,6947.42,234
J100003,30/06/2026 13:00,6433.17,6947.82,239
J100003,30/06/2026 13:30,6433.54,6948.22,238
J100003,30/06/2026 14:00,6433.92,6948.63,232
J100003,30/06/2026 14:30,6434.29,6949.03,226
J100003,30/06/2026 15:00,6434.66,6949.44,232
J100003,30/06/2026 15:30,6435.04,6949.84,226
J100003,30/06/2026 16:00,6435.41,6950.24,222
J100003,30/06/2026 16:30,6435.78,6950.65,223
J100003,30/06/2026 17:00,6436.16,6951.05,236
J100003,30/06/2026 17:30,6436.53,6951.45,228
J100003,30/06/2026 18:00,6436.9,6951.86,235
J100003,30/06/2026 18:30,6437.28,6952.26,231
J100003,30/06/2026 19:00,6437.65,6952.66,239
J100003,30/06/2026 19:30,6438.02,6953.07,236
J100003,30/06/2026 20:00,6438.4,6953.47,228
J100003,30/06/2026 20:30,6438.77,6953.87,235
J100003,30/06/2026 21:00,6439.15,6954.28,229
J100003,30/06/2026 21:30,6439.52,6954.68,234
J100003,30/06/2026 22:00,6439.89,6955.08,224
J100003,30/06/2026 22:30,6440.27,6955.49,233
J100003,30/06/2026 23:00,6440.64,6955.89,231
J100003,30/06/2026 23:30,6441.01,6956.29,238
J100004,23/06/2026 23:30,20403.4,22035.67,239
J100004,24/06/2026 00:00,20403.61,22035.9,230
J100004,24/06/2026 00:30,20403.82,22036.13,227
J100004,24/06/2026 01:00,20404.04,22036.36,227
J100004,24/06/2026 01:30,20404.25,22036.59,225
J100004,24/06/2026 02:00,20404.46,22036.82,232
J100004,24/06/2026 02:30,20404.67,22037.04,227
J100004,24/06/2026 03:00,20404.88,22037.27,229
J100004,24/06/2026 03:30,20405.09,22037.5,231
J100004,24/06/2026 04:00,20405.3,22037.73,231
J100004,24/06/2026 04:30,20405.52,22037.96,236
J100004,24/06/2026 05:00,20405.73,22038.19,227
J100004,24/06/2026 05:30,20405.94,22038.41,230
J100004,24/06/2026 06:00,20406.15,22038.64,238
J100004,24/06/2026 06:30,20406.36,22038.87,237
J100004,24/06/2026 07:00,20406.57,22039.1,232
J100004,24/06/2026 07:30,20406.78,22039.33,233
J100004,24/06/2026 08:00,20407,22039.56,223
J100004,24/06/2026 08:30,20407.21,22039.78,239
J100004,24/06/2026 09:00,20407.42,22040.01,230
J100004,24/06/2026 09:30,20407.63,22040.24,223
J100004,24/06/2026 10:00,20407.84,22040.47,236
J100004,24/06/2026 10:30,20408.05,22040.7,223
J100004,24/06/2026 11:00,20408.26,22040.93,226
J100004,24/06/2026 11:30,20408.48,22041.15,227
J100004,24/06/2026 12:00,20408.69,22041.38,226
J100004,24/06/2026 12:30,20408.9,22041.61,238
J100004,24/06/2026 13:00,20409.11,22041.84,237
J100004,24/06/2026 13:30,20409.32,22042.07,236
J100004,24/06/2026 14:00,20409.53,22042.3,238
J100004,24/06/2026 14:30,20409.74,22042.52,221
J100004,24/06/2026 15:00,20409.96,22042.75,224
J100004,24/06/2026 15:30,20410.17,22042.98,227
J100004,24/06/2026 16:00,20410.38,22043.21,238
J100004,24/06/2026 16:30,20410.59,22043.44,238
J100004,24/06/2026 17:00,20410.8,22043.67,233
J100004,24/06/2026 17:30,20411.01,22043.89,237
J100004,24/06/2026 18:00,20411.22,22044.12,221
J100004,24/06/2026 18:30,20411.44,22044.35,238
J100004,24/06/2026 19:00,20411.65,22044.58,230
J100004,24/06/2026 19:30,20411.86,22044.81,223
J100004,24/06/2026 20:00,20412.07,22045.04,231
J100004,24/06/2026 20:30,20412.28,22045.26,229
J100004,24/06/2026 21:00,20412.49,22045.49,227
J100004,24/06/2026 21:30,20412.7,22045.72,224
J100004,24/06/2026 22:00,20412.92,22045.95,224
J100004,24/06/2026 22:30,20413.13,22046.18,226
J100004,24/06/2026 23:00,20413.34,22046.41,238
J100004,24/06/2026 23:30,20413.55,22046.63,229
J100004,25/06/2026 00:00,20413.76,22046.86,229
J100004,25/06/2026 00:30,20413.97,22047.09,228
J100004,25/06/2026 01:00,20414.18,22047.32,223
J100004,25/06/2026 01:30,20414.4,22047.55,230
J100004,25/06/2026 02:00,20414.61,22047.78,239
J100004,25/06/2026 02:30,20414.82,22048,220
J100004,25/06/2026 03:00,20415.03,22048.23,240
J100004,25/06/2026 03:30,20415.24,22048.46,230
J100004,25/06/2026 04:00,20415.45,22048.69,223
J100004,25/06/2026 04:30,20415.66,22048.92,222
J100004,25/06/2026 05:00,20415.88,22049.15,224
J100004,25/06/2026 05:30,20416.09,22049.37,228
J100004,25/06/2026 06:00,20416.3,22049.6,240
J100004,25/06/2026 06:30,20416.51,22049.83,231
J100004,25/06/2026 07:00,20416.72,22050.06,230
J100004,25/06/2026 07:30,20416.93,22050.29,221
J100004,25/06/2026 08:00,20417.14,22050.52,228
J100004,25/06/2026 08:30,20417.36,22050.74,232
J100004,25/06/2026 09:00,20417.57,22050.97,233
J100004,25/06/2026 09:30,20417.78,22051.2,232
J100004,25/06/2026 10:00,20417.99,22051.43,227
J100004,25/06/2026 10:30,20418.2,22051.66,225
J100004,25/06/2026 11:00,20418.41,22051.89,232
J100004,25/06/2026 11:30,20418.62,22052.11,224
J100004,25/06/2026 12:00,20418.84,22052.34,225
J100004,25/06/2026 12:30,20419.05,22052.57,227
J100004,25/06/2026 13:00,20419.26,22052.8,223
J100004,25/06/2026 13:30,20419.47,22053.03,240
J100004,25/06/2026 14:00,20419.68,22053.26,238
J100004,25/06/2026 14:30,20419.89,22053.48,225
J100004,25/06/2026 15:00,20420.1,22053.71,226
J100004,25/06/2026 15:30,20420.32,22053.94,227
J100004,25/06/2026 16:00,20420.53,22054.17,239
J100004,25/06/2026 16:30,20420.74,22054.4,233
J100004,25/06/2026 17:00,20420.95,22054.63,227
J100004,25/06/2026 17:30,20421.16,22054.85,226
J100004,25/06/2026 18:00,20421.37,22055.08,231
J100004,25/06/2026 18:30,20421.58,22055.31,236
J100004,25/06/2026 19:00,20421.8,22055.54,235
J100004,25/06/2026 19:30,20422.01,22055.77,233
J100004,25/06/2026 20:00,20422.22,22056,230
J100004,25/06/2026 20:30,20422.43,22056.22,221
J100004,25/06/2026 21:00,20422.64,22056.45,238
J100004,25/06/2026 21:30,20422.85,22056.68,230
J100004,25/06/2026 22:00,20423.06,22056.91,235
J100004,25/06/2026 22:30,20423.28,22057.14,222
J100004,25/06/2026 23:00,20423.49,22057.37,225
J100004,25/06/2026 23:30,20423.7,22057.59,220
J100004,26/06/2026 00:00,20423.91,22057.82,229
J100004,26/06/2026 00:30,20424.12,22058.05,240
J100004,26/06/2026 01:00,20424.33,22058.28,229
J100004,26/06/2026 01:30,20424.54,22058.51,233
J100004,26/06/2026 02:00,20424.76,22058.74,234
J100004,26/06/2026 02:30,20424.97,22058.96,240
J100004,26/06/2026 03:00,20425.18,22059.19,232
J100004,26/06/2026 03:30,20425.39,22059.42,220
J100004,26/06/2026 04:00,20425.6,22059.65,227
J100004,26/06/2026 04:30,20425.81,22059.88,227
J100004,26/06/2026 05:00,20426.02,22060.11,223
J100004,26/06/2026 05:30,20426.23,22060.33,232
J100004,26/06/2026 06:00,20426.45,22060.56,220
J100004,26/06/2026 06:30,20426.66,22060.79,229
J100004,26/06/2026 07:00,20426.87,22061.02,227
J100004,26/06/2026 07:30,20427.08,22061.25,224
J100004,26/06/2026 08:00,20427.29,22061.48,231
J100004,26/06/2026 08:30,20427.5,22061.7,227
J100004,26/06/2026 09:00,20427.71,22061.93,225
J100004,26/06/2026 09:30,20427.93,22062.16,226
J100004,26/06/2026 10:00,20428.14,22062.39,229
J100004,26/06/2026 10:30,20428.35,22062.62,225
J100004,26/06/2026 11:00,20428.56,22062.85,231
J100004,26/06/2026 11:30,20428.77,22063.07,236
J100004,26/06/2026 12:00,20428.98,22063.3,238
J100004,26/06/2026 12:30,20429.19,22063.53,237
J100004,26/06/2026 13:00,20429.41,22063.76,234
J100004,26/06/2026 13:30,20429.62,22063.99,226
J100004,26/06/2026 14:00,20429.83,22064.22,235
J100004,26/06/2026 14:30,20430.04,22064.44,221
J100004,26/06/2026 15:00,20430.25,22064.67,227
J100004,26/06/2026 15:30,20430.46,22064.9,236
J100004,26/06/2026 16:00,20430.67,22065.13,220
J100004,26/06/2026 16:30,20430.89,22065.36,222
J100004,26/06/2026 17:00,20431.1,22065.59,226
J100004,26/06/2026 17:30,20431.31,22065.81,225
J100004,26/06/2026 18:00,20431.52,22066.04,235
J100004,26/06/2026 18:30,20431.73,22066.27,231
J100004,26/06/2026 19:00,20431.94,22066.5,237
J100004,26/06/2026 19:30,20432.15,22066.73,233
J100004,26/06/2026 20:00,20432.37,22066.96,233
J100004,26/06/2026 20:30,20432.58,22067.18,230
J100004,26/06/2026 21:00,20432.79,22067.41,233
J100004,26/06/2026 21:30,20433,22067.64,221
J100004,26/06/2026 22:00,20433.21,22067.87,227
J100004,26/06/2026 22:30,20433.42,22068.1,222
J100004,26/06/2026 23:00,20433.63,22068.33,227
J100004,26/06/2026 23:30,20433.85,22068.55,223
J100004,27/06/2026 00:00,20434.06,22068.78,233
J100004,27/06/2026 00:30,20434.27,22069.01,237
J100004,27/06/2026 01:00,20434.48,22069.24,235
J100004,27/06/2026 01:30,20434.69,22069.47,233
J100004,27/06/2026 02:00,20434.9,22069.7,224
J100004,27/06/2026 02:30,20435.11,22069.92,228
J100004,27/06/2026 03:00,20435.33,22070.15,235
J100004,27/06/2026 03:30,20435.54,22070.38,233
J100004,27/06/2026 04:00,20435.75,22070.61,228
J100004,27/06/2026 04:30,20435.96,22070.84,223
J100004,27/06/2026 05:00,20436.17,22071.07,235
J100004,27/06/2026 05:30,20436.38,22071.29,225
J100004,27/06/2026 06:00,20436.59,22071.52,238
J100004,27/06/2026 06:30,20436.81,22071.75,222
J100004,27/06/2026 07:00,20437.02,22071.98,225
J100004,27/06/2026 07:30,20437.23,22072.21,221
J100004,27/06/2026 08:00,20437.44,22072.44,238
J100004,27/06/2026 08:30,20437.65,22072.66,224
J100004,27/06/2026 09:00,20437.86,22072.89,232
J100004,27/06/2026 09:30,20438.07,22073.12,227
J100004,27/06/2026 10:00,20438.29,22073.35,226
J100004,27/06/2026 10:30,20438.5,22073.58,230
J100004,27/06/2026 11:00,20438.71,22073.81,235
J100004,27/06/2026 11:30,20438.92,22074.03,221
J100004,27/06/2026 12:00,20439.13,22074.26,226
J100004,27/06/2026 12:30,20439.34,22074.49,222
J100004,27/06/2026 13:00,20439.55,22074.72,228
J100004,27/06/2026 13:30,20439.77,22074.95,229
J100004,27/06/2026 14:00,20439.98,22075.18,234
J100004,27/06/2026 14:30,20440.19,22075.4,224
J100004,27/06/2026 15:00,20440.4,22075.63,225
J100004,27/06/2026 15:30,20440.61,22075.86,237
J100004,27/06/2026 16:00,20440.82,22076.09,223
J100004,27/06/2026 16:30,20441.03,22076.32,227
J100004,27/06/2026 17:00,20441.25,22076.55,233
J100004,27/06/2026 17:30,20441.46,22076.77,231
J100004,27/06/2026 18:00,20441.67,22077,223
J100004,27/06/2026 18:30,20441.88,22077.23,224
J100004,27/06/2026 19:00,20442.09,22077.46,228
J100004,27/06/2026 19:30,20442.3,22077.69,225
J100004,27/06/2026 20:00,20442.51,22077.91,226
J100004,27/06/2026 20:30,20442.73,22078.14,234
J100004,27/06/2026 21:00,20442.94,22078.37,229
J100004,27/06/2026 21:30,20443.15,22078.6,226
J100004,27/06/2026 22:00,20443.36,22078.83,234
J100004,27/06/2026 22:30,20443.57,22079.06,222
J100004,27/06/2026 23:00,20443.78,22079.28,229
J100004,27/06/2026 23:30,20443.99,22079.51,235
J100004,28/06/2026 00:00,20444.21,22079.74,223
J100004,28/06/2026 00:30,20444.42,22079.97,224
J100004,28/06/2026 01:00,20444.63,22080.2,228
J100004,28/06/2026 01:30,20444.84,22080.43,232
J100004,28/06/2026 02:00,20445.05,22080.65,235
J100004,28/06/2026 02:30,20445.26,22080.88,231
J100004,28/06/2026 03:00,20445.47,22081.11,223
J100004,28/06/2026 03:30,20445.69,22081.34,222
J100004,28/06/2026 04:00,20445.9,22081.57,227
J100004,28/06/2026 04:30,20446.11,22081.8,226
J100004,28/06/2026 05:00,20446.32,22082.02,222
J100004,28/06/2026 05:30,20446.53,22082.25,234
J100004,28/06/2026 06:00,20446.74,22082.48,232
J100004,28/06/2026 06:30,20446.95,22082.71,220
J100004,28/06/2026 07:00,20447.17,22082.94,238
J100004,28/06/2026 07:30,20447.38,22083.17,233
J100004,28/06/2026 08:00,20447.59,22083.39,226
J100004,28/06/2026 08:30,20447.8,22083.62,239
J100004,28/06/2026 09:00,20448.01,22083.85,239
J100004,28/06/2026 09:30,20448.22,22084.08,232
J100004,28/06/2026 10:00,20448.43,22084.31,226
J100004,28/06/2026 10:30,20448.64,22084.54,236
J100004,28/06/2026 11:00,20448.86,22084.76,232
J100004,28/06/2026 11:30,20449.07,22084.99,223
J100004,28/06/2026 12:00,20449.28,22085.22,227
J100004,28/06/2026 12:30,20449.49,22085.45,232
J100004,28/06/2026 13:00,20449.7,22085.68,239
J100004,28/06/2026 13:30,20449.91,22085.91,236
J100004,28/06/2026 14:00,20450.12,22086.13,238
J100004,28/06/2026 14:30,20450.34,22086.36,223
J100004,28/06/2026 15:00,20450.55,22086.59,225
J100004,28/06/2026 15:30,20450.76,22086.82,228
J100004,28/06/2026 16:00,20450.97,22087.05,227
J100004,28/06/2026 16:30,20451.18,22087.28,225
J100004,28/06/2026 17:00,20451.39,22087.5,222
J100004,28/06/2026 17:30,20451.6,22087.73,235
J100004,28/06/2026 18:00,20451.82,22087.96,223
J100004,28/06/2026 18:30,20452.03,22088.19,235
J100004,28/06/2026 19:00,20452.24,22088.42,234
J100004,28/06/2026 19:30,20452.45,22088.65,233
J100004,28/06/2026 20:00,20452.66,22088.87,230
J100004,28/06/2026 20:30,20452.87,22089.1,226
J100004,28/06/2026 21:00,20453.08,22089.33,230
J100004,28/06/2026 21:30,20453.3,22089.56,223
J100004,28/06/2026 22:00,20453.51,22089.79,237
J100004,28/06/2026 22:30,20453.72,22090.02,235
J100004,28/06/2026 23:00,20453.93,22090.24,238
J100004,28/06/2026 23:30,20454.14,22090.47,230
J100004,29/06/2026 00:00,20454.35,22090.7,225
J100004,29/06/2026 00:30,20454.56,22090.93,224
J100004,29/06/2026 01:00,20454.78,22091.16,230
J100004,29/06/2026 01:30,20454.99,22091.39,231
J100004,29/06/2026 02:00,20455.2,22091.61,229
J100004,29/06/2026 02:30,20455.41,22091.84,222
J100004,29/06/2026 03:00,20455.62,22092.07,222
J100004,29/06/2026 03:30,20455.83,22092.3,237
J100004,29/06/2026 04:00,20456.04,22092.53,222
J100004,29/06/2026 04:30,20456.26,22092.76,239
J100004,29/06/2026 05:00,20456.47,22092.98,223
J100004,29/06/2026 05:30,20456.68,22093.21,222
J100004,29/06/2026 06:00,20456.89,22093.44,238
J100004,29/06/2026 06:30,20457.1,22093.67,237
J100004,29/06/2026 07:00,20457.31,22093.9,231
J100004,29/06/2026 07:30,20457.52,22094.13,237
J100004,29/06/2026 08:00,20457.74,22094.35,231
J100004,29/06/2026 08:30,20457.95,22094.58,240
J100004,29/06/2026 09:00,20458.16,22094.81,231
J100004,29/06/2026 09:30,20458.37,22095.04,226
J100004,29/06/2026 10:00,20458.58,22095.27,228
J100004,29/06/2026 10:30,20458.79,22095.5,221
J100004,29/06/2026 11:00,20459,22095.72,237
J100004,29/06/2026 11:30,20459.22,22095.95,239
J100004,29/06/2026 12:00,20459.43,22096.18,230
J100004,29/06/2026 12:30,20459.64,22096.41,230
J100004,29/06/2026 13:00,20459.85,22096.64,227
J100004,29/06/2026 13:30,20460.06,22096.87,221
J100004,29/06/2026 14:00,20460.27,22097.09,238
J100004,29/06/2026 14:30,20460.48,22097.32,239
J100004,29/06/2026 15:00,20460.7,22097.55,224
J100004,29/06/2026 15:30,20460.91,22097.78,224
J100004,29/06/2026 16:00,20461.12,22098.01,222
J100004,29/06/2026 16:30,20461.33,22098.24,238
J100004,29/06/2026 17:00,20461.54,22098.46,233
J100004,29/06/2026 17:30,20461.75,22098.69,233
J100004,29/06/2026 18:00,20461.96,22098.92,236
J100004,29/06/2026 18:30,20462.18,22099.15,222
J100004,29/06/2026 19:00,20462.39,22099.38,229
J100004,29/06/2026 19:30,20462.6,22099.61,220
J100004,29/06/2026 20:00,20462.81,22099.83,237
J100004,29/06/2026 20:30,20463.02,22100.06,238
J100004,29/06/2026 21:00,20463.23,22100.29,237
J100004,29/06/2026 21:30,20463.44,22100.52,228
J100004,29/06/2026 22:00,20463.66,22100.75,236
J100004,29/06/2026 22:30,20463.87,22100.98,234
J100004,29/06/2026 23:00,20464.08,22101.2,237
J100004,29/06/2026 23:30,20464.29,22101.43,225
J100004,30/06/2026 00:00,20464.5,22101.66,237
J100004,30/06/2026 00:30,20464.71,22101.89,232
J100004,30/06/2026 01:00,20464.92,22102.12,229
J100004,30/06/2026 01:30,20465.14,22102.35,234
J100004,30/06/2026 02:00,20465.35,22102.57,220
J100004,30/06/2026 02:30,20465.56,22102.8,237
J100004,30/06/2026 03:00,20465.77,22103.03,220
J100004,30/06/2026 03:30,20465.98,22103.26,227
J100004,30/06/2026 04:00,20466.19,22103.49,228
J100004,30/06/2026 04:30,20466.4,22103.72,231
J100004,30/06/2026 05:00,20466.62,22103.94,237
J100004,30/06/2026 05:30,20466.83,22104.17,228
J100004,30/06/2026 06:00,20467.04,22104.4,225
J100004,30/06/2026 06:30,20467.25,22104.63,230
J100004,30/06/2026 07:00,20467.46,22104.86,228
J100004,30/06/2026 07:30,20467.67,22105.09,220
J100004,30/06/2026 08:00,20467.88,22105.31,233
J100004,30/06/2026 08:30,20468.1,22105.54,225
J100004,30/06/2026 09:00,20468.31,22105.77,221
J100004,30/06/2026 09:30,20468.52,22106,225
J100004,30/06/2026 10:00,20468.73,22106.23,234
J100004,30/06/2026 10:30,20468.94,22106.46,226
J100004,30/06/2026 11:00,20469.15,22106.68,229
J100004,30/06/2026 11:30,20469.36,22106.91,224
J100004,30/06/2026 12:00,20469.58,22107.14,237
J100004,30/06/2026 12:30,20469.79,22107.37,230
J100004,30/06/2026 13:00,20470,22107.6,220
J100004,30/06/2026 13:30,20470.21,22107.83,225
J100004,30/06/2026 14:00,20470.42,22108.05,230
J100004,30/06/2026 14:30,20470.63,22108.28,226
J100004,30/06/2026 15:00,20470.84,22108.51,227
J100004,30/06/2026 15:30,20471.05,22108.74,223
J100004,30/06/2026 16:00,20471.27,22108.97,240
J100004,30/06/2026 16:30,20471.48,22109.2,230
J100004,30/06/2026 17:00,20471.69,22109.42,237
J100004,30/06/2026 17:30,20471.9,22109.65,236
J100004,30/06/2026 18:00,20472.11,22109.88,225
J100004,30/06/2026 18:30,20472.32,22110.11,231
J100004,30/06/2026 19:00,20472.53,22110.34,227
J100004,30/06/2026 19:30,20472.75,22110.57,229
J100004,30/06/2026 20:00,20472.96,22110.79,220
J100004,30/06/2026 20:30,20473.17,22111.02,231
J100004,30/06/2026 21:00,20473.38,22111.25,238
J100004,30/06/2026 21:30,20473.59,22111.48,227
J100004,30/06/2026 22:00,20473.8,22111.71,229
J100004,30/06/2026 22:30,20474.01,22111.94,236
J100004,30/06/2026 23:00,20474.23,22112.16,231
J100004,30/06/2026 23:30,20474.44,22112.39,220
J100005,23/06/2026 23:30,3662.84,3955.87,221
J100005,24/06/2026 00:00,3663.17,3956.22,223
J100005,24/06/2026 00:30,3663.5,3956.58,233
J100005,24/06/2026 01:00,3663.83,3956.94,235
J100005,24/06/2026 01:30,3664.16,3957.29,234
J100005,24/06/2026 02:00,3664.49,3957.65,235
J100005,24/06/2026 02:30,3664.82,3958,229
J100005,24/06/2026 03:00,3665.15,3958.36,226
J100005,24/06/2026 03:30,3665.48,3958.72,240
J100005,24/06/2026 04:00,3665.81,3959.07,236
J100005,24/06/2026 04:30,3666.14,3959.43,221
J100005,24/06/2026 05:00,3666.47,3959.78,239
J100005,24/06/2026 05:30,3666.8,3960.14,223
J100005,24/06/2026 06:00,3667.13,3960.5,239
J100005,24/06/2026 06:30,3667.46,3960.85,221
J100005,24/06/2026 07:00,3667.78,3961.21,230
J100005,24/06/2026 07:30,3668.11,3961.56,220
J100005,24/06/2026 08:00,3668.44,3961.92,237
J100005,24/06/2026 08:30,3668.77,3962.28,227
J100005,24/06/2026 09:00,3669.1,3962.63,236
J100005,24/06/2026 09:30,3669.43,3962.99,235
J100005,24/06/2026 10:00,3669.76,3963.34,237
J100005,24/06/2026 10:30,3670.09,3963.7,236
J100005,24/06/2026 11:00,3670.42,3964.05,232
J100005,24/06/2026 11:30,3670.75,3964.41,233
J100005,24/06/2026 12:00,3671.08,3964.77,229
J100005,24/06/2026 12:30,3671.41,3965.12,240
J100005,24/06/2026 13:00,3671.74,3965.48,239
J100005,24/06/2026 13:30,3672.07,3965.83,235
J100005,24/06/2026 14:00,3672.4,3966.19,222
J100005,24/06/2026 14:30,3672.73,3966.55,233
J100005,24/06/2026 15:00,3673.06,3966.9,230
J100005,24/06/2026 15:30,3673.39,3967.26,226
J100005,24/06/2026 16:00,3673.72,3967.61,223
J100005,24/06/2026 16:30,3674.05,3967.97,234
J100005,24/06/2026 17:00,3674.38,3968.33,227
J100005,24/06/2026 17:30,3674.71,3968.68,228
J100005,24/06/2026 18:00,3675.04,3969.04,233
J100005,24/06/2026 18:30,3675.36,3969.39,233
J100005,24/06/2026 19:00,3675.69,3969.75,220
J100005,24/06/2026 19:30,3676.02,3970.11,226
J100005,24/06/2026 20:00,3676.35,3970.46,239
J100005,24/06/2026 20:30,3676.68,3970.82,239
J100005,24/06/2026 21:00,3677.01,3971.17,236
J100005,24/06/2026 21:30,3677.34,3971.53,220
J100005,24/06/2026 22:00,3677.67,3971.89,225
J100005,24/06/2026 22:30,3678,3972.24,222
J100005,24/06/2026 23:00,3678.33,3972.6,221
J100005,24/06/2026 23:30,3678.66,3972.95,221
J100005,25/06/2026 00:00,3678.99,3973.31,234
J100005,25/06/2026 00:30,3679.32,3973.67,230
J100005,25/06/2026 01:00,3679.65,3974.02,231
J100005,25/06/2026 01:30,3679.98,3974.38,228
J100005,25/06/2026 02:00,3680.31,3974.73,226
J100005,25/06/2026 02:30,3680.64,3975.09,233
J100005,25/06/2026 03:00,3680.97,3975.44,225
J100005,25/06/2026 03:30,3681.3,3975.8,240
J100005,25/06/2026 04:00,3681.63,3976.16,223
J100005,25/06/2026 04:30,3681.96,3976.51,222
J100005,25/06/2026 05:00,3682.29,3976.87,224
J100005,25/06/2026 05:30,3682.62,3977.22,220
J100005,25/06/2026 06:00,3682.94,3977.58,235
J100005,25/06/2026 06:30,3683.27,3977.94,240
J100005,25/06/2026 07:00,3683.6,3978.29,222
J100005,25/06/2026 07:30,3683.93,3978.65,235
J100005,25/06/2026 08:00,3684.26,3979,229
J100005,25/06/2026 08:30,3684.59,3979.36,224
J100005,25/06/2026 09:00,3684.92,3979.72,221
J100005,25/06/2026 09:30,3685.25,3980.07,233
J100005,25/06/2026 10:00,3685.58,3980.43,223
J100005,25/06/2026 10:30,3685.91,3980.78,237
J100005,25/06/2026 11:00,3686.24,3981.14,234
J100005,25/06/2026 11:30,3686.57,3981.5,239
J100005,25/06/2026 12:00,3686.9,3981.85,235
J100005,25/06/2026 12:30,3687.23,3982.21,232
J100005,25/06/2026 13:00,3687.56,3982.56,232
J100005,25/06/2026 13:30,3687.89,3982.92,226
J100005,25/06/2026 14:00,3688.22,3983.28,239
J100005,25/06/2026 14:30,3688.55,3983.63,233
J100005,25/06/2026 15:00,3688.88,3983.99,227
J100005,25/06/2026 15:30,3689.21,3984.34,230
J100005,25/06/2026 16:00,3689.54,3984.7,229
J100005,25/06/2026 16:30,3689.87,3985.05,226
J100005,25/06/2026 17:00,3690.2,3985.41,227
J100005,25/06/2026 17:30,3690.52,3985.77,233
J100005,25/06/2026 18:00,3690.85,3986.12,222
J100005,25/06/2026 18:30,3691.18,3986.48,231
J100005,25/06/2026 19:00,3691.51,3986.83,221
J100005,25/06/2026 19:30,3691.84,3987.19,236
J100005,25/06/2026 20:00,3692.17,3987.55,222
J100005,25/06/2026 20:30,3692.5,3987.9,220
J100005,25/06/2026 21:00,3692.83,3988.26,226
J100005,25/06/2026 21:30,3693.16,3988.61,226
J100005,25/06/2026 22:00,3693.49,3988.97,225
J100005,25/06/2026 22:30,3693.82,3989.33,221
J100005,25/06/2026 23:00,3694.15,3989.68,221
J100005,25/06/2026 23:30,3694.48,3990.04,225
J100005,26/06/2026 00:00,3694.81,3990.39,222
J100005,26/06/2026 00:30,3695.14,3990.75,239
J100005,26/06/2026 01:00,3695.47,3991.11,239
J100005,26/06/2026 01:30,3695.8,3991.46,234
J100005,26/06/2026 02:00,3696.13,3991.82,237
J100005,26/06/2026 02:30,3696.46,3992.17,236
J100005,26/06/2026 03:00,3696.79,3992.53,226
J100005,26/06/2026 03:30,3697.12,3992.89,239
J100005,26/06/2026 04:00,3697.45,3993.24,225
J100005,26/06/2026 04:30,3697.78,3993.6,225
J100005,26/06/2026 05:00,3698.1,3993.95,230
J100005,26/06/2026 05:30,3698.43,3994.31,231
J100005,26/06/2026 06:00,3698.76,3994.67,227
J100005,26/06/2026 06:30,3699.09,3995.02,234
J100005,26/06/2026 07:00,3699.42,3995.38,227
J100005,26/06/2026 07:30,3699.75,3995.73,238
J100005,26/06/2026 08:00,3700.08,3996.09,220
J100005,26/06/2026 08:30,3700.41,3996.44,221
J100005,26/06/2026 09:00,3700.74,3996.8,230
J100005,26/06/2026 09:30,3701.07,3997.16,229
J100005,26/06/2026 10:00,3701.4,3997.51,230
J100005,26/06/2026 10:30,3701.73,3997.87,229
J100005,26/06/2026 11:00,3702.06,3998.22,225
J100005,26/06/2026 11:30,3702.39,3998.58,230
J100005,26/06/2026 12:00,3702.72,3998.94,231
J100005,26/06/2026 12:30,3703.05,3999.29,226
J100005,26/06/2026 13:00,3703.38,3999.65,235
J100005,26/06/2026 13:30,3703.71,4000,234
J100005,26/06/2026 14:00,3704.04,4000.36,233
J100005,26/06/2026 14:30,3704.37,4000.72,222
J100005,26/06/2026 15:00,3704.7,4001.07,225
J100005,26/06/2026 15:30,3705.03,4001.43,224
J100005,26/06/2026 16:00,3705.36,4001.78,231
J100005,26/06/2026 16:30,3705.68,4002.14,238
J100005,26/06/2026 17:00,3706.01,4002.5,238
J100005,26/06/2026 17:30,3706.34,4002.85,233
J100005,26/06/2026 18:00,3706.67,4003.21,220
J100005,26/06/2026 18:30,3707,4003.56,236
J100005,26/06/2026 19:00,3707.33,4003.92,240
J100005,26/06/2026 19:30,3707.66,4004.28,221
J100005,26/06/2026 20:00,3707.99,4004.63,227
J100005,26/06/2026 20:30,3708.32,4004.99,233
J100005,26/06/2026 21:00,3708.65,4005.34,228
J100005,26/06/2026 21:30,3708.98,4005.7,229
J100005,26/06/2026 22:00,3709.31,4006.05,229
J100005,26/06/2026 22:30,3709.64,4006.41,233
J100005,26/06/2026 23:00,3709.97,4006.77,230
J100005,26/06/2026 23:30,3710.3,4007.12,228
J100005,27/06/2026 00:00,3710.63,4007.48,223
J100005,27/06/2026 00:30,3710.96,4007.83,239
J100005,27/06/2026 01:00,3711.29,4008.19,221
J100005,27/06/2026 01:30,3711.62,4008.55,225
J100005,27/06/2026 02:00,3711.95,4008.9,226
J100005,27/06/2026 02:30,3712.28,4009.26,231
J100005,27/06/2026 03:00,3712.61,4009.61,232
J100005,27/06/2026 03:30,3712.94,4009.97,239
J100005,27/06/2026 04:00,3713.26,4010.33,232
J100005,27/06/2026 04:30,3713.59,4010.68,232
J100005,27/06/2026 05:00,3713.92,4011.04,222
J100005,27/06/2026 05:30,3714.25,4011.39,232
J100005,27/06/2026 06:00,3714.58,4011.75,224
J100005,27/06/2026 06:30,3714.91,4012.11,233
J100005,27/06/2026 07:00,3715.24,4012.46,220
J100005,27/06/2026 07:30,3715.57,4012.82,222
J100005,27/06/2026 08:00,3715.9,4013.17,232
J100005,27/06/2026 08:30,3716.23,4013.53,237
J100005,27/06/2026 09:00,3716.56,4013.89,238
J100005,27/06/2026 09:30,3716.89,4014.24,229
J100005,27/06/2026 10:00,3717.22,4014.6,229
J100005,27/06/2026 10:30,3717.55,4014.95,227
J100005,27/06/2026 11:00,3717.88,4015.31,228
J100005,27/06/2026 11:30,3718.21,4015.67,235
J100005,27/06/2026 12:00,3718.54,4016.02,236
J100005,27/06/2026 12:30,3718.87,4016.38,225
J100005,27/06/2026 13:00,3719.2,4016.73,229
J100005,27/06/2026 13:30,3719.53,4017.09,232
J100005,27/06/2026 14:00,3719.86,4017.44,233
J100005,27/06/2026 14:30,3720.19,4017.8,221
J100005,27/06/2026 15:00,3720.52,4018.16,226
J100005,27/06/2026 15:30,3720.84,4018.51,230
J100005,27/06/2026 16:00,3721.17,4018.87,232
J100005,27/06/2026 16:30,3721.5,4019.22,233
J100005,27/06/2026 17:00,3721.83,4019.58,228
J100005,27/06/2026 17:30,3722.16,4019.94,225
J100005,27/06/2026 18:00,3722.49,4020.29,226
J100005,27/06/2026 18:30,3722.82,4020.65,236
J100005,27/06/2026 19:00,3723.15,4021,230
J100005,27/06/2026 19:30,3723.48,4021.36,230
J100005,27/06/2026 20:00,3723.81,4021.72,226
J100005,27/06/2026 20:30,3724.14,4022.07,233
J100005,27/06/2026 21:00,3724.47,4022.43,233
J100005,27/06/2026 21:30,3724.8,4022.78,223
J100005,27/06/2026 22:00,3725.13,4023.14,236
J100005,27/06/2026 22:30,3725.46,4023.5,233
J100005,27/06/2026 23:00,3725.79,4023.85,222
J100005,27/06/2026 23:30,3726.12,4024.21,225
J100005,28/06/2026 00:00,3726.45,4024.56,231
J100005,28/06/2026 00:30,3726.78,4024.92,229
J100005,28/06/2026 01:00,3727.11,4025.28,220
J100005,28/06/2026 01:30,3727.44,4025.63,233
J100005,28/06/2026 02:00,3727.77,4025.99,227
J100005,28/06/2026 02:30,3728.1,4026.34,221
J100005,28/06/2026 03:00,3728.42,4026.7,235
J100005,28/06/2026 03:30,3728.75,4027.05,225
J100005,28/06/2026 04:00,3729.08,4027.41,220
J100005,28/06/2026 04:30,3729.41,4027.77,238
J100005,28/06/2026 05:00,3729.74,4028.12,238
J100005,28/06/2026 05:30,3730.07,4028.48,232
J100005,28/06/2026 06:00,3730.4,4028.83,226
J100005,28/06/2026 06:30,3730.73,4029.19,224
J100005,28/06/2026 07:00,3731.06,4029.55,238
J100005,28/06/2026 07:30,3731.39,4029.9,237
J100005,28/06/2026 08:00,3731.72,4030.26,237
J100005,28/06/2026 08:30,3732.05,4030.61,235
J100005,28/06/2026 09:00,3732.38,4030.97,237
J100005,28/06/2026 09:30,3732.71,4031.33,226
J100005,28/06/2026 10:00,3733.04,4031.68,228
J100005,28/06/2026 10:30,3733.37,4032.04,236
J100005,28/06/2026 11:00,3733.7,4032.39,222
J100005,28/06/2026 11:30,3734.03,4032.75,228
J100005,28/06/2026 12:00,3734.36,4033.11,231
J100005,28/06/2026 12:30,3734.69,4033.46,233
J100005,28/06/2026 13:00,3735.02,4033.82,223
J100005,28/06/2026 13:30,3735.35,4034.17,239
J100005,28/06/2026 14:00,3735.68,4034.53,222
J100005,28/06/2026 14:30,3736,4034.89,236
J100005,28/06/2026 15:00,3736.33,4035.24,222
J100005,28/06/2026 15:30,3736.66,4035.6,239
J100005,28/06/2026 16:00,3736.99,4035.95,233
J100005,28/06/2026 16:30,3737.32,4036.31,232
J100005,28/06/2026 17:00,3737.65,4036.67,237
J100005,28/06/2026 17:30,3737.98,4037.02,237
J100005,28/06/2026 18:00,3738.31,4037.38,229
J100005,28/06/2026 18:30,3738.64,4037.73,229
J100005,28/06/2026 19:00,3738.97,4038.09,229
J100005,28/06/2026 19:30,3739.3,4038.44,230
J100005,28/06/2026 20:00,3739.63,4038.8,232
J100005,28/06/2026 20:30,3739.96,4039.16,234
J100005,28/06/2026 21:00,3740.29,4039.51,228
J100005,28/06/2026 21:30,3740.62,4039.87,222
J100005,28/06/2026 22:00,3740.95,4040.22,240
J100005,28/06/2026 22:30,3741.28,4040.58,232
J100005,28/06/2026 23:00,3741.61,4040.94,220
J100005,28/06/2026 23:30,3741.94,4041.29,225
J100005,29/06/2026 00:00,3742.27,4041.65,237
J100005,29/06/2026 00:30,3742.6,4042,229
J100005,29/06/2026 01:00,3742.93,4042.36,233
J100005,29/06/2026 01:30,3743.26,4042.72,221
J100005,29/06/2026 02:00,3743.58,4043.07,233
J100005,29/06/2026 02:30,3743.91,4043.43,234
J100005,29/06/2026 03:00,3744.24,4043.78,238
J100005,29/06/2026 03:30,3744.57,4044.14,233
J100005,29/06/2026 04:00,3744.9,4044.5,236
J100005,29/06/2026 04:30,3745.23,4044.85,232
J100005,29/06/2026 05:00,3745.56,4045.21,232
J100005,29/06/2026 05:30,3745.89,4045.56,238
J100005,29/06/2026 06:00,3746.22,4045.92,225
J100005,29/06/2026 06:30,3746.55,4046.28,239
J100005,29/06/2026 07:00,3746.88,4046.63,228
J100005,29/06/2026 07:30,3747.21,4046.99,222
J100005,29/06/2026 08:00,3747.54,4047.34,233
J100005,29/06/2026 08:30,3747.87,4047.7,237
J100005,29/06/2026 09:00,3748.2,4048.05,231
J100005,29/06/2026 09:30,3748.53,4048.41,236
J100005,29/06/2026 10:00,3748.86,4048.77,232
J100005,29/06/2026 10:30,3749.19,4049.12,220
J100005,29/06/2026 11:00,3749.52,4049.48,222
J100005,29/06/2026 11:30,3749.85,4049.83,222
J100005,29/06/2026 12:00,3750.18,4050.19,239
J100005,29/06/2026 12:30,3750.51,4050.55,230
J100005,29/06/2026 13:00,3750.84,4050.9,235
J100005,29/06/2026 13:30,3751.17,4051.26,225
J100005,29/06/2026 14:00,3751.49,4051.61,222
J100005,29/06/2026 14:30,3751.82,4051.97,228
J100005,29/06/2026 15:00,3752.15,4052.33,228
J100005,29/06/2026 15:30,3752.48,4052.68,236
J100005,29/06/2026 16:00,3752.81,4053.04,234
J100005,29/06/2026 16:30,3753.14,4053.39,234
J100005,29/06/2026 17:00,3753.47,4053.75,225
J100005,29/06/2026 17:30,3753.8,4054.11,229
J100005,29/06/2026 18:00,3754.13,4054.46,220
J100005,29/06/2026 18:30,3754.46,4054.82,235
J100005,29/06/2026 19:00,3754.79,4055.17,221
J100005,29/06/2026 19:30,3755.12,4055.53,228
J100005,29/06/2026 20:00,3755.45,4055.89,225
J100005,29/06/2026 20:30,3755.78,4056.24,239
J100005,29/06/2026 21:00,3756.11,4056.6,232
J100005,29/06/2026 21:30,3756.44,4056.95,237
J100005,29/06/2026 22:00,3756.77,4057.31,222
J100005,29/06/2026 22:30,3757.1,4057.66,240
J100005,29/06/2026 23:00,3757.43,4058.02,226
J100005,29/06/2026 23:30,3757.76,4058.38,223
J100005,30/06/2026 00:00,3758.09,4058.73,235
J100005,30/06/2026 00:30,3758.42,4059.09,234
J100005,30/06/2026 01:00,3758.75,4059.44,230
J100005,30/06/2026 01:30,3759.07,4059.8,224
J100005,30/06/2026 02:00,3759.4,4060.16,234
J100005,30/06/2026 02:30,3759.73,4060.51,228
J100005,30/06/2026 03:00,3760.06,4060.87,232
J100005,30/06/2026 03:30,3760.39,4061.22,236
J100005,30/06/2026 04:00,3760.72,4061.58,232
J100005,30/06/2026 04:30,3761.05,4061.94,233
J100005,30/06/2026 05:00,3761.38,4062.29,231
J100005,30/06/2026 05:30,3761.71,4062.65,221
J100005,30/06/2026 06:00,3762.04,4063,226
J100005,30/06/2026 06:30,3762.37,4063.36,225
J100005,30/06/2026 07:00,3762.7,4063.72,233
J100005,30/06/2026 07:30,3763.03,4064.07,229
J100005,30/06/2026 08:00,3763.36,4064.43,221
J100005,30/06/2026 08:30,3763.69,4064.78,227
J100005,30/06/2026 09:00,3764.02,4065.14,226
J100005,30/06/2026 09:30,3764.35,4065.5,225
J100005,30/06/2026 10:00,3764.68,4065.85,226
J100005,30/06/2026 10:30,3765.01,4066.21,231
J100005,30/06/2026 11:00,3765.34,4066.56,235
J100005,30/06/2026 11:30,3765.67,4066.92,226
J100005,30/06/2026 12:00,3766,4067.28,227
J100005,30/06/2026 12:30,3766.33,4067.63,225
J100005,30/06/2026 13:00,3766.65,4067.99,227
J100005,30/06/2026 13:30,3766.98,4068.34,224
J100005,30/06/2026 14:00,3767.31,4068.7,230
J100005,30/06/2026 14:30,3767.64,4069.05,227
J100005,30/06/2026 15:00,3767.97,4069.41,236
J100005,30/06/2026 15:30,3768.3,4069.77,238
J100005,30/06/2026 16:00,3768.63,4070.12,230
J100005,30/06/2026 16:30,3768.96,4070.48,235
J100005,30/06/2026 17:00,3769.29,4070.83,229
J100005,30/06/2026 17:30,3769.62,4071.19,238
J100005,30/06/2026 18:00,3769.95,4071.55,230
J100005,30/06/2026 18:30,3770.28,4071.9,225
J100005,30/06/2026 19:00,3770.61,4072.26,226
J100005,30/06/2026 19:30,3770.94,4072.61,225
J100005,30/06/2026 20:00,3771.27,4072.97,221
J100005,30/06/2026 20:30,3771.6,4073.33,233
J100005,30/06/2026 21:00,3771.93,4073.68,221
J100005,30/06/2026 21:30,3772.26,4074.04,236
J100005,30/06/2026 22:00,3772.59,4074.39,236
J100005,30/06/2026 22:30,3772.92,4074.75,237
J100005,30/06/2026 23:00,3773.25,4075.11,224
J100005,30/06/2026 23:30,3773.58,4075.46,224
J100006,23/06/2026 23:30,39069.9,42195.5,228
J100006,24/06/2026 00:00,39070.13,42195.74,235
J100006,24/06/2026 00:30,39070.35,42195.98,221
J100006,24/06/2026 01:00,39070.57,42196.22,239
J100006,24/06/2026 01:30,39070.8,42196.46,237
J100006,24/06/2026 02:00,39071.02,42196.7,229
J100006,24/06/2026 02:30,39071.24,42196.94,229
J100006,24/06/2026 03:00,39071.47,42197.19,227
J100006,24/06/2026 03:30,39071.69,42197.43,221
J100006,24/06/2026 04:00,39071.92,42197.67,228
J100006,24/06/2026 04:30,39072.14,42197.91,222
J100006,24/06/2026 05:00,39072.36,42198.15,222
J100006,24/06/2026 05:30,39072.59,42198.39,231
J100006,24/06/2026 06:00,39072.81,42198.64,234
J100006,24/06/2026 06:30,39073.03,42198.88,224
J100006,24/06/2026 07:00,39073.26,42199.12,238
J100006,24/06/2026 07:30,39073.48,42199.36,224
J100006,24/06/2026 08:00,39073.7,42199.6,234
J100006,24/06/2026 08:30,39073.93,42199.84,225
J100006,24/06/2026 09:00,39074.15,42200.08,226
J100006,24/06/2026 09:30,39074.38,42200.33,237
J100006,24/06/2026 10:00,39074.6,42200.57,224
J100006,24/06/2026 10:30,39074.82,42200.81,229
J100006,24/06/2026 11:00,39075.05,42201.05,233
J100006,24/06/2026 11:30,39075.27,42201.29,237
J100006,24/06/2026 12:00,39075.49,42201.53,235
J100006,24/06/2026 12:30,39075.72,42201.78,223
J100006,24/06/2026 13:00,39075.94,42202.02,230
J100006,24/06/2026 13:30,39076.16,42202.26,228
J100006,24/06/2026 14:00,39076.39,42202.5,220
J100006,24/06/2026 14:30,39076.61,42202.74,223
J100006,24/06/2026 15:00,39076.84,42202.98,235
J100006,24/06/2026 15:30,39077.06,42203.22,222
J100006,24/06/2026 16:00,39077.28,42203.47,230
J100006,24/06/2026 16:30,39077.51,42203.71,221
J100006,24/06/2026 17:00,39077.73,42203.95,233
J100006,24/06/2026 17:30,39077.95,42204.19,229
J100006,24/06/2026 18:00,39078.18,42204.43,234
J100006,24/06/2026 18:30,39078.4,42204.67,231
J100006,24/06/2026 19:00,39078.63,42204.92,231
J100006,24/06/2026 19:30,39078.85,42205.16,234
J100006,24/06/2026 20:00,39079.07,42205.4,231
J100006,24/06/2026 20:30,39079.3,42205.64,239
J100006,24/06/2026 21:00,39079.52,42205.88,237
J100006,24/06/2026 21:30,39079.74,42206.12,225
J100006,24/06/2026 22:00,39079.97,42206.36,223
J100006,24/06/2026 22:30,39080.19,42206.61,230
J100006,24/06/2026 23:00,39080.41,42206.85,231
J100006,24/06/2026 23:30,39080.64,42207.09,230
J100006,25/06/2026 00:00,39080.86,42207.33,238
J100006,25/06/2026 00:30,39081.09,42207.57,231
J100006,25/06/2026 01:00,39081.31,42207.81,234
J100006,25/06/2026 01:30,39081.53,42208.06,227
J100006,25/06/2026 02:00,39081.76,42208.3,235
J100006,25/06/2026 02:30,39081.98,42208.54,237
J100006,25/06/2026 03:00,39082.2,42208.78,226
J100006,25/06/2026 03:30,39082.43,42209.02,225
J100006,25/06/2026 04:00,39082.65,42209.26,235
J100006,25/06/2026 04:30,39082.87,42209.5,227
J100006,25/06/2026 05:00,39083.1,42209.75,226
J100006,25/06/2026 05:30,39083.32,42209.99,227
J100006,25/06/2026 06:00,39083.55,42210.23,236
J100006,25/06/2026 06:30,39083.77,42210.47,220
J100006,25/06/2026 07:00,39083.99,42210.71,238
J100006,25/06/2026 07:30,39084.22,42210.95,237
J100006,25/06/2026 08:00,39084.44,42211.19,230
J100006,25/06/2026 08:30,39084.66,42211.44,227
J100006,25/06/2026 09:00,39084.89,42211.68,225
J100006,25/06/2026 09:30,39085.11,42211.92,224
J100006,25/06/2026 10:00,39085.33,42212.16,230
J100006,25/06/2026 10:30,39085.56,42212.4,223
J100006,25/06/2026 11:00,39085.78,42212.64,239
J100006,25/06/2026 11:30,39086.01,42212.89,236
J100006,25/06/2026 12:00,39086.23,42213.13,229
J100006,25/06/2026 12:30,39086.45,42213.37,221
J100006,25/06/2026 13:00,39086.68,42213.61,236
J100006,25/06/2026 13:30,39086.9,42213.85,234
J100006,25/06/2026 14:00,39087.12,42214.09,236
J100006,25/06/2026 14:30,39087.35,42214.33,231
J100006,25/06/2026 15:00,39087.57,42214.58,220
J100006,25/06/2026 15:30,39087.79,42214.82,230
J100006,25/06/2026 16:00,39088.02,42215.06,231
J100006,25/06/2026 16:30,39088.24,42215.3,222
J100006,25/06/2026 17:00,39088.47,42215.54,230
J100006,25/06/2026 17:30,39088.69,42215.78,224
J100006,25/06/2026 18:00,39088.91,42216.03,226
J100006,25/06/2026 18:30,39089.14,42216.27,227
J100006,25/06/2026 19:00,39089.36,42216.51,228
J100006,25/06/2026 19:30,39089.58,42216.75,234
J100006,25/06/2026 20:00,39089.81,42216.99,238
J100006,25/06/2026 20:30,39090.03,42217.23,235
J100006,25/06/2026 21:00,39090.25,42217.47,237
J100006,25/06/2026 21:30,39090.48,42217.72,239
J100006,25/06/2026 22:00,39090.7,42217.96,229
J100006,25/06/2026 22:30,39090.93,42218.2,237
J100006,25/06/2026 23:00,39091.15,42218.44,226
J100006,25/06/2026 23:30,39091.37,42218.68,229
J100006,26/06/2026 00:00,39091.6,42218.92,230
J100006,26/06/2026 00:30,39091.82,42219.17,230
J100006,26/06/2026 01:00,39092.04,42219.41,234
J100006,26/06/2026 01:30,39092.27,42219.65,221
J100006,26/06/2026 02:00,39092.49,42219.89,236
J100006,26/06/2026 02:30,39092.71,42220.13,231
J100006,26/06/2026 03:00,39092.94,42220.37,224
J100006,26/06/2026 03:30,39093.16,42220.61,233
J100006,26/06/2026 04:00,39093.39,42220.86,231
J100006,26/06/2026 04:30,39093.61,42221.1,223
J100006,26/06/2026 05:00,39093.83,42221.34,232
J100006,26/06/2026 05:30,39094.06,42221.58,234
J100006,26/06/2026 06:00,39094.28,42221.82,230
J100006,26/06/2026 06:30,39094.5,42222.06,223
J100006,26/06/2026 07:00,39094.73,42222.31,221
J100006,26/06/2026 07:30,39094.95,42222.55,238
J100006,26/06/2026 08:00,39095.17,42222.79,232
J100006,26/06/2026 08:30,39095.4,42223.03,223
J100006,26/06/2026 09:00,39095.62,42223.27,236
J100006,26/06/2026 09:30,39095.85,42223.51,230
J100006,26/06/2026 10:00,39096.07,42223.75,222
J100006,26/06/2026 10:30,39096.29,42224,235
J100006,26/06/2026 11:00,39096.52,42224.24,233
J100006,26/06/2026 11:30,39096.74,42224.48,237
J100006,26/06/2026 12:00,39096.96,42224.72,223
J100006,26/06/2026 12:30,39097.19,42224.96,229
J100006,26/06/2026 13:00,39097.41,42225.2,220
J100006,26/06/2026 13:30,39097.63,42225.45,234
J100006,26/06/2026 14:00,39097.86,42225.69,230
J100006,26/06/2026 14:30,39098.08,42225.93,237
J100006,26/06/2026 15:00,39098.31,42226.17,238
J100006,26/06/2026 15:30,39098.53,42226.41,227
J100006,26/06/2026 16:00,39098.75,42226.65,232
J100006,26/06/2026 16:30,39098.98,42226.89,237
J100006,26/06/2026 17:00,39099.2,42227.14,240
J100006,26/06/2026 17:30,39099.42,42227.38,230
J100006,26/06/2026 18:00,39099.65,42227.62,232
J100006,26/06/2026 18:30,39099.87,42227.86,240
J100006,26/06/2026 19:00,39100.09,42228.1,229
J100006,26/06/2026 19:30,39100.32,42228.34,237
J100006,26/06/2026 20:00,39100.54,42228.59,228
J100006,26/06/2026 20:30,39100.77,42228.83,223
J100006,26/06/2026 21:00,39100.99,42229.07,232
J100006,26/06/2026 21:30,39101.21,42229.31,233
J100006,26/06/2026 22:00,39101.44,42229.55,237
J100006,26/06/2026 22:30,39101.66,42229.79,226
J100006,26/06/2026 23:00,39101.88,42230.03,231
J100006,26/06/2026 23:30,39102.11,42230.28,238
J100006,27/06/2026 00:00,39102.33,42230.52,225
J100006,27/06/2026 00:30,39102.55,42230.76,227
J100006,27/06/2026 01:00,39102.78,42231,226
J100006,27/06/2026 01:30,39103,42231.24,232
J100006,27/06/2026 02:00,39103.23,42231.48,227
J100006,27/06/2026 02:30,39103.45,42231.73,232
J100006,27/06/2026 03:00,39103.67,42231.97,228
J100006,27/06/2026 03:30,39103.9,42232.21,220
J100006,27/06/2026 04:00,39104.12,42232.45,221
J100006,27/06/2026 04:30,39104.34,42232.69,226
J100006,27/06/2026 05:00,39104.57,42232.93,227
J100006,27/06/2026 05:30,39104.79,42233.17,231
J100006,27/06/2026 06:00,39105.02,42233.42,230
J100006,27/06/2026 06:30,39105.24,42233.66,236
J100006,27/06/2026 07:00,39105.46,42233.9,227
J100006,27/06/2026 07:30,39105.69,42234.14,222
J100006,27/06/2026 08:00,39105.91,42234.38,221
J100006,27/06/2026 08:30,39106.13,42234.62,226
J100006,27/06/2026 09:00,39106.36,42234.87,223
J100006,27/06/2026 09:30,39106.58,42235.11,233
J100006,27/06/2026 10:00,39106.8,42235.35,228
J100006,27/06/2026 10:30,39107.03,42235.59,228
J100006,27/06/2026 11:00,39107.25,42235.83,231
J100006,27/06/2026 11:30,39107.48,42236.07,225
J100006,27/06/2026 12:00,39107.7,42236.31,233
J100006,27/06/2026 12:30,39107.92,42236.56,237
J100006,27/06/2026 13:00,39108.15,42236.8,227
J100006,27/06/2026 13:30,39108.37,42237.04,227
J100006,27/06/2026 14:00,39108.59,42237.28,231
J100006,27/06/2026 14:30,39108.82,42237.52,232
J100006,27/06/2026 15:00,39109.04,42237.76,239
J100006,27/06/2026 15:30,39109.26,42238.01,224
J100006,27/06/2026 16:00,39109.49,42238.25,223
J100006,27/06/2026 16:30,39109.71,42238.49,222
J100006,27/06/2026 17:00,39109.94,42238.73,224
J100006,27/06/2026 17:30,39110.16,42238.97,230
J100006,27/06/2026 18:00,39110.38,42239.21,235
J100006,27/06/2026 18:30,39110.61,42239.45,230
J100006,27/06/2026 19:00,39110.83,42239.7,237
J100006,27/06/2026 19:30,39111.05,42239.94,237
J100006,27/06/2026 20:00,39111.28,42240.18,239
J100006,27/06/2026 20:30,39111.5,42240.42,233
J100006,27/06/2026 21:00,39111.72,42240.66,232
J100006,27/06/2026 21:30,39111.95,42240.9,234
J100006,27/06/2026 22:00,39112.17,42241.15,237
J100006,27/06/2026 22:30,39112.4,42241.39,225
J100006,27/06/2026 23:00,39112.62,42241.63,230
J100006,27/06/2026 23:30,39112.84,42241.87,238
J100006,28/06/2026 00:00,39113.07,42242.11,233
J100006,28/06/2026 00:30,39113.29,42242.35,224
J100006,28/06/2026 01:00,39113.51,42242.59,227
J100006,28/06/2026 01:30,39113.74,42242.84,228
J100006,28/06/2026 02:00,39113.96,42243.08,222
J100006,28/06/2026 02:30,39114.18,42243.32,227
J100006,28/06/2026 03:00,39114.41,42243.56,233
J100006,28/06/2026 03:30,39114.63,42243.8,232
J100006,28/06/2026 04:00,39114.86,42244.04,225
J100006,28/06/2026 04:30,39115.08,42244.29,238
J100006,28/06/2026 05:00,39115.3,42244.53,225
J100006,28/06/2026 05:30,39115.53,42244.77,221
J100006,28/06/2026 06:00,39115.75,42245.01,237
J100006,28/06/2026 06:30,39115.97,42245.25,236
J100006,28/06/2026 07:00,39116.2,42245.49,233
J100006,28/06/2026 07:30,39116.42,42245.73,228
J100006,28/06/2026 08:00,39116.64,42245.98,235
J100006,28/06/2026 08:30,39116.87,42246.22,229
J100006,28/06/2026 09:00,39117.09,42246.46,224
J100006,28/06/2026 09:30,39117.32,42246.7,238
J100006,28/06/2026 10:00,39117.54,42246.94,233
J100006,28/06/2026 10:30,39117.76,42247.18,240
J100006,28/06/2026 11:00,39117.99,42247.43,221
J100006,28/06/2026 11:30,39118.21,42247.67,238
J100006,28/06/2026 12:00,39118.43,42247.91,230
J100006,28/06/2026 12:30,39118.66,42248.15,223
J100006,28/06/2026 13:00,39118.88,42248.39,221
J100006,28/06/2026 13:30,39119.1,42248.63,235
J100006,28/06/2026 14:00,39119.33,42248.87,227
J100006,28/06/2026 14:30,39119.55,42249.12,228
J100006,28/06/2026 15:00,39119.78,42249.36,231
J100006,28/06/2026 15:30,39120,42249.6,222
J100006,28/06/2026 16:00,39120.22,42249.84,227
J100006,28/06/2026 16:30,39120.45,42250.08,221
J100006,28/06/2026 17:00,39120.67,42250.32,224
J100006,28/06/2026 17:30,39120.89,42250.57,220
J100006,28/06/2026 18:00,39121.12,42250.81,238
J100006,28/06/2026 18:30,39121.34,42251.05,226
J100006,28/06/2026 19:00,39121.56,42251.29,220
J100006,28/06/2026 19:30,39121.79,42251.53,232
J100006,28/06/2026 20:00,39122.01,42251.77,238
J100006,28/06/2026 20:30,39122.24,42252.01,229
J100006,28/06/2026 21:00,39122.46,42252.26,226
J100006,28/06/2026 21:30,39122.68,42252.5,231
J100006,28/06/2026 22:00,39122.91,42252.74,230
J100006,28/06/2026 22:30,39123.13,42252.98,220
J100006,28/06/2026 23:00,39123.35,42253.22,236
J100006,28/06/2026 23:30,39123.58,42253.46,230
J100006,29/06/2026 00:00,39123.8,42253.71,231
J100006,29/06/2026 00:30,39124.02,42253.95,228
J100006,29/06/2026 01:00,39124.25,42254.19,222
J100006,29/06/2026 01:30,39124.47,42254.43,230
J100006,29/06/2026 02:00,39124.7,42254.67,229
J100006,29/06/2026 02:30,39124.92,42254.91,230
J100006,29/06/2026 03:00,39125.14,42255.15,221
J100006,29/06/2026 03:30,39125.37,42255.4,234
J100006,29/06/2026 04:00,39125.59,42255.64,233
J100006,29/06/2026 04:30,39125.81,42255.88,221
J100006,29/06/2026 05:00,39126.04,42256.12,227
J100006,29/06/2026 05:30,39126.26,42256.36,238
J100006,29/06/2026 06:00,39126.48,42256.6,235
J100006,29/06/2026 06:30,39126.71,42256.85,227
J100006,29/06/2026 07:00,39126.93,42257.09,226
J100006,29/06/2026 07:30,39127.16,42257.33,239
J100006,29/06/2026 08:00,39127.38,42257.57,223
J100006,29/06/2026 08:30,39127.6,42257.81,228
J100006,29/06/2026 09:00,39127.83,42258.05,227
J100006,29/06/2026 09:30,39128.05,42258.29,232
J100006,29/06/2026 10:00,39128.27,42258.54,228
J100006,29/06/2026 10:30,39128.5,42258.78,221
J100006,29/06/2026 11:00,39128.72,42259.02,239
J100006,29/06/2026 11:30,39128.94,42259.26,226
J100006,29/06/2026 12:00,39129.17,42259.5,235
J100006,29/06/2026 12:30,39129.39,42259.74,232
J100006,29/06/2026 13:00,39129.62,42259.99,238
J100006,29/06/2026 13:30,39129.84,42260.23,224
J100006,29/06/2026 14:00,39130.06,42260.47,229
J100006,29/06/2026 14:30,39130.29,42260.71,232
J100006,29/06/2026 15:00,39130.51,42260.95,238
J100006,29/06/2026 15:30,39130.73,42261.19,233
J100006,29/06/2026 16:00,39130.96,42261.43,226
J100006,29/06/2026 16:30,39131.18,42261.68,237
J100006,29/06/2026 17:00,39131.41,42261.92,221
J100006,29/06/2026 17:30,39131.63,42262.16,230
J100006,29/06/2026 18:00,39131.85,42262.4,225
J100006,29/06/2026 18:30,39132.08,42262.64,223
J100006,29/06/2026 19:00,39132.3,42262.88,231
J100006,29/06/2026 19:30,39132.52,42263.13,228
J100006,29/06/2026 20:00,39132.75,42263.37,239
J100006,29/06/2026 20:30,39132.97,42263.61,237
J100006,29/06/2026 21:00,39133.19,42263.85,230
J100006,29/06/2026 21:30,39133.42,42264.09,238
J100006,29/06/2026 22:00,39133.64,42264.33,236
J100006,29/06/2026 22:30,39133.87,42264.57,234
J100006,29/06/2026 23:00,39134.09,42264.82,231
J100006,29/06/2026 23:30,39134.31,42265.06,240
J100006,30/06/2026 00:00,39134.54,42265.3,224
J100006,30/06/2026 00:30,39134.76,42265.54,235
J100006,30/06/2026 01:00,39134.98,42265.78,237
J100006,30/06/2026 01:30,39135.21,42266.02,227
J100006,30/06/2026 02:00,39135.43,42266.27,227
J100006,30/06/2026 02:30,39135.65,42266.51,227
J100006,30/06/2026 03:00,39135.88,42266.75,240
J100006,30/06/2026 03:30,39136.1,42266.99,220
J100006,30/06/2026 04:00,39136.33,42267.23,223
J100006,30/06/2026 04:30,39136.55,42267.47,235
J100006,30/06/2026 05:00,39136.77,42267.71,223
J100006,30/06/2026 05:30,39137,42267.96,223
J100006,30/06/2026 06:00,39137.22,42268.2,222
J100006,30/06/2026 06:30,39137.44,42268.44,228
J100006,30/06/2026 07:00,39137.67,42268.68,230
J100006,30/06/2026 07:30,39137.89,42268.92,232
J100006,30/06/2026 08:00,39138.11,42269.16,234
J100006,30/06/2026 08:30,39138.34,42269.41,225
J100006,30/06/2026 09:00,39138.56,42269.65,240
J100006,30/06/2026 09:30,39138.79,42269.89,223
J100006,30/06/2026 10:00,39139.01,42270.13,229
J100006,30/06/2026 10:30,39139.23,42270.37,234
J100006,30/06/2026 11:00,39139.46,42270.61,220
J100006,30/06/2026 11:30,39139.68,42270.85,236
J100006,30/06/2026 12:00,39139.9,42271.1,226
J100006,30/06/2026 12:30,39140.13,42271.34,233
J100006,30/06/2026 13:00,39140.35,42271.58,228
J100006,30/06/2026 13:30,39140.57,42271.82,233
J100006,30/06/2026 14:00,39140.8,42272.06,233
J100006,30/06/2026 14:30,39141.02,42272.3,225
J100006,30/06/2026 15:00,39141.25,42272.55,229
J100006,30/06/2026 15:30,39141.47,42272.79,235
J100006,30/06/2026 16:00,39141.69,42273.03,237
J100006,30/06/2026 16:30,39141.92,42273.27,221
J100006,30/06/2026 17:00,39142.14,42273.51,238
J100006,30/06/2026 17:30,39142.36,42273.75,239
J100006,30/06/2026 18:00,39142.59,42273.99,231
J100006,30/06/2026 18:30,39142.81,42274.24,231
J100006,30/06/2026 19:00,39143.03,42274.48,236
J100006,30/06/2026 19:30,39143.26,42274.72,238
J100006,30/06/2026 20:00,39143.48,42274.96,222
J100006,30/06/2026 20:30,39143.71,42275.2,229
J100006,30/06/2026 21:00,39143.93,42275.44,231
J100006,30/06/2026 21:30,39144.15,42275.68,230
J100006,30/06/2026 22:00,39144.38,42275.93,237
J100006,30/06/2026 22:30,39144.6,42276.17,235
J100006,30/06/2026 23:00,39144.82,42276.41,235
J100006,30/06/2026 23:30,39145.05,42276.65,235
J100007,23/06/2026 23:30,30841.97,33309.32,227
J100007,24/06/2026 00:00,30842.31,33309.69,228
J100007,24/06/2026 00:30,30842.65,33310.06,226
J100007,24/06/2026 01:00,30842.99,33310.43,224
J100007,24/06/2026 01:30,30843.34,33310.8,223
J100007,24/06/2026 02:00,30843.68,33311.17,231
J100007,24/06/2026 02:30,30844.02,33311.54,227
J100007,24/06/2026 03:00,30844.36,33311.91,221
J100007,24/06/2026 03:30,30844.71,33312.28,226
J100007,24/06/2026 04:00,30845.05,33312.65,223
J100007,24/06/2026 04:30,30845.39,33313.02,234
J100007,24/06/2026 05:00,30845.73,33313.39,223
J100007,24/06/2026 05:30,30846.07,33313.76,227
J100007,24/06/2026 06:00,30846.42,33314.13,231
J100007,24/06/2026 06:30,30846.76,33314.5,237
J100007,24/06/2026 07:00,30847.1,33314.87,237
J100007,24/06/2026 07:30,30847.44,33315.24,226
J100007,24/06/2026 08:00,30847.79,33315.61,222
J100007,24/06/2026 08:30,30848.13,33315.98,240
J100007,24/06/2026 09:00,30848.47,33316.35,231
J100007,24/06/2026 09:30,30848.81,33316.72,227
J100007,24/06/2026 10:00,30849.16,33317.09,236
J100007,24/06/2026 10:30,30849.5,33317.46,222
J100007,24/06/2026 11:00,30849.84,33317.83,236
J100007,24/06/2026 11:30,30850.18,33318.2,226
J100007,24/06/2026 12:00,30850.53,33318.57,228
J100007,24/06/2026 12:30,30850.87,33318.94,238
J100007,24/06/2026 13:00,30851.21,33319.31,234
J100007,24/06/2026 13:30,30851.55,33319.68,220
J100007,24/06/2026 14:00,30851.89,33320.05,232
J100007,24/06/2026 14:30,30852.24,33320.42,227
J100007,24/06/2026 15:00,30852.58,33320.79,235
J100007,24/06/2026 15:30,30852.92,33321.16,224
J100007,24/06/2026 16:00,30853.26,33321.53,221
J100007,24/06/2026 16:30,30853.61,33321.9,239
J100007,24/06/2026 17:00,30853.95,33322.27,236
J100007,24/06/2026 17:30,30854.29,33322.63,231
J100007,24/06/2026 18:00,30854.63,33323,238
J100007,24/06/2026 18:30,30854.98,33323.37,236
J100007,24/06/2026 19:00,30855.32,33323.74,225
J100007,24/06/2026 19:30,30855.66,33324.11,231
J100007,24/06/2026 20:00,30856,33324.48,232
J100007,24/06/2026 20:30,30856.35,33324.85,240
J100007,24/06/2026 21:00,30856.69,33325.22,237
J100007,24/06/2026 21:30,30857.03,33325.59,232
J100007,24/06/2026 22:00,30857.37,33325.96,238
J100007,24/06/2026 22:30,30857.72,33326.33,222
J100007,24/06/2026 23:00,30858.06,33326.7,239
J100007,24/06/2026 23:30,30858.4,33327.07,231
J100007,25/06/2026 00:00,30858.74,33327.44,233
J100007,25/06/2026 00:30,30859.08,33327.81,232
J100007,25/06/2026 01:00,30859.43,33328.18,225
J100007,25/06/2026 01:30,30859.77,33328.55,232
J100007,25/06/2026 02:00,30860.11,33328.92,239
J100007,25/06/2026 02:30,30860.45,33329.29,230
J100007,25/06/2026 03:00,30860.8,33329.66,225
J100007,25/06/2026 03:30,30861.14,33330.03,227
J100007,25/06/2026 04:00,30861.48,33330.4,229
J100007,25/06/2026 04:30,30861.82,33330.77,240
J100007,25/06/2026 05:00,30862.17,33331.14,223
J100007,25/06/2026 05:30,30862.51,33331.51,222
J100007,25/06/2026 06:00,30862.85,33331.88,232
J100007,25/06/2026 06:30,30863.19,33332.25,233
J100007,25/06/2026 07:00,30863.54,33332.62,236
J100007,25/06/2026 07:30,30863.88,33332.99,234
J100007,25/06/2026 08:00,30864.22,33333.36,223
J100007,25/06/2026 08:30,30864.56,33333.73,234
J100007,25/06/2026 09:00,30864.9,33334.1,234
J100007,25/06/2026 09:30,30865.25,33334.47,229
J100007,25/06/2026 10:00,30865.59,33334.84,239
J100007,25/06/2026 10:30,30865.93,33335.21,237
J100007,25/06/2026 11:00,30866.27,33335.58,222
J100007,25/06/2026 11:30,30866.62,33335.95,235
J100007,25/06/2026 12:00,30866.96,33336.32,221
J100007,25/06/2026 12:30,30867.3,33336.69,221
J100007,25/06/2026 13:00,30867.64,33337.06,221
J100007,25/06/2026 13:30,30867.99,33337.42,226
J100007,25/06/2026 14:00,30868.33,33337.79,236
J100007,25/06/2026 14:30,30868.67,33338.16,236
J100007,25/06/2026 15:00,30869.01,33338.53,238
J100007,25/06/2026 15:30,30869.36,33338.9,228
J100007,25/06/2026 16:00,30869.7,33339.27,230
J100007,25/06/2026 16:30,30870.04,33339.64,236
J100007,25/06/2026 17:00,30870.38,33340.01,237
J100007,25/06/2026 17:30,30870.72,33340.38,239
J100007,25/06/2026 18:00,30871.07,33340.75,228
J100007,25/06/2026 18:30,30871.41,33341.12,234
J100007,25/06/2026 19:00,30871.75,33341.49,238
J100007,25/06/2026 19:30,30872.09,33341.86,239
J100007,25/06/2026 20:00,30872.44,33342.23,232
J100007,25/06/2026 20:30,30872.78,33342.6,231
J100007,25/06/2026 21:00,30873.12,33342.97,232
J100007,25/06/2026 21:30,30873.46,33343.34,229
J100007,25/06/2026 22:00,30873.81,33343.71,230
J100007,25/06/2026 22:30,30874.15,33344.08,232
J100007,25/06/2026 23:00,30874.49,33344.45,239
J100007,25/06/2026 23:30,30874.83,33344.82,236
J100007,26/06/2026 00:00,30875.18,33345.19,239
J100007,26/06/2026 00:30,30875.52,33345.56,240
J100007,26/06/2026 01:00,30875.86,33345.93,228
J100007,26/06/2026 01:30,30876.2,33346.3,230
J100007,26/06/2026 02:00,30876.54,33346.67,230
J100007,26/06/2026 02:30,30876.89,33347.04,227
J100007,26/06/2026 03:00,30877.23,33347.41,228
J100007,26/06/2026 03:30,30877.57,33347.78,221
J100007,26/06/2026 04:00,30877.91,33348.15,222
J100007,26/06/2026 04:30,30878.26,33348.52,227
J100007,26/06/2026 05:00,30878.6,33348.89,227
J100007,26/06/2026 05:30,30878.94,33349.26,221
J100007,26/06/2026 06:00,30879.28,33349.63,228
J100007,26/06/2026 06:30,30879.63,33350,233
J100007,26/06/2026 07:00,30879.97,33350.37,228
J100007,26/06/2026 07:30,30880.31,33350.74,233
J100007,26/06/2026 08:00,30880.65,33351.11,239
J100007,26/06/2026 08:30,30881,33351.48,235
J100007,26/06/2026 09:00,30881.34,33351.85,220
J100007,26/06/2026 09:30,30881.68,33352.21,239
J100007,26/06/2026 10:00,30882.02,33352.58,222
J100007,26/06/2026 10:30,30882.37,33352.95,232
J100007,26/06/2026 11:00,30882.71,33353.32,224
J100007,26/06/2026 11:30,30883.05,33353.69,226
J100007,26/06/2026 12:00,30883.39,33354.06,222
J100007,26/06/2026 12:30,30883.73,33354.43,221
J100007,26/06/2026 13:00,30884.08,33354.8,233
J100007,26/06/2026 13:30,30884.42,33355.17,228
J100007,26/06/2026 14:00,30884.76,33355.54,239
J100007,26/06/2026 14:30,30885.1,33355.91,228
J100007,26/06/2026 15:00,30885.45,33356.28,228
J100007,26/06/2026 15:30,30885.79,33356.65,240
J100007,26/06/2026 16:00,30886.13,33357.02,230
J100007,26/06/2026 16:30,30886.47,33357.39,221
J100007,26/06/2026 17:00,30886.82,33357.76,229
J100007,26/06/2026 17:30,30887.16,33358.13,226
J100007,26/06/2026 18:00,30887.5,33358.5,230
J100007,26/06/2026 18:30,30887.84,33358.87,227
J100007,26/06/2026 19:00,30888.19,33359.24,222
J100007,26/06/2026 19:30,30888.53,33359.61,221
J100007,26/06/2026 20:00,30888.87,33359.98,226
J100007,26/06/2026 20:30,30889.21,33360.35,231
J100007,26/06/2026 21:00,30889.55,33360.72,239
J100007,26/06/2026 21:30,30889.9,33361.09,223
J100007,26/06/2026 22:00,30890.24,33361.46,234
J100007,26/06/2026 22:30,30890.58,33361.83,226
J100007,26/06/2026 23:00,30890.92,33362.2,230
J100007,26/06/2026 23:30,30891.27,33362.57,239
J100007,27/06/2026 00:00,30891.61,33362.94,229
J100007,27/06/2026 00:30,30891.95,33363.31,221
J100007,27/06/2026 01:00,30892.29,33363.68,227
J100007,27/06/2026 01:30,30892.64,33364.05,237
J100007,27/06/2026 02:00,30892.98,33364.42,220
J100007,27/06/2026 02:30,30893.32,33364.79,222
J100007,27/06/2026 03:00,30893.66,33365.16,226
J100007,27/06/2026 03:30,30894.01,33365.53,227
J100007,27/06/2026 04:00,30894.35,33365.9,220
J100007,27/06/2026 04:30,30894.69,33366.27,232
J100007,27/06/2026 05:00,30895.03,33366.64,238
J100007,27/06/2026 05:30,30895.37,33367,225
J100007,27/06/2026 06:00,30895.72,33367.37,232
J100007,27/06/2026 06:30,30896.06,33367.74,233
J100007,27/06/2026 07:00,30896.4,33368.11,235
J100007,27/06/2026 07:30,30896.74,33368.48,234
J100007,27/06/2026 08:00,30897.09,33368.85,226
J100007,27/06/2026 08:30,30897.43,33369.22,234
J100007,27/06/2026 09:00,30897.77,33369.59,232
J100007,27/06/2026 09:30,30898.11,33369.96,222
J100007,27/06/2026 10:00,30898.46,33370.33,238
J100007,27/06/2026 10:30,30898.8,33370.7,236
J100007,27/06/2026 11:00,30899.14,33371.07,238
J100007,27/06/2026 11:30,30899.48,33371.44,235
J100007,27/06/2026 12:00,30899.83,33371.81,230
J100007,27/06/2026 12:30,30900.17,33372.18,238
J100007,27/06/2026 13:00,30900.51,33372.55,228
J100007,27/06/2026 13:30,30900.85,33372.92,222
J100007,27/06/2026 14:00,30901.19,33373.29,229
J100007,27/06/2026 14:30,30901.54,33373.66,231
J100007,27/06/2026 15:00,30901.88,33374.03,226
J100007,27/06/2026 15:30,30902.22,33374.4,220
J100007,27/06/2026 16:00,30902.56,33374.77,234
J100007,27/06/2026 16:30,30902.91,33375.14,229
J100007,27/06/2026 17:00,30903.25,33375.51,229
J100007,27/06/2026 17:30,30903.59,33375.88,237
J100007,27/06/2026 18:00,30903.93,33376.25,232
J100007,27/06/2026 18:30,30904.28,33376.62,227
J100007,27/06/2026 19:00,30904.62,33376.99,235
J100007,27/06/2026 19:30,30904.96,33377.36,227
J100007,27/06/2026 20:00,30905.3,33377.73,227
J100007,27/06/2026 20:30,30905.65,33378.1,224
J100007,27/06/2026 21:00,30905.99,33378.47,239
J100007,27/06/2026 21:30,30906.33,33378.84,239
J100007,27/06/2026 22:00,30906.67,33379.21,221
J100007,27/06/2026 22:30,30907.02,33379.58,225
J100007,27/06/2026 23:00,30907.36,33379.95,228
J100007,27/06/2026 23:30,30907.7,33380.32,238
J100007,28/06/2026 00:00,30908.04,33380.69,237
J100007,28/06/2026 00:30,30908.38,33381.06,239
J100007,28/06/2026 01:00,30908.73,33381.42,233
J100007,28/06/2026 01:30,30909.07,33381.79,223
J100007,28/06/2026 02:00,30909.41,33382.16,221
J100007,28/06/2026 02:30,30909.75,33382.53,229
J100007,28/06/2026 03:00,30910.1,33382.9,223
J100007,28/06/2026 03:30,30910.44,33383.27,227
J100007,28/06/2026 04:00,30910.78,33383.64,234
J100007,28/06/2026 04:30,30911.12,33384.01,239
J100007,28/06/2026 05:00,30911.47,33384.38,223
J100007,28/06/2026 05:30,30911.81,33384.75,220
J100007,28/06/2026 06:00,30912.15,33385.12,222
J100007,28/06/2026 06:30,30912.49,33385.49,232
J100007,28/06/2026 07:00,30912.84,33385.86,235
J100007,28/06/2026 07:30,30913.18,33386.23,240
J100007,28/06/2026 08:00,30913.52,33386.6,239
J100007,28/06/2026 08:30,30913.86,33386.97,230
J100007,28/06/2026 09:00,30914.2,33387.34,236
J100007,28/06/2026 09:30,30914.55,33387.71,231
J100007,28/06/2026 10:00,30914.89,33388.08,225
J100007,28/06/2026 10:30,30915.23,33388.45,225
J100007,28/06/2026 11:00,30915.57,33388.82,236
J100007,28/06/2026 11:30,30915.92,33389.19,222
J100007,28/06/2026 12:00,30916.26,33389.56,222
J100007,28/06/2026 12:30,30916.6,33389.93,229
J100007,28/06/2026 13:00,30916.94,33390.3,238
J100007,28/06/2026 13:30,30917.29,33390.67,236
J100007,28/06/2026 14:00,30917.63,33391.04,233
J100007,28/06/2026 14:30,30917.97,33391.41,224
J100007,28/06/2026 15:00,30918.31,33391.78,230
J100007,28/06/2026 15:30,30918.66,33392.15,229
J100007,28/06/2026 16:00,30919,33392.52,233
J100007,28/06/2026 16:30,30919.34,33392.89,232
J100007,28/06/2026 17:00,30919.68,33393.26,227
J100007,28/06/2026 17:30,30920.02,33393.63,225
J100007,28/06/2026 18:00,30920.37,33394,222
J100007,28/06/2026 18:30,30920.71,33394.37,231
J100007,28/06/2026 19:00,30921.05,33394.74,230
J100007,28/06/2026 19:30,30921.39,33395.11,235
J100007,28/06/2026 20:00,30921.74,33395.48,226
J100007,28/06/2026 20:30,30922.08,33395.85,223
J100007,28/06/2026 21:00,30922.42,33396.21,225
J100007,28/06/2026 21:30,30922.76,33396.58,235
J100007,28/06/2026 22:00,30923.11,33396.95,227
J100007,28/06/2026 22:30,30923.45,33397.32,224
J100007,28/06/2026 23:00,30923.79,33397.69,221
J100007,28/06/2026 23:30,30924.13,33398.06,236
J100007,29/06/2026 00:00,30924.48,33398.43,221
J100007,29/06/2026 00:30,30924.82,33398.8,238
J100007,29/06/2026 01:00,30925.16,33399.17,234
J100007,29/06/2026 01:30,30925.5,33399.54,227
J100007,29/06/2026 02:00,30925.84,33399.91,235
J100007,29/06/2026 02:30,30926.19,33400.28,234
J100007,29/06/2026 03:00,30926.53,33400.65,229
J100007,29/06/2026 03:30,30926.87,33401.02,236
J100007,29/06/2026 04:00,30927.21,33401.39,229
J100007,29/06/2026 04:30,30927.56,33401.76,227
J100007,29/06/2026 05:00,30927.9,33402.13,236
J100007,29/06/2026 05:30,30928.24,33402.5,238
J100007,29/06/2026 06:00,30928.58,33402.87,238
J100007,29/06/2026 06:30,30928.93,33403.24,230
J100007,29/06/2026 07:00,30929.27,33403.61,222
J100007,29/06/2026 07:30,30929.61,33403.98,227
J100007,29/06/2026 08:00,30929.95,33404.35,228
J100007,29/06/2026 08:30,30930.3,33404.72,236
J100007,29/06/2026 09:00,30930.64,33405.09,222
J100007,29/06/2026 09:30,30930.98,33405.46,236
J100007,29/06/2026 10:00,30931.32,33405.83,233
J100007,29/06/2026 10:30,30931.67,33406.2,224
J100007,29/06/2026 11:00,30932.01,33406.57,226
J100007,29/06/2026 11:30,30932.35,33406.94,222
J100007,29/06/2026 12:00,30932.69,33407.31,220
J100007,29/06/2026 12:30,30933.03,33407.68,228
J100007,29/06/2026 13:00,30933.38,33408.05,220
J100007,29/06/2026 13:30,30933.72,33408.42,232
J100007,29/06/2026 14:00,30934.06,33408.79,223
J100007,29/06/2026 14:30,30934.4,33409.16,234
J100007,29/06/2026 15:00,30934.75,33409.53,228
J100007,29/06/2026 15:30,30935.09,33409.9,233
J100007,29/06/2026 16:00,30935.43,33410.27,226
J100007,29/06/2026 16:30,30935.77,33410.64,228
J100007,29/06/2026 17:00,30936.12,33411,239
J100007,29/06/2026 17:30,30936.46,33411.37,233
J100007,29/06/2026 18:00,30936.8,33411.74,231
J100007,29/06/2026 18:30,30937.14,33412.11,226
J100007,29/06/2026 19:00,30937.49,33412.48,228
J100007,29/06/2026 19:30,30937.83,33412.85,227
J100007,29/06/2026 20:00,30938.17,33413.22,223
J100007,29/06/2026 20:30,30938.51,33413.59,239
J100007,29/06/2026 21:00,30938.85,33413.96,236
J100007,29/06/2026 21:30,30939.2,33414.33,233
J100007,29/06/2026 22:00,30939.54,33414.7,225
J100007,29/06/2026 22:30,30939.88,33415.07,226
J100007,29/06/2026 23:00,30940.22,33415.44,232
J100007,29/06/2026 23:30,30940.57,33415.81,239
J100007,30/06/2026 00:00,30940.91,33416.18,220
J100007,30/06/2026 00:30,30941.25,33416.55,233
J100007,30/06/2026 01:00,30941.59,33416.92,225
J100007,30/06/2026 01:30,30941.94,33417.29,233
J100007,30/06/2026 02:00,30942.28,33417.66,238
J100007,30/06/2026 02:30,30942.62,33418.03,237
J100007,30/06/2026 03:00,30942.96,33418.4,221
J100007,30/06/2026 03:30,30943.31,33418.77,233
J100007,30/06/2026 04:00,30943.65,33419.14,228
J100007,30/06/2026 04:30,30943.99,33419.51,238
J100007,30/06/2026 05:00,30944.33,33419.88,221
J100007,30/06/2026 05:30,30944.67,33420.25,225
J100007,30/06/2026 06:00,30945.02,33420.62,225
J100007,30/06/2026 06:30,30945.36,33420.99,230
J100007,30/06/2026 07:00,30945.7,33421.36,237
J100007,30/06/2026 07:30,30946.04,33421.73,228
J100007,30/06/2026 08:00,30946.39,33422.1,229
J100007,30/06/2026 08:30,30946.73,33422.47,231
J100007,30/06/2026 09:00,30947.07,33422.84,235
J100007,30/06/2026 09:30,30947.41,33423.21,235
J100007,30/06/2026 10:00,30947.76,33423.58,234
J100007,30/06/2026 10:30,30948.1,33423.95,235
J100007,30/06/2026 11:00,30948.44,33424.32,223
J100007,30/06/2026 11:30,30948.78,33424.69,238
J100007,30/06/2026 12:00,30949.13,33425.06,238
J100007,30/06/2026 12:30,30949.47,33425.43,228
J100007,30/06/2026 13:00,30949.81,33425.79,229
J100007,30/06/2026 13:30,30950.15,33426.16,238
J100007,30/06/2026 14:00,30950.49,33426.53,228
J100007,30/06/2026 14:30,30950.84,33426.9,234
J100007,30/06/2026 15:00,30951.18,33427.27,233
J100007,30/06/2026 15:30,30951.52,33427.64,230
J100007,30/06/2026 16:00,30951.86,33428.01,233
J100007,30/06/2026 16:30,30952.21,33428.38,236
J100007,30/06/2026 17:00,30952.55,33428.75,232
J100007,30/06/2026 17:30,30952.89,33429.12,239
J100007,30/06/2026 18:00,30953.23,33429.49,228
J100007,30/06/2026 18:30,30953.58,33429.86,239
J100007,30/06/2026 19:00,30953.92,33430.23,235
J100007,30/06/2026 19:30,30954.26,33430.6,234
J100007,30/06/2026 20:00,30954.6,33430.97,221
J100007,30/06/2026 20:30,30954.95,33431.34,233
J100007,30/06/2026 21:00,30955.29,33431.71,228
J100007,30/06/2026 21:30,30955.63,33432.08,239
J100007,30/06/2026 22:00,30955.97,33432.45,233
J100007,30/06/2026 22:30,30956.32,33432.82,238
J100007,30/06/2026 23:00,30956.66,33433.19,236
J100007,30/06/2026 23:30,30957,33433.56,226
J100008,23/06/2026 23:30,27623.95,29833.87,227
J100008,24/06/2026 00:00,27624.08,29834.01,224
J100008,24/06/2026 00:30,27624.21,29834.14,239
J100008,24/06/2026 01:00,27624.34,29834.28,233
J100008,24/06/2026 01:30,27624.46,29834.42,223
J100008,24/06/2026 02:00,27624.59,29834.56,228
J100008,24/06/2026 02:30,27624.72,29834.7,237
J100008,24/06/2026 03:00,27624.85,29834.83,229
J100008,24/06/2026 03:30,27624.97,29834.97,235
J100008,24/06/2026 04:00,27625.1,29835.11,223
J100008,24/06/2026 04:30,27625.23,29835.25,236
J100008,24/06/2026 05:00,27625.36,29835.39,233
J100008,24/06/2026 05:30,27625.49,29835.52,221
J100008,24/06/2026 06:00,27625.61,29835.66,225
J100008,24/06/2026 06:30,27625.74,29835.8,220
J100008,24/06/2026 07:00,27625.87,29835.94,237
J100008,24/06/2026 07:30,27626,29836.08,225
J100008,24/06/2026 08:00,27626.12,29836.21,220
J100008,24/06/2026 08:30,27626.25,29836.35,233
J100008,24/06/2026 09:00,27626.38,29836.49,223
J100008,24/06/2026 09:30,27626.51,29836.63,223
J100008,24/06/2026 10:00,27626.63,29836.76,222
J100008,24/06/2026 10:30,27626.76,29836.9,221
J100008,24/06/2026 11:00,27626.89,29837.04,239
J100008,24/06/2026 11:30,27627.02,29837.18,226
J100008,24/06/2026 12:00,27627.14,29837.32,236
J100008,24/06/2026 12:30,27627.27,29837.45,228
J100008,24/06/2026 13:00,27627.4,29837.59,224
J100008,24/06/2026 13:30,27627.53,29837.73,229
J100008,24/06/2026 14:00,27627.66,29837.87,231
J100008,24/06/2026 14:30,27627.78,29838.01,225
J100008,24/06/2026 15:00,27627.91,29838.14,237
J100008,24/06/2026 15:30,27628.04,29838.28,231
J100008,24/06/2026 16:00,27628.17,29838.42,233
J100008,24/06/2026 16:30,27628.29,29838.56,223
J100008,24/06/2026 17:00,27628.42,29838.7,239
J100008,24/06/2026 17:30,27628.55,29838.83,235
J100008,24/06/2026 18:00,27628.68,29838.97,227
J100008,24/06/2026 18:30,27628.8,29839.11,231
J100008,24/06/2026 19:00,27628.93,29839.25,235
J100008,24/06/2026 19:30,27629.06,29839.38,221
J100008,24/06/2026 20:00,27629.19,29839.52,227
J100008,24/06/2026 20:30,27629.32,29839.66,223
J100008,24/06/2026 21:00,27629.44,29839.8,237
J100008,24/06/2026 21:30,27629.57,29839.94,239
J100008,24/06/2026 22:00,27629.7,29840.07,221
J100008,24/06/2026 22:30,27629.83,29840.21,221
J100008,24/06/2026 23:00,27629.95,29840.35,221
J100008,24/06/2026 23:30,27630.08,29840.49,232
J100008,25/06/2026 00:00,27630.21,29840.63,224
J100008,25/06/2026 00:30,27630.34,29840.76,224
J100008,25/06/2026 01:00,27630.46,29840.9,233
J100008,25/06/2026 01:30,27630.59,29841.04,237
J100008,25/06/2026 02:00,27630.72,29841.18,229
J100008,25/06/2026 02:30,27630.85,29841.32,226
J100008,25/06/2026 03:00,27630.98,29841.45,229
J100008,25/06/2026 03:30,27631.1,29841.59,227
J100008,25/06/2026 04:00,27631.23,29841.73,225
J100008,25/06/2026 04:30,27631.36,29841.87,239
J100008,25/06/2026 05:00,27631.49,29842,225
J100008,25/06/2026 05:30,27631.61,29842.14,226
J100008,25/06/2026 06:00,27631.74,29842.28,234
J100008,25/06/2026 06:30,27631.87,29842.42,224
J100008,25/06/2026 07:00,27632,29842.56,220
J100008,25/06/2026 07:30,27632.12,29842.69,230
J100008,25/06/2026 08:00,27632.25,29842.83,238
J100008,25/06/2026 08:30,27632.38,29842.97,236
J100008,25/06/2026 09:00,27632.51,29843.11,226
J100008,25/06/2026 09:30,27632.63,29843.25,225
J100008,25/06/2026 10:00,27632.76,29843.38,231
J100008,25/06/2026 10:30,27632.89,29843.52,225
J100008,25/06/2026 11:00,27633.02,29843.66,225
J100008,25/06/2026 11:30,27633.15,29843.8,236
J100008,25/06/2026 12:00,27633.27,29843.94,234
J100008,25/06/2026 12:30,27633.4,29844.07,234
J100008,25/06/2026 13:00,27633.53,29844.21,233
J100008,25/06/2026 13:30,27633.66,29844.35,237
J100008,25/06/2026 14:00,27633.78,29844.49,232
J100008,25/06/2026 14:30,27633.91,29844.62,232
J100008,25/06/2026 15:00,27634.04,29844.76,221
J100008,25/06/2026 15:30,27634.17,29844.9,220
J100008,25/06/2026 16:00,27634.29,29845.04,238
J100008,25/06/2026 16:30,27634.42,29845.18,237
J100008,25/06/2026 17:00,27634.55,29845.31,223
J100008,25/06/2026 17:30,27634.68,29845.45,235
J100008,25/06/2026 18:00,27634.81,29845.59,234
J100008,25/06/2026 18:30,27634.93,29845.73,240
J100008,25/06/2026 19:00,27635.06,29845.87,233
J100008,25/06/2026 19:30,27635.19,29846,226
J100008,25/06/2026 20:00,27635.32,29846.14,229
J100008,25/06/2026 20:30,27635.44,29846.28,231
J100008,25/06/2026 21:00,27635.57,29846.42,232
J100008,25/06/2026 21:30,27635.7,29846.55,228
J100008,25/06/2026 22:00,27635.83,29846.69,221
J100008,25/06/2026 22:30,27635.95,29846.83,223
J100008,25/06/2026 23:00,27636.08,29846.97,234
J100008,25/06/2026 23:30,27636.21,29847.11,238
J100008,26/06/2026 00:00,27636.34,29847.24,226
J100008,26/06/2026 00:30,27636.47,29847.38,230
J100008,26/06/2026 01:00,27636.59,29847.52,223
J100008,26/06/2026 01:30,27636.72,29847.66,232
J100008,26/06/2026 02:00,27636.85,29847.8,234
J100008,26/06/2026 02:30,27636.98,29847.93,226
J100008,26/06/2026 03:00,27637.1,29848.07,235
J100008,26/06/2026 03:30,27637.23,29848.21,239
J100008,26/06/2026 04:00,27637.36,29848.35,231
J100008,26/06/2026 04:30,27637.49,29848.49,236
J100008,26/06/2026 05:00,27637.61,29848.62,239
J100008,26/06/2026 05:30,27637.74,29848.76,226
J100008,26/06/2026 06:00,27637.87,29848.9,225
J100008,26/06/2026 06:30,27638,29849.04,221
J100008,26/06/2026 07:00,27638.12,29849.17,221
J100008,26/06/2026 07:30,27638.25,29849.31,237
J100008,26/06/2026 08:00,27638.38,29849.45,237
J100008,26/06/2026 08:30,27638.51,29849.59,232
J100008,26/06/2026 09:00,27638.64,29849.73,229
J100008,26/06/2026 09:30,27638.76,29849.86,237
J100008,26/06/2026 10:00,27638.89,29850,222
J100008,26/06/2026 10:30,27639.02,29850.14,238
J100008,26/06/2026 11:00,27639.15,29850.28,237
J100008,26/06/2026 11:30,27639.27,29850.42,229
J100008,26/06/2026 12:00,27639.4,29850.55,230
J100008,26/06/2026 12:30,27639.53,29850.69,225
J100008,26/06/2026 13:00,27639.66,29850.83,234
J100008,26/06/2026 13:30,27639.78,29850.97,229
J100008,26/06/2026 14:00,27639.91,29851.11,233
J100008,26/06/2026 14:30,27640.04,29851.24,220
J100008,26/06/2026 15:00,27640.17,29851.38,239
J100008,26/06/2026 15:30,27640.3,29851.52,240
J100008,26/06/2026 16:00,27640.42,29851.66,231
J100008,26/06/2026 16:30,27640.55,29851.79,221
J100008,26/06/2026 17:00,27640.68,29851.93,234
J100008,26/06/2026 17:30,27640.81,29852.07,229
J100008,26/06/2026 18:00,27640.93,29852.21,237
J100008,26/06/2026 18:30,27641.06,29852.35,239
J100008,26/06/2026 19:00,27641.19,29852.48,229
J100008,26/06/2026 19:30,27641.32,29852.62,221
J100008,26/06/2026 20:00,27641.44,29852.76,224
J100008,26/06/2026 20:30,27641.57,29852.9,223
J100008,26/06/2026 21:00,27641.7,29853.04,227
J100008,26/06/2026 21:30,27641.83,29853.17,225
J100008,26/06/2026 22:00,27641.96,29853.31,223
J100008,26/06/2026 22:30,27642.08,29853.45,235
J100008,26/06/2026 23:00,27642.21,29853.59,231
J100008,26/06/2026 23:30,27642.34,29853.73,221
J100008,27/06/2026 00:00,27642.47,29853.86,233
J100008,27/06/2026 00:30,27642.59,29854,228
J100008,27/06/2026 01:00,27642.72,29854.14,221
J100008,27/06/2026 01:30,27642.85,29854.28,231
J100008,27/06/2026 02:00,27642.98,29854.41,226
J100008,27/06/2026 02:30,27643.1,29854.55,238
J100008,27/06/2026 03:00,27643.23,29854.69,238
J100008,27/06/2026 03:30,27643.36,29854.83,226
J100008,27/06/2026 04:00,27643.49,29854.97,229
J100008,27/06/2026 04:30,27643.61,29855.1,231
J100008,27/06/2026 05:00,27643.74,29855.24,238
J100008,27/06/2026 05:30,27643.87,29855.38,220
J100008,27/06/2026 06:00,27644,29855.52,221
J100008,27/06/2026 06:30,27644.13,29855.66,238
J100008,27/06/2026 07:00,27644.25,29855.79,221
J100008,27/06/2026 07:30,27644.38,29855.93,222
J100008,27/06/2026 08:00,27644.51,29856.07,229
J100008,27/06/2026 08:30,27644.64,29856.21,221
J100008,27/06/2026 09:00,27644.76,29856.35,236
J100008,27/06/2026 09:30,27644.89,29856.48,236
J100008,27/06/2026 10:00,27645.02,29856.62,224
J100008,27/06/2026 10:30,27645.15,29856.76,239
J100008,27/06/2026 11:00,27645.27,29856.9,221
J100008,27/06/2026 11:30,27645.4,29857.03,222
J100008,27/06/2026 12:00,27645.53,29857.17,226
J100008,27/06/2026 12:30,27645.66,29857.31,229
J100008,27/06/2026 13:00,27645.79,29857.45,236
J100008,27/06/2026 13:30,27645.91,29857.59,235
J100008,27/06/2026 14:00,27646.04,29857.72,234
J100008,27/06/2026 14:30,27646.17,29857.86,227
J100008,27/06/2026 15:00,27646.3,29858,225
J100008,27/06/2026 15:30,27646.42,29858.14,235
J100008,27/06/2026 16:00,27646.55,29858.28,231
J100008,27/06/2026 16:30,27646.68,29858.41,225
J100008,27/06/2026 17:00,27646.81,29858.55,237
J100008,27/06/2026 17:30,27646.93,29858.69,233
J100008,27/06/2026 18:00,27647.06,29858.83,230
J100008,27/06/2026 18:30,27647.19,29858.96,237
J100008,27/06/2026 19:00,27647.32,29859.1,222
J100008,27/06/2026 19:30,27647.45,29859.24,221
J100008,27/06/2026 20:00,27647.57,29859.38,221
J100008,27/06/2026 20:30,27647.7,29859.52,235
J100008,27/06/2026 21:00,27647.83,29859.65,229
J100008,27/06/2026 21:30,27647.96,29859.79,238
J100008,27/06/2026 22:00,27648.08,29859.93,223
J100008,27/06/2026 22:30,27648.21,29860.07,226
J100008,27/06/2026 23:00,27648.34,29860.21,236
J100008,27/06/2026 23:30,27648.47,29860.34,235
J100008,28/06/2026 00:00,27648.59,29860.48,237
J100008,28/06/2026 00:30,27648.72,29860.62,224
J100008,28/06/2026 01:00,27648.85,29860.76,237
J100008,28/06/2026 01:30,27648.98,29860.9,224
J100008,28/06/2026 02:00,27649.1,29861.03,231
J100008,28/06/2026 02:30,27649.23,29861.17,225
J100008,28/06/2026 03:00,27649.36,29861.31,222
J100008,28/06/2026 03:30,27649.49,29861.45,229
J100008,28/06/2026 04:00,27649.62,29861.58,222
J100008,28/06/2026 04:30,27649.74,29861.72,240
J100008,28/06/2026 05:00,27649.87,29861.86,230
J100008,28/06/2026 05:30,27650,29862,221
J100008,28/06/2026 06:00,27650.13,29862.14,230
J100008,28/06/2026 06:30,27650.25,29862.27,238
J100008,28/06/2026 07:00,27650.38,29862.41,234
J100008,28/06/2026 07:30,27650.51,29862.55,235
J100008,28/06/2026 08:00,27650.64,29862.69,240
J100008,28/06/2026 08:30,27650.76,29862.83,230
J100008,28/06/2026 09:00,27650.89,29862.96,224
J100008,28/06/2026 09:30,27651.02,29863.1,222
J100008,28/06/2026 10:00,27651.15,29863.24,237
J100008,28/06/2026 10:30,27651.28,29863.38,227
J100008,28/06/2026 11:00,27651.4,29863.52,238
J100008,28/06/2026 11:30,27651.53,29863.65,238
J100008,28/06/2026 12:00,27651.66,29863.79,237
J100008,28/06/2026 12:30,27651.79,29863.93,233
J100008,28/06/2026 13:00,27651.91,29864.07,228
J100008,28/06/2026 13:30,27652.04,29864.2,228
J100008,28/06/2026 14:00,27652.17,29864.34,221
J100008,28/06/2026 14:30,27652.3,29864.48,229
J100008,28/06/2026 15:00,27652.42,29864.62,237
J100008,28/06/2026 15:30,27652.55,29864.76,239
J100008,28/06/2026 16:00,27652.68,29864.89,237
J100008,28/06/2026 16:30,27652.81,29865.03,226
J100008,28/06/2026 17:00,27652.94,29865.17,225
J100008,28/06/2026 17:30,27653.06,29865.31,233
J100008,28/06/2026 18:00,27653.19,29865.45,223
J100008,28/06/2026 18:30,27653.32,29865.58,221
J100008,28/06/2026 19:00,27653.45,29865.72,229
J100008,28/06/2026 19:30,27653.57,29865.86,234
J100008,28/06/2026 20:00,27653.7,29866,237
J100008,28/06/2026 20:30,27653.83,29866.14,229
J100008,28/06/2026 21:00,27653.96,29866.27,227
J100008,28/06/2026 21:30,27654.08,29866.41,237
J100008,28/06/2026 22:00,27654.21,29866.55,222
J100008,28/06/2026 22:30,27654.34,29866.69,232
J100008,28/06/2026 23:00,27654.47,29866.82,228
J100008,28/06/2026 23:30,27654.59,29866.96,230
J100008,29/06/2026 00:00,27654.72,29867.1,225
J100008,29/06/2026 00:30,27654.85,29867.24,235
J100008,29/06/2026 01:00,27654.98,29867.38,220
J100008,29/06/2026 01:30,27655.11,29867.51,238
J100008,29/06/2026 02:00,27655.23,29867.65,226
J100008,29/06/2026 02:30,27655.36,29867.79,238
J100008,29/06/2026 03:00,27655.49,29867.93,227
J100008,29/06/2026 03:30,27655.62,29868.07,238
J100008,29/06/2026 04:00,27655.74,29868.2,234
J100008,29/06/2026 04:30,27655.87,29868.34,238
J100008,29/06/2026 05:00,27656,29868.48,225
J100008,29/06/2026 05:30,27656.13,29868.62,228
J100008,29/06/2026 06:00,27656.25,29868.76,240
J100008,29/06/2026 06:30,27656.38,29868.89,238
J100008,29/06/2026 07:00,27656.51,29869.03,231
J100008,29/06/2026 07:30,27656.64,29869.17,225
J100008,29/06/2026 08:00,27656.77,29869.31,228
J100008,29/06/2026 08:30,27656.89,29869.44,233
J100008,29/06/2026 09:00,27657.02,29869.58,231
J100008,29/06/2026 09:30,27657.15,29869.72,235
J100008,29/06/2026 10:00,27657.28,29869.86,239
J100008,29/06/2026 10:30,27657.4,29870,234
J100008,29/06/2026 11:00,27657.53,29870.13,226
J100008,29/06/2026 11:30,27657.66,29870.27,222
J100008,29/06/2026 12:00,27657.79,29870.41,224
J100008,29/06/2026 12:30,27657.91,29870.55,224
J100008,29/06/2026 13:00,27658.04,29870.69,230
J100008,29/06/2026 13:30,27658.17,29870.82,228
J100008,29/06/2026 14:00,27658.3,29870.96,240
J100008,29/06/2026 14:30,27658.43,29871.1,224
J100008,29/06/2026 15:00,27658.55,29871.24,227
J100008,29/06/2026 15:30,27658.68,29871.37,233
J100008,29/06/2026 16:00,27658.81,29871.51,232
J100008,29/06/2026 16:30,27658.94,29871.65,240
J100008,29/06/2026 17:00,27659.06,29871.79,227
J100008,29/06/2026 17:30,27659.19,29871.93,239
J100008,29/06/2026 18:00,27659.32,29872.06,224
J100008,29/06/2026 18:30,27659.45,29872.2,238
J100008,29/06/2026 19:00,27659.57,29872.34,239
J100008,29/06/2026 19:30,27659.7,29872.48,227
J100008,29/06/2026 20:00,27659.83,29872.62,234
J100008,29/06/2026 20:30,27659.96,29872.75,238
J100008,29/06/2026 21:00,27660.08,29872.89,235
J100008,29/06/2026 21:30,27660.21,29873.03,233
J100008,29/06/2026 22:00,27660.34,29873.17,233
J100008,29/06/2026 22:30,27660.47,29873.31,228
J100008,29/06/2026 23:00,27660.6,29873.44,221
J100008,29/06/2026 23:30,27660.72,29873.58,228
J100008,30/06/2026 00:00,27660.85,29873.72,221
J100008,30/06/2026 00:30,27660.98,29873.86,236
J100008,30/06/2026 01:00,27661.11,29873.99,235
J100008,30/06/2026 01:30,27661.23,29874.13,228
J100008,30/06/2026 02:00,27661.36,29874.27,222
J100008,30/06/2026 02:30,27661.49,29874.41,238
J100008,30/06/2026 03:00,27661.62,29874.55,225
J100008,30/06/2026 03:30,27661.74,29874.68,234
J100008,30/06/2026 04:00,27661.87,29874.82,226
J100008,30/06/2026 04:30,27662,29874.96,225
J100008,30/06/2026 05:00,27662.13,29875.1,220
J100008,30/06/2026 05:30,27662.26,29875.24,232
J100008,30/06/2026 06:00,27662.38,29875.37,229
J100008,30/06/2026 06:30,27662.51,29875.51,240
J100008,30/06/2026 07:00,27662.64,29875.65,234
J100008,30/06/2026 07:30,27662.77,29875.79,223
J100008,30/06/2026 08:00,27662.89,29875.93,236
J100008,30/06/2026 08:30,27663.02,29876.06,230
J100008,30/06/2026 09:00,27663.15,29876.2,229
J100008,30/06/2026 09:30,27663.28,29876.34,225
J100008,30/06/2026 10:00,27663.4,29876.48,221
J100008,30/06/2026 10:30,27663.53,29876.61,231
J100008,30/06/2026 11:00,27663.66,29876.75,229
J100008,30/06/2026 11:30,27663.79,29876.89,239
J100008,30/06/2026 12:00,27663.92,29877.03,228
J100008,30/06/2026 12:30,27664.04,29877.17,234
J100008,30/06/2026 13:00,27664.17,29877.3,222
J100008,30/06/2026 13:30,27664.3,29877.44,222
J100008,30/06/2026 14:00,27664.43,29877.58,220
J100008,30/06/2026 14:30,27664.55,29877.72,226
J100008,30/06/2026 15:00,27664.68,29877.86,231
J100008,30/06/2026 15:30,27664.81,29877.99,222
J100008,30/06/2026 16:00,27664.94,29878.13,239
J100008,30/06/2026 16:30,27665.06,29878.27,221
J100008,30/06/2026 17:00,27665.19,29878.41,227
J100008,30/06/2026 17:30,27665.32,29878.55,236
J100008,30/06/2026 18:00,27665.45,29878.68,233
J100008,30/06/2026 18:30,27665.57,29878.82,229
J100008,30/06/2026 19:00,27665.7,29878.96,234
J100008,30/06/2026 19:30,27665.83,29879.1,233
J100008,30/06/2026 20:00,27665.96,29879.23,237
J100008,30/06/2026 20:30,27666.09,29879.37,225
J100008,30/06/2026 21:00,27666.21,29879.51,235
J100008,30/06/2026 21:30,27666.34,29879.65,224
J100008,30/06/2026 22:00,27666.47,29879.79,237
J100008,30/06/2026 22:30,27666.6,29879.92,234
J100008,30/06/2026 23:00,27666.72,29880.06,226
J100008,30/06/2026 23:30,27666.85,29880.2,222
J100009,23/06/2026 23:30,38630.74,41721.2,239
J100009,24/06/2026 00:00,38631.26,41721.76,234
J100009,24/06/2026 00:30,38631.78,41722.32,237
J100009,24/06/2026 01:00,38632.29,41722.88,231
J100009,24/06/2026 01:30,38632.81,41723.44,221
J100009,24/06/2026 02:00,38633.33,41723.99,229
J100009,24/06/2026 02:30,38633.84,41724.55,230
J100009,24/06/2026 03:00,38634.36,41725.11,225
J100009,24/06/2026 03:30,38634.88,41725.67,222
J100009,24/06/2026 04:00,38635.4,41726.23,232
J100009,24/06/2026 04:30,38635.91,41726.79,238
J100009,24/06/2026 05:00,38636.43,41727.34,234
J100009,24/06/2026 05:30,38636.95,41727.9,234
J100009,24/06/2026 06:00,38637.46,41728.46,232
J100009,24/06/2026 06:30,38637.98,41729.02,229
J100009,24/06/2026 07:00,38638.5,41729.58,227
J100009,24/06/2026 07:30,38639.01,41730.14,232
J100009,24/06/2026 08:00,38639.53,41730.69,227
J100009,24/06/2026 08:30,38640.05,41731.25,224
J100009,24/06/2026 09:00,38640.57,41731.81,225
J100009,24/06/2026 09:30,38641.08,41732.37,239
J100009,24/06/2026 10:00,38641.6,41732.93,226
J100009,24/06/2026 10:30,38642.12,41733.49,223
J100009,24/06/2026 11:00,38642.63,41734.04,228
J100009,24/06/2026 11:30,38643.15,41734.6,236
J100009,24/06/2026 12:00,38643.67,41735.16,220
J100009,24/06/2026 12:30,38644.18,41735.72,221
J100009,24/06/2026 13:00,38644.7,41736.28,234
J100009,24/06/2026 13:30,38645.22,41736.84,236
J100009,24/06/2026 14:00,38645.74,41737.39,226
J100009,24/06/2026 14:30,38646.25,41737.95,238
J100009,24/06/2026 15:00,38646.77,41738.51,236
J100009,24/06/2026 15:30,38647.29,41739.07,228
J100009,24/06/2026 16:00,38647.8,41739.63,236
J100009,24/06/2026 16:30,38648.32,41740.19,238
J100009,24/06/2026 17:00,38648.84,41740.74,234
J100009,24/06/2026 17:30,38649.35,41741.3,230
J100009,24/06/2026 18:00,38649.87,41741.86,229
J100009,24/06/2026 18:30,38650.39,41742.42,231
J100009,24/06/2026 19:00,38650.91,41742.98,231
J100009,24/06/2026 19:30,38651.42,41743.54,227
J100009,24/06/2026 20:00,38651.94,41744.09,234
J100009,24/06/2026 20:30,38652.46,41744.65,221
J100009,24/06/2026 21:00,38652.97,41745.21,239
J100009,24/06/2026 21:30,38653.49,41745.77,228
J100009,24/06/2026 22:00,38654.01,41746.33,237
J100009,24/06/2026 22:30,38654.52,41746.89,227
J100009,24/06/2026 23:00,38655.04,41747.44,236
J100009,24/06/2026 23:30,38655.56,41748,223
J100009,25/06/2026 00:00,38656.08,41748.56,234
J100009,25/06/2026 00:30,38656.59,41749.12,231
J100009,25/06/2026 01:00,38657.11,41749.68,223
J100009,25/06/2026 01:30,38657.63,41750.24,227
J100009,25/06/2026 02:00,38658.14,41750.79,225
J100009,25/06/2026 02:30,38658.66,41751.35,225
J100009,25/06/2026 03:00,38659.18,41751.91,229
J100009,25/06/2026 03:30,38659.69,41752.47,237
J100009,25/06/2026 04:00,38660.21,41753.03,221
J100009,25/06/2026 04:30,38660.73,41753.59,223
J100009,25/06/2026 05:00,38661.24,41754.14,228
J100009,25/06/2026 05:30,38661.76,41754.7,234
J100009,25/06/2026 06:00,38662.28,41755.26,234
J100009,25/06/2026 06:30,38662.8,41755.82,232
J100009,25/06/2026 07:00,38663.31,41756.38,237
J100009,25/06/2026 07:30,38663.83,41756.94,232
J100009,25/06/2026 08:00,38664.35,41757.49,236
J100009,25/06/2026 08:30,38664.86,41758.05,233
J100009,25/06/2026 09:00,38665.38,41758.61,220
J100009,25/06/2026 09:30,38665.9,41759.17,231
J100009,25/06/2026 10:00,38666.41,41759.73,230
J100009,25/06/2026 10:30,38666.93,41760.29,229
J100009,25/06/2026 11:00,38667.45,41760.84,232
J100009,25/06/2026 11:30,38667.97,41761.4,231
J100009,25/06/2026 12:00,38668.48,41761.96,228
J100009,25/06/2026 12:30,38669,41762.52,234
J100009,25/06/2026 13:00,38669.52,41763.08,238
J100009,25/06/2026 13:30,38670.03,41763.64,233
J100009,25/06/2026 14:00,38670.55,41764.19,230
J100009,25/06/2026 14:30,38671.07,41764.75,235
J100009,25/06/2026 15:00,38671.58,41765.31,225
J100009,25/06/2026 15:30,38672.1,41765.87,240
J100009,25/06/2026 16:00,38672.62,41766.43,232
J100009,25/06/2026 16:30,38673.14,41766.99,231
J100009,25/06/2026 17:00,38673.65,41767.54,233
J100009,25/06/2026 17:30,38674.17,41768.1,233
J100009,25/06/2026 18:00,38674.69,41768.66,223
J100009,25/06/2026 18:30,38675.2,41769.22,228
J100009,25/06/2026 19:00,38675.72,41769.78,229
J100009,25/06/2026 19:30,38676.24,41770.34,235
J100009,25/06/2026 20:00,38676.75,41770.89,233
J100009,25/06/2026 20:30,38677.27,41771.45,224
J100009,25/06/2026 21:00,38677.79,41772.01,237
J100009,25/06/2026 21:30,38678.31,41772.57,237
J100009,25/06/2026 22:00,38678.82,41773.13,239
J100009,25/06/2026 22:30,38679.34,41773.69,237
J100009,25/06/2026 23:00,38679.86,41774.24,224
J100009,25/06/2026 23:30,38680.37,41774.8,231
J100009,26/06/2026 00:00,38680.89,41775.36,225
J100009,26/06/2026 00:30,38681.41,41775.92,228
J100009,26/06/2026 01:00,38681.92,41776.48,226
J100009,26/06/2026 01:30,38682.44,41777.04,225
J100009,26/06/2026 02:00,38682.96,41777.59,230
J100009,26/06/2026 02:30,38683.47,41778.15,238
J100009,26/06/2026 03:00,38683.99,41778.71,224
J100009,26/06/2026 03:30,38684.51,41779.27,222
J100009,26/06/2026 04:00,38685.03,41779.83,238
J100009,26/06/2026 04:30,38685.54,41780.39,221
J100009,26/06/2026 05:00,38686.06,41780.94,230
J100009,26/06/2026 05:30,38686.58,41781.5,230
J100009,26/06/2026 06:00,38687.09,41782.06,228
J100009,26/06/2026 06:30,38687.61,41782.62,233
J100009,26/06/2026 07:00,38688.13,41783.18,236
J100009,26/06/2026 07:30,38688.64,41783.74,237
J100009,26/06/2026 08:00,38689.16,41784.29,223
J100009,26/06/2026 08:30,38689.68,41784.85,231
J100009,26/06/2026 09:00,38690.2,41785.41,221
J100009,26/06/2026 09:30,38690.71,41785.97,232
J100009,26/06/2026 10:00,38691.23,41786.53,238
J100009,26/06/2026 10:30,38691.75,41787.09,227
J100009,26/06/2026 11:00,38692.26,41787.64,229
J100009,26/06/2026 11:30,38692.78,41788.2,229
J100009,26/06/2026 12:00,38693.3,41788.76,227
J100009,26/06/2026 12:30,38693.81,41789.32,225
J100009,26/06/2026 13:00,38694.33,41789.88,228
J100009,26/06/2026 13:30,38694.85,41790.44,223
J100009,26/06/2026 14:00,38695.37,41790.99,224
J100009,26/06/2026 14:30,38695.88,41791.55,235
J100009,26/06/2026 15:00,38696.4,41792.11,225
J100009,26/06/2026 15:30,38696.92,41792.67,221
J100009,26/06/2026 16:00,38697.43,41793.23,235
J100009,26/06/2026 16:30,38697.95,41793.79,227
J100009,26/06/2026 17:00,38698.47,41794.34,223
J100009,26/06/2026 17:30,38698.98,41794.9,234
J100009,26/06/2026 18:00,38699.5,41795.46,226
J100009,26/06/2026 18:30,38700.02,41796.02,237
J100009,26/06/2026 19:00,38700.54,41796.58,237
J100009,26/06/2026 19:30,38701.05,41797.14,231
J100009,26/06/2026 20:00,38701.57,41797.69,235
J100009,26/06/2026 20:30,38702.09,41798.25,229
J100009,26/06/2026 21:00,38702.6,41798.81,233
J100009,26/06/2026 21:30,38703.12,41799.37,237
J100009,26/06/2026 22:00,38703.64,41799.93,238
J100009,26/06/2026 22:30,38704.15,41800.49,233
J100009,26/06/2026 23:00,38704.67,41801.04,226
J100009,26/06/2026 23:30,38705.19,41801.6,236
J100009,27/06/2026 00:00,38705.7,41802.16,222
J100009,27/06/2026 00:30,38706.22,41802.72,235
J100009,27/06/2026 01:00,38706.74,41803.28,237
J100009,27/06/2026 01:30,38707.26,41803.84,239
J100009,27/06/2026 02:00,38707.77,41804.39,233
J100009,27/06/2026 02:30,38708.29,41804.95,222
J100009,27/06/2026 03:00,38708.81,41805.51,226
J100009,27/06/2026 03:30,38709.32,41806.07,236
J100009,27/06/2026 04:00,38709.84,41806.63,224
J100009,27/06/2026 04:30,38710.36,41807.19,233
J100009,27/06/2026 05:00,38710.87,41807.74,231
J100009,27/06/2026 05:30,38711.39,41808.3,225
J100009,27/06/2026 06:00,38711.91,41808.86,232
J100009,27/06/2026 06:30,38712.43,41809.42,236
J100009,27/06/2026 07:00,38712.94,41809.98,231
J100009,27/06/2026 07:30,38713.46,41810.54,228
J100009,27/06/2026 08:00,38713.98,41811.09,238
J100009,27/06/2026 08:30,38714.49,41811.65,220
J100009,27/06/2026 09:00,38715.01,41812.21,234
J100009,27/06/2026 09:30,38715.53,41812.77,226
J100009,27/06/2026 10:00,38716.04,41813.33,230
J100009,27/06/2026 10:30,38716.56,41813.89,237
J100009,27/06/2026 11:00,38717.08,41814.44,231
J100009,27/06/2026 11:30,38717.6,41815,232
J100009,27/06/2026 12:00,38718.11,41815.56,225
J100009,27/06/2026 12:30,38718.63,41816.12,228
J100009,27/06/2026 13:00,38719.15,41816.68,233
J100009,27/06/2026 13:30,38719.66,41817.24,233
J100009,27/06/2026 14:00,38720.18,41817.79,227
J100009,27/06/2026 14:30,38720.7,41818.35,227
J100009,27/06/2026 15:00,38721.21,41818.91,234
J100009,27/06/2026 15:30,38721.73,41819.47,233
J100009,27/06/2026 16:00,38722.25,41820.03,222
J100009,27/06/2026 16:30,38722.77,41820.59,224
J100009,27/06/2026 17:00,38723.28,41821.14,222
J100009,27/06/2026 17:30,38723.8,41821.7,228
J100009,27/06/2026 18:00,38724.32,41822.26,236
J100009,27/06/2026 18:30,38724.83,41822.82,231
J100009,27/06/2026 19:00,38725.35,41823.38,230
J100009,27/06/2026 19:30,38725.87,41823.94,239
J100009,27/06/2026 20:00,38726.38,41824.49,232
J100009,27/06/2026 20:30,38726.9,41825.05,234
J100009,27/06/2026 21:00,38727.42,41825.61,227
J100009,27/06/2026 21:30,38727.93,41826.17,226
J100009,27/06/2026 22:00,38728.45,41826.73,240
J100009,27/06/2026 22:30,38728.97,41827.29,238
J100009,27/06/2026 23:00,38729.49,41827.84,240
J100009,27/06/2026 23:30,38730,41828.4,239
J100009,28/06/2026 00:00,38730.52,41828.96,226
J100009,28/06/2026 00:30,38731.04,41829.52,225
J100009,28/06/2026 01:00,38731.55,41830.08,238
J100009,28/06/2026 01:30,38732.07,41830.64,223
J100009,28/06/2026 02:00,38732.59,41831.19,235
J100009,28/06/2026 02:30,38733.1,41831.75,232
J100009,28/06/2026 03:00,38733.62,41832.31,230
J100009,28/06/2026 03:30,38734.14,41832.87,220
J100009,28/06/2026 04:00,38734.66,41833.43,232
J100009,28/06/2026 04:30,38735.17,41833.99,226
J100009,28/06/2026 05:00,38735.69,41834.54,229
J100009,28/06/2026 05:30,38736.21,41835.1,239
J100009,28/06/2026 06:00,38736.72,41835.66,236
J100009,28/06/2026 06:30,38737.24,41836.22,224
J100009,28/06/2026 07:00,38737.76,41836.78,225
J100009,28/06/2026 07:30,38738.27,41837.34,225
J100009,28/06/2026 08:00,38738.79,41837.89,222
J100009,28/06/2026 08:30,38739.31,41838.45,230
J100009,28/06/2026 09:00,38739.83,41839.01,234
J100009,28/06/2026 09:30,38740.34,41839.57,223
J100009,28/06/2026 10:00,38740.86,41840.13,228
J100009,28/06/2026 10:30,38741.38,41840.69,238
J100009,28/06/2026 11:00,38741.89,41841.24,226
J100009,28/06/2026 11:30,38742.41,41841.8,231
J100009,28/06/2026 12:00,38742.93,41842.36,220
J100009,28/06/2026 12:30,38743.44,41842.92,230
J100009,28/06/2026 13:00,38743.96,41843.48,221
J100009,28/06/2026 13:30,38744.48,41844.04,221
J100009,28/06/2026 14:00,38745,41844.59,231
J100009,28/06/2026 14:30,38745.51,41845.15,238
J100009,28/06/2026 15:00,38746.03,41845.71,224
J100009,28/06/2026 15:30,38746.55,41846.27,220
J100009,28/06/2026 16:00,38747.06,41846.83,234
J100009,28/06/2026 16:30,38747.58,41847.39,224
J100009,28/06/2026 17:00,38748.1,41847.94,237
J100009,28/06/2026 17:30,38748.61,41848.5,233
J100009,28/06/2026 18:00,38749.13,41849.06,238
J100009,28/06/2026 18:30,38749.65,41849.62,227
J100009,28/06/2026 19:00,38750.16,41850.18,225
J100009,28/06/2026 19:30,38750.68,41850.74,227
J100009,28/06/2026 20:00,38751.2,41851.29,235
J100009,28/06/2026 20:30,38751.72,41851.85,234
J100009,28/06/2026 21:00,38752.23,41852.41,233
J100009,28/06/2026 21:30,38752.75,41852.97,232
J100009,28/06/2026 22:00,38753.27,41853.53,236
J100009,28/06/2026 22:30,38753.78,41854.09,230
J100009,28/06/2026 23:00,38754.3,41854.64,223
J100009,28/06/2026 23:30,38754.82,41855.2,236
J100009,29/06/2026 00:00,38755.33,41855.76,233
J100009,29/06/2026 00:30,38755.85,41856.32,239
J100009,29/06/2026 01:00,38756.37,41856.88,230
J100009,29/06/2026 01:30,38756.89,41857.44,221
J100009,29/06/2026 02:00,38757.4,41857.99,222
J100009,29/06/2026 02:30,38757.92,41858.55,229
J100009,29/06/2026 03:00,38758.44,41859.11,230
J100009,29/06/2026 03:30,38758.95,41859.67,230
J100009,29/06/2026 04:00,38759.47,41860.23,239
J100009,29/06/2026 04:30,38759.99,41860.79,225
J100009,29/06/2026 05:00,38760.5,41861.34,225
J100009,29/06/2026 05:30,38761.02,41861.9,232
J100009,29/06/2026 06:00,38761.54,41862.46,222
J100009,29/06/2026 06:30,38762.06,41863.02,235
J100009,29/06/2026 07:00,38762.57,41863.58,223
J100009,29/06/2026 07:30,38763.09,41864.14,231
J100009,29/06/2026 08:00,38763.61,41864.69,227
J100009,29/06/2026 08:30,38764.12,41865.25,222
J100009,29/06/2026 09:00,38764.64,41865.81,239
J100009,29/06/2026 09:30,38765.16,41866.37,226
J100009,29/06/2026 10:00,38765.67,41866.93,221
J100009,29/06/2026 10:30,38766.19,41867.49,226
J100009,29/06/2026 11:00,38766.71,41868.04,223
J100009,29/06/2026 11:30,38767.23,41868.6,224
J100009,29/06/2026 12:00,38767.74,41869.16,239
J100009,29/06/2026 12:30,38768.26,41869.72,226
J100009,29/06/2026 13:00,38768.78,41870.28,232
J100009,29/06/2026 13:30,38769.29,41870.84,226
J100009,29/06/2026 14:00,38769.81,41871.39,226
J100009,29/06/2026 14:30,38770.33,41871.95,226
J100009,29/06/2026 15:00,38770.84,41872.51,237
J100009,29/06/2026 15:30,38771.36,41873.07,239
J100009,29/06/2026 16:00,38771.88,41873.63,236
J100009,29/06/2026 16:30,38772.39,41874.19,222
J100009,29/06/2026 17:00,38772.91,41874.74,224
J100009,29/06/2026 17:30,38773.43,41875.3,237
J100009,29/06/2026 18:00,38773.95,41875.86,223
J100009,29/06/2026 18:30,38774.46,41876.42,232
J100009,29/06/2026 19:00,38774.98,41876.98,237
J100009,29/06/2026 19:30,38775.5,41877.54,227
J100009,29/06/2026 20:00,38776.01,41878.09,221
J100009,29/06/2026 20:30,38776.53,41878.65,224
J100009,29/06/2026 21:00,38777.05,41879.21,237
J100009,29/06/2026 21:30,38777.56,41879.77,221
J100009,29/06/2026 22:00,38778.08,41880.33,237
J100009,29/06/2026 22:30,38778.6,41880.89,238
J100009,29/06/2026 23:00,38779.12,41881.44,223
J100009,29/06/2026 23:30,38779.63,41882,238
J100009,30/06/2026 00:00,38780.15,41882.56,231
J100009,30/06/2026 00:30,38780.67,41883.12,225
J100009,30/06/2026 01:00,38781.18,41883.68,231
J100009,30/06/2026 01:30,38781.7,41884.24,231
J100009,30/06/2026 02:00,38782.22,41884.79,229
J100009,30/06/2026 02:30,38782.73,41885.35,222
J100009,30/06/2026 03:00,38783.25,41885.91,228
J100009,30/06/2026 03:30,38783.77,41886.47,222
J100009,30/06/2026 04:00,38784.29,41887.03,237
J100009,30/06/2026 04:30,38784.8,41887.59,230
J100009,30/06/2026 05:00,38785.32,41888.14,223
J100009,30/06/2026 05:30,38785.84,41888.7,226
J100009,30/06/2026 06:00,38786.35,41889.26,223
J100009,30/06/2026 06:30,38786.87,41889.82,240
J100009,30/06/2026 07:00,38787.39,41890.38,232
J100009,30/06/2026 07:30,38787.9,41890.94,233
J100009,30/06/2026 08:00,38788.42,41891.49,236
J100009,30/06/2026 08:30,38788.94,41892.05,221
J100009,30/06/2026 09:00,38789.46,41892.61,240
J100009,30/06/2026 09:30,38789.97,41893.17,229
J100009,30/06/2026 10:00,38790.49,41893.73,221
J100009,30/06/2026 10:30,38791.01,41894.29,224
J100009,30/06/2026 11:00,38791.52,41894.84,229
J100009,30/06/2026 11:30,38792.04,41895.4,223
J100009,30/06/2026 12:00,38792.56,41895.96,232
J100009,30/06/2026 12:30,38793.07,41896.52,238
J100009,30/06/2026 13:00,38793.59,41897.08,232
J100009,30/06/2026 13:30,38794.11,41897.64,222
J100009,30/06/2026 14:00,38794.62,41898.19,234
J100009,30/06/2026 14:30,38795.14,41898.75,224
J100009,30/06/2026 15:00,38795.66,41899.31,227
J100009,30/06/2026 15:30,38796.18,41899.87,239
J100009,30/06/2026 16:00,38796.69,41900.43,237
J100009,30/06/2026 16:30,38797.21,41900.99,221
J100009,30/06/2026 17:00,38797.73,41901.54,235
J100009,30/06/2026 17:30,38798.24,41902.1,228
J100009,30/06/2026 18:00,38798.76,41902.66,230
J100009,30/06/2026 18:30,38799.28,41903.22,239
J100009,30/06/2026 19:00,38799.79,41903.78,224
J100009,30/06/2026 19:30,38800.31,41904.34,228
J100009,30/06/2026 20:00,38800.83,41904.89,223
J100009,30/06/2026 20:30,38801.35,41905.45,235
J100009,30/06/2026 21:00,38801.86,41906.01,228
J100009,30/06/2026 21:30,38802.38,41906.57,222
J100009,30/06/2026 22:00,38802.9,41907.13,227
J100009,30/06/2026 22:30,38803.41,41907.69,233
J100009,30/06/2026 23:00,38803.93,41908.25,231
J100009,30/06/2026 23:30,38804.45,41908.8,227
J100010,23/06/2026 23:30,18964.26,20481.4,221
J100010,24/06/2026 00:00,18964.76,20481.95,236
J100010,24/06/2026 00:30,18965.27,20482.49,235
J100010,24/06/2026 01:00,18965.78,20483.04,230
J100010,24/06/2026 01:30,18966.28,20483.59,227
J100010,24/06/2026 02:00,18966.79,20484.13,234
J100010,24/06/2026 02:30,18967.3,20484.68,238
J100010,24/06/2026 03:00,18967.8,20485.23,224
J100010,24/06/2026 03:30,18968.31,20485.78,236
J100010,24/06/2026 04:00,18968.82,20486.32,240
J100010,24/06/2026 04:30,18969.32,20486.87,221
J100010,24/06/2026 05:00,18969.83,20487.42,238
J100010,24/06/2026 05:30,18970.34,20487.96,222
J100010,24/06/2026 06:00,18970.84,20488.51,235
J100010,24/06/2026 06:30,18971.35,20489.06,220
J100010,24/06/2026 07:00,18971.86,20489.61,229
J100010,24/06/2026 07:30,18972.36,20490.15,232
J100010,24/06/2026 08:00,18972.87,20490.7,231
J100010,24/06/2026 08:30,18973.38,20491.25,230
J100010,24/06/2026 09:00,18973.88,20491.79,236
J100010,24/06/2026 09:30,18974.39,20492.34,231
J100010,24/06/2026 10:00,18974.9,20492.89,229
J100010,24/06/2026 10:30,18975.4,20493.43,234
J100010,24/06/2026 11:00,18975.91,20493.98,230
J100010,24/06/2026 11:30,18976.42,20494.53,228
J100010,24/06/2026 12:00,18976.92,20495.08,232
J100010,24/06/2026 12:30,18977.43,20495.62,236
J100010,24/06/2026 13:00,18977.94,20496.17,236
J100010,24/06/2026 13:30,18978.44,20496.72,227
J100010,24/06/2026 14:00,18978.95,20497.26,223
J100010,24/06/2026 14:30,18979.46,20497.81,239
J100010,24/06/2026 15:00,18979.96,20498.36,232
J100010,24/06/2026 15:30,18980.47,20498.91,231
J100010,24/06/2026 16:00,18980.97,20499.45,224
J100010,24/06/2026 16:30,18981.48,20500,222
J100010,24/06/2026 17:00,18981.99,20500.55,235
J100010,24/06/2026 17:30,18982.49,20501.09,231
J100010,24/06/2026 18:00,18983,20501.64,236
J100010,24/06/2026 18:30,18983.51,20502.19,230
J100010,24/06/2026 19:00,18984.01,20502.74,223
J100010,24/06/2026 19:30,18984.52,20503.28,227
J100010,24/06/2026 20:00,18985.03,20503.83,230
J100010,24/06/2026 20:30,18985.53,20504.38,226
J100010,24/06/2026 21:00,18986.04,20504.92,230
J100010,24/06/2026 21:30,18986.55,20505.47,234
J100010,24/06/2026 22:00,18987.05,20506.02,228
J100010,24/06/2026 22:30,18987.56,20506.57,228
J100010,24/06/2026 23:00,18988.07,20507.11,225
J100010,24/06/2026 23:30,18988.57,20507.66,224
J100010,25/06/2026 00:00,18989.08,20508.21,220
J100010,25/06/2026 00:30,18989.59,20508.75,239
J100010,25/06/2026 01:00,18990.09,20509.3,238
J100010,25/06/2026 01:30,18990.6,20509.85,221
J100010,25/06/2026 02:00,18991.11,20510.39,222
J100010,25/06/2026 02:30,18991.61,20510.94,228
J100010,25/06/2026 03:00,18992.12,20511.49,222
J100010,25/06/2026 03:30,18992.63,20512.04,226
J100010,25/06/2026 04:00,18993.13,20512.58,223
J100010,25/06/2026 04:30,18993.64,20513.13,222
J100010,25/06/2026 05:00,18994.15,20513.68,239
J100010,25/06/2026 05:30,18994.65,20514.22,225
J100010,25/06/2026 06:00,18995.16,20514.77,223
J100010,25/06/2026 06:30,18995.67,20515.32,238
J100010,25/06/2026 07:00,18996.17,20515.87,227
J100010,25/06/2026 07:30,18996.68,20516.41,231
J100010,25/06/2026 08:00,18997.19,20516.96,237
J100010,25/06/2026 08:30,18997.69,20517.51,239
J100010,25/06/2026 09:00,18998.2,20518.05,228
J100010,25/06/2026 09:30,18998.71,20518.6,230
J100010,25/06/2026 10:00,18999.21,20519.15,238
J100010,25/06/2026 10:30,18999.72,20519.7,231
J100010,25/06/2026 11:00,19000.22,20520.24,235
J100010,25/06/2026 11:30,19000.73,20520.79,228
J100010,25/06/2026 12:00,19001.24,20521.34,237
J100010,25/06/2026 12:30,19001.74,20521.88,225
J100010,25/06/2026 13:00,19002.25,20522.43,231
J100010,25/06/2026 13:30,19002.76,20522.98,232
J100010,25/06/2026 14:00,19003.26,20523.53,236
J100010,25/06/2026 14:30,19003.77,20524.07,231
J100010,25/06/2026 15:00,19004.28,20524.62,233
J100010,25/06/2026 15:30,19004.78,20525.17,221
J100010,25/06/2026 16:00,19005.29,20525.71,230
J100010,25/06/2026 16:30,19005.8,20526.26,221
J100010,25/06/2026 17:00,19006.3,20526.81,231
J100010,25/06/2026 17:30,19006.81,20527.36,229
J100010,25/06/2026 18:00,19007.32,20527.9,237
J100010,25/06/2026 18:30,19007.82,20528.45,229
J100010,25/06/2026 19:00,19008.33,20529,224
J100010,25/06/2026 19:30,19008.84,20529.54,236
J100010,25/06/2026 20:00,19009.34,20530.09,226
J100010,25/06/2026 20:30,19009.85,20530.64,232
J100010,25/06/2026 21:00,19010.36,20531.18,229
J100010,25/06/2026 21:30,19010.86,20531.73,228
J100010,25/06/2026 22:00,19011.37,20532.28,235
J100010,25/06/2026 22:30,19011.88,20532.83,234
J100010,25/06/2026 23:00,19012.38,20533.37,240
J100010,25/06/2026 23:30,19012.89,20533.92,225
J100010,26/06/2026 00:00,19013.4,20534.47,228
J100010,26/06/2026 00:30,19013.9,20535.01,229
J100010,26/06/2026 01:00,19014.41,20535.56,238
J100010,26/06/2026 01:30,19014.92,20536.11,233
J100010,26/06/2026 02:00,19015.42,20536.66,232
J100010,26/06/2026 02:30,19015.93,20537.2,222
J100010,26/06/2026 03:00,19016.44,20537.75,235
J100010,26/06/2026 03:30,19016.94,20538.3,223
J100010,26/06/2026 04:00,19017.45,20538.84,236
J100010,26/06/2026 04:30,19017.95,20539.39,222
J100010,26/06/2026 05:00,19018.46,20539.94,223
J100010,26/06/2026 05:30,19018.97,20540.49,221
J100010,26/06/2026 06:00,19019.47,20541.03,239
J100010,26/06/2026 06:30,19019.98,20541.58,225
J100010,26/06/2026 07:00,19020.49,20542.13,238
J100010,26/06/2026 07:30,19020.99,20542.67,223
J100010,26/06/2026 08:00,19021.5,20543.22,237
J100010,26/06/2026 08:30,19022.01,20543.77,229
J100010,26/06/2026 09:00,19022.51,20544.32,224
J100010,26/06/2026 09:30,19023.02,20544.86,224
J100010,26/06/2026 10:00,19023.53,20545.41,226
J100010,26/06/2026 10:30,19024.03,20545.96,236
J100010,26/06/2026 11:00,19024.54,20546.5,221
J100010,26/06/2026 11:30,19025.05,20547.05,224
J100010,26/06/2026 12:00,19025.55,20547.6,223
J100010,26/06/2026 12:30,19026.06,20548.14,236
J100010,26/06/2026 13:00,19026.57,20548.69,226
J100010,26/06/2026 13:30,19027.07,20549.24,228
J100010,26/06/2026 14:00,19027.58,20549.79,237
J100010,26/06/2026 14:30,19028.09,20550.33,222
J100010,26/06/2026 15:00,19028.59,20550.88,240
J100010,26/06/2026 15:30,19029.1,20551.43,221
J100010,26/06/2026 16:00,19029.61,20551.97,229
J100010,26/06/2026 16:30,19030.11,20552.52,226
J100010,26/06/2026 17:00,19030.62,20553.07,240
J100010,26/06/2026 17:30,19031.13,20553.62,230
J100010,26/06/2026 18:00,19031.63,20554.16,230
J100010,26/06/2026 18:30,19032.14,20554.71,220
J100010,26/06/2026 19:00,19032.65,20555.26,239
J100010,26/06/2026 19:30,19033.15,20555.8,240
J100010,26/06/2026 20:00,19033.66,20556.35,221
J100010,26/06/2026 20:30,19034.17,20556.9,235
J100010,26/06/2026 21:00,19034.67,20557.45,231
J100010,26/06/2026 21:30,19035.18,20557.99,222
J100010,26/06/2026 22:00,19035.68,20558.54,221
J100010,26/06/2026 22:30,19036.19,20559.09,224
J100010,26/06/2026 23:00,19036.7,20559.63,230
J100010,26/06/2026 23:30,19037.2,20560.18,227
J100010,27/06/2026 00:00,19037.71,20560.73,239
J100010,27/06/2026 00:30,19038.22,20561.28,227
J100010,27/06/2026 01:00,19038.72,20561.82,221
J100010,27/06/2026 01:30,19039.23,20562.37,227
J100010,27/06/2026 02:00,19039.74,20562.92,239
J100010,27/06/2026 02:30,19040.24,20563.46,223
J100010,27/06/2026 03:00,19040.75,20564.01,222
J100010,27/06/2026 03:30,19041.26,20564.56,223
J100010,27/06/2026 04:00,19041.76,20565.1,236
J100010,27/06/2026 04:30,19042.27,20565.65,239
J100010,27/06/2026 05:00,19042.78,20566.2,223
J100010,27/06/2026 05:30,19043.28,20566.75,238
J100010,27/06/2026 06:00,19043.79,20567.29,236
J100010,27/06/2026 06:30,19044.3,20567.84,231
J100010,27/06/2026 07:00,19044.8,20568.39,221
J100010,27/06/2026 07:30,19045.31,20568.93,227
J100010,27/06/2026 08:00,19045.82,20569.48,230
J100010,27/06/2026 08:30,19046.32,20570.03,233
J100010,27/06/2026 09:00,19046.83,20570.58,229
J100010,27/06/2026 09:30,19047.34,20571.12,229
J100010,27/06/2026 10:00,19047.84,20571.67,229
J100010,27/06/2026 10:30,19048.35,20572.22,230
J100010,27/06/2026 11:00,19048.86,20572.76,221
J100010,27/06/2026 11:30,19049.36,20573.31,223
J100010,27/06/2026 12:00,19049.87,20573.86,232
J100010,27/06/2026 12:30,19050.38,20574.41,235
J100010,27/06/2026 13:00,19050.88,20574.95,222
J100010,27/06/2026 13:30,19051.39,20575.5,228
J100010,27/06/2026 14:00,19051.9,20576.05,224
J100010,27/06/2026 14:30,19052.4,20576.59,228
J100010,27/06/2026 15:00,19052.91,20577.14,223
J100010,27/06/2026 15:30,19053.42,20577.69,233
J100010,27/06/2026 16:00,19053.92,20578.24,237
J100010,27/06/2026 16:30,19054.43,20578.78,225
J100010,27/06/2026 17:00,19054.93,20579.33,222
J100010,27/06/2026 17:30,19055.44,20579.88,226
J100010,27/06/2026 18:00,19055.95,20580.42,221
J100010,27/06/2026 18:30,19056.45,20580.97,230
J100010,27/06/2026 19:00,19056.96,20581.52,238
J100010,27/06/2026 19:30,19057.47,20582.07,220
J100010,27/06/2026 20:00,19057.97,20582.61,233
J100010,27/06/2026 20:30,19058.48,20583.16,234
J100010,27/06/2026 21:00,19058.99,20583.71,236
J100010,27/06/2026 21:30,19059.49,20584.25,231
J100010,27/06/2026 22:00,19060,20584.8,233
J100010,27/06/2026 22:30,19060.51,20585.35,229
J100010,27/06/2026 23:00,19061.01,20585.89,237
J100010,27/06/2026 23:30,19061.52,20586.44,234
J100010,28/06/2026 00:00,19062.03,20586.99,240
J100010,28/06/2026 00:30,19062.53,20587.54,231
J100010,28/06/2026 01:00,19063.04,20588.08,238
J100010,28/06/2026 01:30,19063.55,20588.63,222
J100010,28/06/2026 02:00,19064.05,20589.18,229
J100010,28/06/2026 02:30,19064.56,20589.72,221
J100010,28/06/2026 03:00,19065.07,20590.27,234
J100010,28/06/2026 03:30,19065.57,20590.82,221
J100010,28/06/2026 04:00,19066.08,20591.37,227
J100010,28/06/2026 04:30,19066.59,20591.91,227
J100010,28/06/2026 05:00,19067.09,20592.46,224
J100010,28/06/2026 05:30,19067.6,20593.01,220
J100010,28/06/2026 06:00,19068.11,20593.55,227
J100010,28/06/2026 06:30,19068.61,20594.1,221
J100010,28/06/2026 07:00,19069.12,20594.65,234
J100010,28/06/2026 07:30,19069.63,20595.2,234
J100010,28/06/2026 08:00,19070.13,20595.74,236
J100010,28/06/2026 08:30,19070.64,20596.29,225
J100010,28/06/2026 09:00,19071.15,20596.84,223
J100010,28/06/2026 09:30,19071.65,20597.38,231
J100010,28/06/2026 10:00,19072.16,20597.93,238
J100010,28/06/2026 10:30,19072.66,20598.48,227
J100010,28/06/2026 11:00,19073.17,20599.03,230
J100010,28/06/2026 11:30,19073.68,20599.57,236
J100010,28/06/2026 12:00,19074.18,20600.12,238
J100010,28/06/2026 12:30,19074.69,20600.67,233
J100010,28/06/2026 13:00,19075.2,20601.21,230
J100010,28/06/2026 13:30,19075.7,20601.76,235
J100010,28/06/2026 14:00,19076.21,20602.31,235
J100010,28/06/2026 14:30,19076.72,20602.85,221
J100010,28/06/2026 15:00,19077.22,20603.4,232
J100010,28/06/2026 15:30,19077.73,20603.95,229
J100010,28/06/2026 16:00,19078.24,20604.5,234
J100010,28/06/2026 16:30,19078.74,20605.04,240
J100010,28/06/2026 17:00,19079.25,20605.59,227
J100010,28/06/2026 17:30,19079.76,20606.14,233
J100010,28/06/2026 18:00,19080.26,20606.68,233
J100010,28/06/2026 18:30,19080.77,20607.23,230
J100010,28/06/2026 19:00,19081.28,20607.78,238
J100010,28/06/2026 19:30,19081.78,20608.33,234
J100010,28/06/2026 20:00,19082.29,20608.87,222
J100010,28/06/2026 20:30,19082.8,20609.42,238
J100010,28/06/2026 21:00,19083.3,20609.97,234
J100010,28/06/2026 21:30,19083.81,20610.51,235
J100010,28/06/2026 22:00,19084.32,20611.06,225
J100010,28/06/2026 22:30,19084.82,20611.61,222
J100010,28/06/2026 23:00,19085.33,20612.16,225
J100010,28/06/2026 23:30,19085.84,20612.7,235
J100010,29/06/2026 00:00,19086.34,20613.25,231
J100010,29/06/2026 00:30,19086.85,20613.8,235
J100010,29/06/2026 01:00,19087.36,20614.34,223
J100010,29/06/2026 01:30,19087.86,20614.89,239
J100010,29/06/2026 02:00,19088.37,20615.44,226
J100010,29/06/2026 02:30,19088.88,20615.99,227
J100010,29/06/2026 03:00,19089.38,20616.53,235
J100010,29/06/2026 03:30,19089.89,20617.08,236
J100010,29/06/2026 04:00,19090.4,20617.63,238
J100010,29/06/2026 04:30,19090.9,20618.17,238
J100010,29/06/2026 05:00,19091.41,20618.72,230
J100010,29/06/2026 05:30,19091.91,20619.27,231
J100010,29/06/2026 06:00,19092.42,20619.82,233
J100010,29/06/2026 06:30,19092.93,20620.36,223
J100010,29/06/2026 07:00,19093.43,20620.91,230
J100010,29/06/2026 07:30,19093.94,20621.46,227
J100010,29/06/2026 08:00,19094.45,20622,230
J100010,29/06/2026 08:30,19094.95,20622.55,237
J100010,29/06/2026 09:00,19095.46,20623.1,221
J100010,29/06/2026 09:30,19095.97,20623.64,232
J100010,29/06/2026 10:00,19096.47,20624.19,231
J100010,29/06/2026 10:30,19096.98,20624.74,230
J100010,29/06/2026 11:00,19097.49,20625.29,232
J100010,29/06/2026 11:30,19097.99,20625.83,238
J100010,29/06/2026 12:00,19098.5,20626.38,223
J100010,29/06/2026 12:30,19099.01,20626.93,234
J100010,29/06/2026 13:00,19099.51,20627.47,223
J100010,29/06/2026 13:30,19100.02,20628.02,230
J100010,29/06/2026 14:00,19100.53,20628.57,238
J100010,29/06/2026 14:30,19101.03,20629.12,232
J100010,29/06/2026 15:00,19101.54,20629.66,220
J100010,29/06/2026 15:30,19102.05,20630.21,240
J100010,29/06/2026 16:00,19102.55,20630.76,238
J100010,29/06/2026 16:30,19103.06,20631.3,223
J100010,29/06/2026 17:00,19103.57,20631.85,239
J100010,29/06/2026 17:30,19104.07,20632.4,227
J100010,29/06/2026 18:00,19104.58,20632.95,239
J100010,29/06/2026 18:30,19105.09,20633.49,227
J100010,29/06/2026 19:00,19105.59,20634.04,228
J100010,29/06/2026 19:30,19106.1,20634.59,224
J100010,29/06/2026 20:00,19106.61,20635.13,234
J100010,29/06/2026 20:30,19107.11,20635.68,238
J100010,29/06/2026 21:00,19107.62,20636.23,240
J100010,29/06/2026 21:30,19108.13,20636.78,226
J100010,29/06/2026 22:00,19108.63,20637.32,238
J100010,29/06/2026 22:30,19109.14,20637.87,231
J100010,29/06/2026 23:00,19109.64,20638.42,232
J100010,29/06/2026 23:30,19110.15,20638.96,239
J100010,30/06/2026 00:00,19110.66,20639.51,222
J100010,30/06/2026 00:30,19111.16,20640.06,235
J100010,30/06/2026 01:00,19111.67,20640.6,236
J100010,30/06/2026 01:30,19112.18,20641.15,232
J100010,30/06/2026 02:00,19112.68,20641.7,239
J100010,30/06/2026 02:30,19113.19,20642.25,227
J100010,30/06/2026 03:00,19113.7,20642.79,230
J100010,30/06/2026 03:30,19114.2,20643.34,235
J100010,30/06/2026 04:00,19114.71,20643.89,228
J100010,30/06/2026 04:30,19115.22,20644.43,222
J100010,30/06/2026 05:00,19115.72,20644.98,220
J100010,30/06/2026 05:30,19116.23,20645.53,236
J100010,30/06/2026 06:00,19116.74,20646.08,230
J100010,30/06/2026 06:30,19117.24,20646.62,239
J100010,30/06/2026 07:00,19117.75,20647.17,233
J100010,30/06/2026 07:30,19118.26,20647.72,234
J100010,30/06/2026 08:00,19118.76,20648.26,221
J100010,30/06/2026 08:30,19119.27,20648.81,229
J100010,30/06/2026 09:00,19119.78,20649.36,222
J100010,30/06/2026 09:30,19120.28,20649.91,224
J100010,30/06/2026 10:00,19120.79,20650.45,237
J100010,30/06/2026 10:30,19121.3,20651,226
J100010,30/06/2026 11:00,19121.8,20651.55,230
J100010,30/06/2026 11:30,19122.31,20652.09,231
J100010,30/06/2026 12:00,19122.82,20652.64,227
J100010,30/06/2026 12:30,19123.32,20653.19,226
J100010,30/06/2026 13:00,19123.83,20653.74,227
J100010,30/06/2026 13:30,19124.34,20654.28,234
J100010,30/06/2026 14:00,19124.84,20654.83,227
J100010,30/06/2026 14:30,19125.35,20655.38,237
J100010,30/06/2026 15:00,19125.86,20655.92,225
J100010,30/06/2026 15:30,19126.36,20656.47,233
J100010,30/06/2026 16:00,19126.87,20657.02,234
J100010,30/06/2026 16:30,19127.37,20657.56,223
J100010,30/06/2026 17:00,19127.88,20658.11,232
J100010,30/06/2026 17:30,19128.39,20658.66,233
J100010,30/06/2026 18:00,19128.89,20659.21,233
J100010,30/06/2026 18:30,19129.4,20659.75,224
J100010,30/06/2026 19:00,19129.91,20660.3,228
J100010,30/06/2026 19:30,19130.41,20660.85,233
J100010,30/06/2026 20:00,19130.92,20661.39,223
J100010,30/06/2026 20:30,19131.43,20661.94,228
J100010,30/06/2026 21:00,19131.93,20662.49,223
J100010,30/06/2026 21:30,19132.44,20663.04,238
J100010,30/06/2026 22:00,19132.95,20663.58,225
J100010,30/06/2026 22:30,19133.45,20664.13,222
J100010,30/06/2026 23:00,19133.96,20664.68,222
J100010,30/06/2026 23:30,19134.47,20665.22,231
J100011,23/06/2026 23:30,14377.5,15527.7,235
J100011,24/06/2026 00:00,14377.89,15528.12,234
J100011,24/06/2026 00:30,14378.28,15528.55,228
J100011,24/06/2026 01:00,14378.68,15528.97,221
J100011,24/06/2026 01:30,14379.07,15529.39,233
J100011,24/06/2026 02:00,14379.46,15529.82,231
J100011,24/06/2026 02:30,14379.85,15530.24,233
J100011,24/06/2026 03:00,14380.24,15530.66,238
J100011,24/06/2026 03:30,14380.64,15531.09,227
J100011,24/06/2026 04:00,14381.03,15531.51,226
J100011,24/06/2026 04:30,14381.42,15531.93,237
J100011,24/06/2026 05:00,14381.81,15532.36,235
J100011,24/06/2026 05:30,14382.2,15532.78,226
J100011,24/06/2026 06:00,14382.59,15533.2,239
J100011,24/06/2026 06:30,14382.99,15533.62,227
J100011,24/06/2026 07:00,14383.38,15534.05,238
J100011,24/06/2026 07:30,14383.77,15534.47,240
J100011,24/06/2026 08:00,14384.16,15534.89,227
J100011,24/06/2026 08:30,14384.55,15535.32,232
J100011,24/06/2026 09:00,14384.94,15535.74,223
J100011,24/06/2026 09:30,14385.34,15536.16,225
J100011,24/06/2026 10:00,14385.73,15536.59,230
J100011,24/06/2026 10:30,14386.12,15537.01,227
J100011,24/06/2026 11:00,14386.51,15537.43,234
J100011,24/06/2026 11:30,14386.9,15537.86,233
J100011,24/06/2026 12:00,14387.3,15538.28,230
J100011,24/06/2026 12:30,14387.69,15538.7,237
J100011,24/06/2026 13:00,14388.08,15539.13,220
J100011,24/06/2026 13:30,14388.47,15539.55,223
J100011,24/06/2026 14:00,14388.86,15539.97,223
J100011,24/06/2026 14:30,14389.25,15540.39,224
J100011,24/06/2026 15:00,14389.65,15540.82,230
J100011,24/06/2026 15:30,14390.04,15541.24,232
J100011,24/06/2026 16:00,14390.43,15541.66,229
J100011,24/06/2026 16:30,14390.82,15542.09,235
J100011,24/06/2026 17:00,14391.21,15542.51,226
J100011,24/06/2026 17:30,14391.6,15542.93,237
J100011,24/06/2026 18:00,14392,15543.36,228
J100011,24/06/2026 18:30,14392.39,15543.78,239
J100011,24/06/2026 19:00,14392.78,15544.2,239
J100011,24/06/2026 19:30,14393.17,15544.63,235
J100011,24/06/2026 20:00,14393.56,15545.05,231
J100011,24/06/2026 20:30,14393.96,15545.47,223
J100011,24/06/2026 21:00,14394.35,15545.89,238
J100011,24/06/2026 21:30,14394.74,15546.32,224
J100011,24/06/2026 22:00,14395.13,15546.74,229
J100011,24/06/2026 22:30,14395.52,15547.16,232
J100011,24/06/2026 23:00,14395.91,15547.59,223
J100011,24/06/2026 23:30,14396.31,15548.01,223
J100011,25/06/2026 00:00,14396.7,15548.43,227
J100011,25/06/2026 00:30,14397.09,15548.86,240
J100011,25/06/2026 01:00,14397.48,15549.28,228
J100011,25/06/2026 01:30,14397.87,15549.7,236
J100011,25/06/2026 02:00,14398.26,15550.13,223
J100011,25/06/2026 02:30,14398.66,15550.55,225
J100011,25/06/2026 03:00,14399.05,15550.97,237
J100011,25/06/2026 03:30,14399.44,15551.4,227
J100011,25/06/2026 04:00,14399.83,15551.82,232
J100011,25/06/2026 04:30,14400.22,15552.24,229
J100011,25/06/2026 05:00,14400.62,15552.66,235
J100011,25/06/2026 05:30,14401.01,15553.09,224
J100011,25/06/2026 06:00,14401.4,15553.51,234
J100011,25/06/2026 06:30,14401.79,15553.93,228
J100011,25/06/2026 07:00,14402.18,15554.36,225
J100011,25/06/2026 07:30,14402.57,15554.78,223
J100011,25/06/2026 08:00,14402.97,15555.2,226
J100011,25/06/2026 08:30,14403.36,15555.63,221
J100011,25/06/2026 09:00,14403.75,15556.05,234
J100011,25/06/2026 09:30,14404.14,15556.47,229
J100011,25/06/2026 10:00,14404.53,15556.9,234
J100011,25/06/2026 10:30,14404.92,15557.32,237
J100011,25/06/2026 11:00,14405.32,15557.74,234
J100011,25/06/2026 11:30,14405.71,15558.16,234
J100011,25/06/2026 12:00,14406.1,15558.59,231
J100011,25/06/2026 12:30,14406.49,15559.01,230
J100011,25/06/2026 13:00,14406.88,15559.43,229
J100011,25/06/2026 13:30,14407.28,15559.86,227
J100011,25/06/2026 14:00,14407.67,15560.28,235
J100011,25/06/2026 14:30,14408.06,15560.7,223
J100011,25/06/2026 15:00,14408.45,15561.13,224
J100011,25/06/2026 15:30,14408.84,15561.55,228
J100011,25/06/2026 16:00,14409.23,15561.97,226
J100011,25/06/2026 16:30,14409.63,15562.4,222
J100011,25/06/2026 17:00,14410.02,15562.82,235
J100011,25/06/2026 17:30,14410.41,15563.24,236
J100011,25/06/2026 18:00,14410.8,15563.66,238
J100011,25/06/2026 18:30,14411.19,15564.09,240
J100011,25/06/2026 19:00,14411.58,15564.51,238
J100011,25/06/2026 19:30,14411.98,15564.93,233
J100011,25/06/2026 20:00,14412.37,15565.36,220
J100011,25/06/2026 20:30,14412.76,15565.78,225
J100011,25/06/2026 21:00,14413.15,15566.2,233
J100011,25/06/2026 21:30,14413.54,15566.63,240
J100011,25/06/2026 22:00,14413.93,15567.05,224
J100011,25/06/2026 22:30,14414.33,15567.47,226
J100011,25/06/2026 23:00,14414.72,15567.9,222
J100011,25/06/2026 23:30,14415.11,15568.32,235
J100011,26/06/2026 00:00,14415.5,15568.74,230
J100011,26/06/2026 00:30,14415.89,15569.17,229
J100011,26/06/2026 01:00,14416.29,15569.59,232
J100011,26/06/2026 01:30,14416.68,15570.01,236
J100011,26/06/2026 02:00,14417.07,15570.43,231
J100011,26/06/2026 02:30,14417.46,15570.86,221
J100011,26/06/2026 03:00,14417.85,15571.28,234
J100011,26/06/2026 03:30,14418.24,15571.7,221
J100011,26/06/2026 04:00,14418.64,15572.13,230
J100011,26/06/2026 04:30,14419.03,15572.55,224
J100011,26/06/2026 05:00,14419.42,15572.97,239
J100011,26/06/2026 05:30,14419.81,15573.4,225
J100011,26/06/2026 06:00,14420.2,15573.82,232
J100011,26/06/2026 06:30,14420.59,15574.24,226
J100011,26/06/2026 07:00,14420.99,15574.67,232
J100011,26/06/2026 07:30,14421.38,15575.09,232
J100011,26/06/2026 08:00,14421.77,15575.51,230
J100011,26/06/2026 08:30,14422.16,15575.93,237
J100011,26/06/2026 09:00,14422.55,15576.36,232
J100011,26/06/2026 09:30,14422.95,15576.78,227
J100011,26/06/2026 10:00,14423.34,15577.2,233
J100011,26/06/2026 10:30,14423.73,15577.63,221
J100011,26/06/2026 11:00,14424.12,15578.05,237
J100011,26/06/2026 11:30,14424.51,15578.47,225
J100011,26/06/2026 12:00,14424.9,15578.9,223
J100011,26/06/2026 12:30,14425.3,15579.32,220
J100011,26/06/2026 13:00,14425.69,15579.74,229
J100011,26/06/2026 13:30,14426.08,15580.17,228
J100011,26/06/2026 14:00,14426.47,15580.59,239
J100011,26/06/2026 14:30,14426.86,15581.01,233
J100011,26/06/2026 15:00,14427.25,15581.44,234
J100011,26/06/2026 15:30,14427.65,15581.86,228
J100011,26/06/2026 16:00,14428.04,15582.28,237
J100011,26/06/2026 16:30,14428.43,15582.7,230
J100011,26/06/2026 17:00,14428.82,15583.13,222
J100011,26/06/2026 17:30,14429.21,15583.55,229
J100011,26/06/2026 18:00,14429.61,15583.97,239
J100011,26/06/2026 18:30,14430,15584.4,221
J100011,26/06/2026 19:00,14430.39,15584.82,221
J100011,26/06/2026 19:30,14430.78,15585.24,224
J100011,26/06/2026 20:00,14431.17,15585.67,223
J100011,26/06/2026 20:30,14431.56,15586.09,230
J100011,26/06/2026 21:00,14431.96,15586.51,225
J100011,26/06/2026 21:30,14432.35,15586.94,224
J100011,26/06/2026 22:00,14432.74,15587.36,239
J100011,26/06/2026 22:30,14433.13,15587.78,237
J100011,26/06/2026 23:00,14433.52,15588.2,221
J100011,26/06/2026 23:30,14433.91,15588.63,228
J100011,27/06/2026 00:00,14434.31,15589.05,227
J100011,27/06/2026 00:30,14434.7,15589.47,228
J100011,27/06/2026 01:00,14435.09,15589.9,222
J100011,27/06/2026 01:30,14435.48,15590.32,233
J100011,27/06/2026 02:00,14435.87,15590.74,225
J100011,27/06/2026 02:30,14436.27,15591.17,228
J100011,27/06/2026 03:00,14436.66,15591.59,238
J100011,27/06/2026 03:30,14437.05,15592.01,234
J100011,27/06/2026 04:00,14437.44,15592.44,226
J100011,27/06/2026 04:30,14437.83,15592.86,225
J100011,27/06/2026 05:00,14438.22,15593.28,224
J100011,27/06/2026 05:30,14438.62,15593.71,240
J100011,27/06/2026 06:00,14439.01,15594.13,235
J100011,27/06/2026 06:30,14439.4,15594.55,240
J100011,27/06/2026 07:00,14439.79,15594.97,233
J100011,27/06/2026 07:30,14440.18,15595.4,232
J100011,27/06/2026 08:00,14440.57,15595.82,234
J100011,27/06/2026 08:30,14440.97,15596.24,233
J100011,27/06/2026 09:00,14441.36,15596.67,234
J100011,27/06/2026 09:30,14441.75,15597.09,232
J100011,27/06/2026 10:00,14442.14,15597.51,230
J100011,27/06/2026 10:30,14442.53,15597.94,240
J100011,27/06/2026 11:00,14442.93,15598.36,234
J100011,27/06/2026 11:30,14443.32,15598.78,227
J100011,27/06/2026 12:00,14443.71,15599.21,239
J100011,27/06/2026 12:30,14444.1,15599.63,240
J100011,27/06/2026 13:00,14444.49,15600.05,231
J100011,27/06/2026 13:30,14444.88,15600.47,227
J100011,27/06/2026 14:00,14445.28,15600.9,222
J100011,27/06/2026 14:30,14445.67,15601.32,230
J100011,27/06/2026 15:00,14446.06,15601.74,238
J100011,27/06/2026 15:30,14446.45,15602.17,229
J100011,27/06/2026 16:00,14446.84,15602.59,227
J100011,27/06/2026 16:30,14447.23,15603.01,234
J100011,27/06/2026 17:00,14447.63,15603.44,224
J100011,27/06/2026 17:30,14448.02,15603.86,232
J100011,27/06/2026 18:00,14448.41,15604.28,223
J100011,27/06/2026 18:30,14448.8,15604.71,227
J100011,27/06/2026 19:00,14449.19,15605.13,236
J100011,27/06/2026 19:30,14449.59,15605.55,234
J100011,27/06/2026 20:00,14449.98,15605.97,227
J100011,27/06/2026 20:30,14450.37,15606.4,227
J100011,27/06/2026 21:00,14450.76,15606.82,234
J100011,27/06/2026 21:30,14451.15,15607.24,235
J100011,27/06/2026 22:00,14451.54,15607.67,238
J100011,27/06/2026 22:30,14451.94,15608.09,233
J100011,27/06/2026 23:00,14452.33,15608.51,239
J100011,27/06/2026 23:30,14452.72,15608.94,227
J100011,28/06/2026 00:00,14453.11,15609.36,236
J100011,28/06/2026 00:30,14453.5,15609.78,231
J100011,28/06/2026 01:00,14453.89,15610.21,237
J100011,28/06/2026 01:30,14454.29,15610.63,225
J100011,28/06/2026 02:00,14454.68,15611.05,236
J100011,28/06/2026 02:30,14455.07,15611.48,222
J100011,28/06/2026 03:00,14455.46,15611.9,226
J100011,28/06/2026 03:30,14455.85,15612.32,234
J100011,28/06/2026 04:00,14456.24,15612.74,235
J100011,28/06/2026 04:30,14456.64,15613.17,235
J100011,28/06/2026 05:00,14457.03,15613.59,231
J100011,28/06/2026 05:30,14457.42,15614.01,226
J100011,28/06/2026 06:00,14457.81,15614.44,238
J100011,28/06/2026 06:30,14458.2,15614.86,231
J100011,28/06/2026 07:00,14458.6,15615.28,229
J100011,28/06/2026 07:30,14458.99,15615.71,227
J100011,28/06/2026 08:00,14459.38,15616.13,221
J100011,28/06/2026 08:30,14459.77,15616.55,238
J100011,28/06/2026 09:00,14460.16,15616.98,234
J100011,28/06/2026 09:30,14460.55,15617.4,229
J100011,28/06/2026 10:00,14460.95,15617.82,225
J100011,28/06/2026 10:30,14461.34,15618.24,224
J100011,28/06/2026 11:00,14461.73,15618.67,239
J100011,28/06/2026 11:30,14462.12,15619.09,225
J100011,28/06/2026 12:00,14462.51,15619.51,226
J100011,28/06/2026 12:30,14462.9,15619.94,227
J100011,28/06/2026 13:00,14463.3,15620.36,226
J100011,28/06/2026 13:30,14463.69,15620.78,238
J100011,28/06/2026 14:00,14464.08,15621.21,238
J100011,28/06/2026 14:30,14464.47,15621.63,234
J100011,28/06/2026 15:00,14464.86,15622.05,237
J100011,28/06/2026 15:30,14465.26,15622.48,232
J100011,28/06/2026 16:00,14465.65,15622.9,232
J100011,28/06/2026 16:30,14466.04,15623.32,223
J100011,28/06/2026 17:00,14466.43,15623.75,220
J100011,28/06/2026 17:30,14466.82,15624.17,238
J100011,28/06/2026 18:00,14467.21,15624.59,226
J100011,28/06/2026 18:30,14467.61,15625.01,229
J100011,28/06/2026 19:00,14468,15625.44,228
J100011,28/06/2026 19:30,14468.39,15625.86,232
J100011,28/06/2026 20:00,14468.78,15626.28,235
J100011,28/06/2026 20:30,14469.17,15626.71,237
J100011,28/06/2026 21:00,14469.56,15627.13,240
J100011,28/06/2026 21:30,14469.96,15627.55,232
J100011,28/06/2026 22:00,14470.35,15627.98,222
J100011,28/06/2026 22:30,14470.74,15628.4,228
J100011,28/06/2026 23:00,14471.13,15628.82,239
J100011,28/06/2026 23:30,14471.52,15629.25,239
J100011,29/06/2026 00:00,14471.92,15629.67,231
J100011,29/06/2026 00:30,14472.31,15630.09,234
J100011,29/06/2026 01:00,14472.7,15630.51,240
J100011,29/06/2026 01:30,14473.09,15630.94,238
J100011,29/06/2026 02:00,14473.48,15631.36,222
J100011,29/06/2026 02:30,14473.87,15631.78,228
J100011,29/06/2026 03:00,14474.27,15632.21,227
J100011,29/06/2026 03:30,14474.66,15632.63,235
J100011,29/06/2026 04:00,14475.05,15633.05,238
J100011,29/06/2026 04:30,14475.44,15633.48,229
J100011,29/06/2026 05:00,14475.83,15633.9,234
J100011,29/06/2026 05:30,14476.22,15634.32,230
J100011,29/06/2026 06:00,14476.62,15634.75,222
J100011,29/06/2026 06:30,14477.01,15635.17,228
J100011,29/06/2026 07:00,14477.4,15635.59,234
J100011,29/06/2026 07:30,14477.79,15636.01,239
J100011,29/06/2026 08:00,14478.18,15636.44,239
J100011,29/06/2026 08:30,14478.58,15636.86,235
J100011,29/06/2026 09:00,14478.97,15637.28,234
J100011,29/06/2026 09:30,14479.36,15637.71,235
J100011,29/06/2026 10:00,14479.75,15638.13,235
J100011,29/06/2026 10:30,14480.14,15638.55,237
J100011,29/06/2026 11:00,14480.53,15638.98,224
J100011,29/06/2026 11:30,14480.93,15639.4,239
J100011,29/06/2026 12:00,14481.32,15639.82,229
J100011,29/06/2026 12:30,14481.71,15640.25,231
J100011,29/06/2026 13:00,14482.1,15640.67,229
J100011,29/06/2026 13:30,14482.49,15641.09,236
J100011,29/06/2026 14:00,14482.88,15641.52,237
J100011,29/06/2026 14:30,14483.28,15641.94,232
J100011,29/06/2026 15:00,14483.67,15642.36,230
J100011,29/06/2026 15:30,14484.06,15642.78,236
J100011,29/06/2026 16:00,14484.45,15643.21,224
J100011,29/06/2026 16:30,14484.84,15643.63,229
J100011,29/06/2026 17:00,14485.24,15644.05,226
J100011,29/06/2026 17:30,14485.63,15644.48,230
J100011,29/06/2026 18:00,14486.02,15644.9,238
J100011,29/06/2026 18:30,14486.41,15645.32,221
J100011,29/06/2026 19:00,14486.8,15645.75,221
J100011,29/06/2026 19:30,14487.19,15646.17,237
J100011,29/06/2026 20:00,14487.59,15646.59,221
J100011,29/06/2026 20:30,14487.98,15647.02,232
J100011,29/06/2026 21:00,14488.37,15647.44,239
J100011,29/06/2026 21:30,14488.76,15647.86,238
J100011,29/06/2026 22:00,14489.15,15648.28,221
J100011,29/06/2026 22:30,14489.54,15648.71,231
J100011,29/06/2026 23:00,14489.94,15649.13,230
J100011,29/06/2026 23:30,14490.33,15649.55,238
J100011,30/06/2026 00:00,14490.72,15649.98,221
J100011,30/06/2026 00:30,14491.11,15650.4,220
J100011,30/06/2026 01:00,14491.5,15650.82,231
J100011,30/06/2026 01:30,14491.89,15651.25,238
J100011,30/06/2026 02:00,14492.29,15651.67,220
J100011,30/06/2026 02:30,14492.68,15652.09,231
J100011,30/06/2026 03:00,14493.07,15652.52,233
J100011,30/06/2026 03:30,14493.46,15652.94,226
J100011,30/06/2026 04:00,14493.85,15653.36,232
J100011,30/06/2026 04:30,14494.25,15653.79,227
J100011,30/06/2026 05:00,14494.64,15654.21,224
J100011,30/06/2026 05:30,14495.03,15654.63,239
J100011,30/06/2026 06:00,14495.42,15655.05,235
J100011,30/06/2026 06:30,14495.81,15655.48,226
J100011,30/06/2026 07:00,14496.2,15655.9,220
J100011,30/06/2026 07:30,14496.6,15656.32,223
J100011,30/06/2026 08:00,14496.99,15656.75,236
J100011,30/06/2026 08:30,14497.38,15657.17,236
J100011,30/06/2026 09:00,14497.77,15657.59,223
J100011,30/06/2026 09:30,14498.16,15658.02,227
J100011,30/06/2026 10:00,14498.55,15658.44,228
J100011,30/06/2026 10:30,14498.95,15658.86,228
J100011,30/06/2026 11:00,14499.34,15659.29,233
J100011,30/06/2026 11:30,14499.73,15659.71,235
J100011,30/06/2026 12:00,14500.12,15660.13,223
J100011,30/06/2026 12:30,14500.51,15660.55,236
J100011,30/06/2026 13:00,14500.91,15660.98,231
J100011,30/06/2026 13:30,14501.3,15661.4,239
J100011,30/06/2026 14:00,14501.69,15661.82,232
J100011,30/06/2026 14:30,14502.08,15662.25,239
J100011,30/06/2026 15:00,14502.47,15662.67,227
J100011,30/06/2026 15:30,14502.86,15663.09,221
J100011,30/06/2026 16:00,14503.26,15663.52,232
J100011,30/06/2026 16:30,14503.65,15663.94,231
J100011,30/06/2026 17:00,14504.04,15664.36,237
J100011,30/06/2026 17:30,14504.43,15664.79,240
J100011,30/06/2026 18:00,14504.82,15665.21,235
J100011,30/06/2026 18:30,14505.21,15665.63,239
J100011,30/06/2026 19:00,14505.61,15666.06,229
J100011,30/06/2026 19:30,14506,15666.48,235
J100011,30/06/2026 20:00,14506.39,15666.9,235
J100011,30/06/2026 20:30,14506.78,15667.32,235
J100011,30/06/2026 21:00,14507.17,15667.75,227
J100011,30/06/2026 21:30,14507.57,15668.17,228
J100011,30/06/2026 22:00,14507.96,15668.59,226
J100011,30/06/2026 22:30,14508.35,15669.02,224
J100011,30/06/2026 23:00,14508.74,15669.44,220
J100011,30/06/2026 23:30,14509.13,15669.86,222
J100012,23/06/2026 23:30,7513.51,8114.59,239
J100012,24/06/2026 00:00,7513.97,8115.09,228
J100012,24/06/2026 00:30,7514.44,8115.6,226
J100012,24/06/2026 01:00,7514.91,8116.1,224
J100012,24/06/2026 01:30,7515.37,8116.6,240
J100012,24/06/2026 02:00,7515.84,8117.11,237
J100012,24/06/2026 02:30,7516.31,8117.61,235
J100012,24/06/2026 03:00,7516.77,8118.11,232
J100012,24/06/2026 03:30,7517.24,8118.62,224
J100012,24/06/2026 04:00,7517.7,8119.12,224
J100012,24/06/2026 04:30,7518.17,8119.62,238
J100012,24/06/2026 05:00,7518.64,8120.13,240
J100012,24/06/2026 05:30,7519.1,8120.63,220
J100012,24/06/2026 06:00,7519.57,8121.13,222
J100012,24/06/2026 06:30,7520.03,8121.64,237
J100012,24/06/2026 07:00,7520.5,8122.14,239
J100012,24/06/2026 07:30,7520.97,8122.64,229
J100012,24/06/2026 08:00,7521.43,8123.15,234
J100012,24/06/2026 08:30,7521.9,8123.65,237
J100012,24/06/2026 09:00,7522.36,8124.15,234
J100012,24/06/2026 09:30,7522.83,8124.66,232
J100012,24/06/2026 10:00,7523.3,8125.16,232
J100012,24/06/2026 10:30,7523.76,8125.66,223
J100012,24/06/2026 11:00,7524.23,8126.17,229
J100012,24/06/2026 11:30,7524.69,8126.67,232
J100012,24/06/2026 12:00,7525.16,8127.17,235
J100012,24/06/2026 12:30,7525.63,8127.68,220
J100012,24/06/2026 13:00,7526.09,8128.18,233
J100012,24/06/2026 13:30,7526.56,8128.68,227
J100012,24/06/2026 14:00,7527.02,8129.19,232
J100012,24/06/2026 14:30,7527.49,8129.69,223
J100012,24/06/2026 15:00,7527.96,8130.19,228
J100012,24/06/2026 15:30,7528.42,8130.7,221
J100012,24/06/2026 16:00,7528.89,8131.2,221
J100012,24/06/2026 16:30,7529.35,8131.7,229
J100012,24/06/2026 17:00,7529.82,8132.21,229
J100012,24/06/2026 17:30,7530.29,8132.71,236
J100012,24/06/2026 18:00,7530.75,8133.21,228
J100012,24/06/2026 18:30,7531.22,8133.72,222
J100012,24/06/2026 19:00,7531.68,8134.22,238
J100012,24/06/2026 19:30,7532.15,8134.72,223
J100012,24/06/2026 20:00,7532.62,8135.23,226
J100012,24/06/2026 20:30,7533.08,8135.73,225
J100012,24/06/2026 21:00,7533.55,8136.23,232
J100012,24/06/2026 21:30,7534.01,8136.74,227
J100012,24/06/2026 22:00,7534.48,8137.24,231
J100012,24/06/2026 22:30,7534.95,8137.74,231
J100012,24/06/2026 23:00,7535.41,8138.25,225
J100012,24/06/2026 23:30,7535.88,8138.75,228
J100012,25/06/2026 00:00,7536.34,8139.25,236
J100012,25/06/2026 00:30,7536.81,8139.76,239
J100012,25/06/2026 01:00,7537.28,8140.26,227
J100012,25/06/2026 01:30,7537.74,8140.76,239
J100012,25/06/2026 02:00,7538.21,8141.27,238
J100012,25/06/2026 02:30,7538.68,8141.77,227
J100012,25/06/2026 03:00,7539.14,8142.27,238
J100012,25/06/2026 03:30,7539.61,8142.78,239
J100012,25/06/2026 04:00,7540.07,8143.28,226
J100012,25/06/2026 04:30,7540.54,8143.78,223
J100012,25/06/2026 05:00,7541.01,8144.29,240
J100012,25/06/2026 05:30,7541.47,8144.79,229
J100012,25/06/2026 06:00,7541.94,8145.29,225
J100012,25/06/2026 06:30,7542.4,8145.8,222
J100012,25/06/2026 07:00,7542.87,8146.3,227
J100012,25/06/2026 07:30,7543.34,8146.8,223
J100012,25/06/2026 08:00,7543.8,8147.31,231
J100012,25/06/2026 08:30,7544.27,8147.81,226
J100012,25/06/2026 09:00,7544.73,8148.31,235
J100012,25/06/2026 09:30,7545.2,8148.82,231
J100012,25/06/2026 10:00,7545.67,8149.32,237
J100012,25/06/2026 10:30,7546.13,8149.82,226
J100012,25/06/2026 11:00,7546.6,8150.33,230
J100012,25/06/2026 11:30,7547.06,8150.83,230
J100012,25/06/2026 12:00,7547.53,8151.33,239
J100012,25/06/2026 12:30,7548,8151.84,223
J100012,25/06/2026 13:00,7548.46,8152.34,240
J100012,25/06/2026 13:30,7548.93,8152.84,229
J100012,25/06/2026 14:00,7549.39,8153.35,239
J100012,25/06/2026 14:30,7549.86,8153.85,221
J100012,25/06/2026 15:00,7550.33,8154.35,235
J100012,25/06/2026 15:30,7550.79,8154.86,235
J100012,25/06/2026 16:00,7551.26,8155.36,220
J100012,25/06/2026 16:30,7551.72,8155.86,222
J100012,25/06/2026 17:00,7552.19,8156.37,237
J100012,25/06/2026 17:30,7552.66,8156.87,223
J100012,25/06/2026 18:00,7553.12,8157.37,233
J100012,25/06/2026 18:30,7553.59,8157.88,222
J100012,25/06/2026 19:00,7554.05,8158.38,225
J100012,25/06/2026 19:30,7554.52,8158.88,236
J100012,25/06/2026 20:00,7554.99,8159.39,231
J100012,25/06/2026 20:30,7555.45,8159.89,233
J100012,25/06/2026 21:00,7555.92,8160.39,235
J100012,25/06/2026 21:30,7556.38,8160.9,227
J100012,25/06/2026 22:00,7556.85,8161.4,231
J100012,25/06/2026 22:30,7557.32,8161.9,235
J100012,25/06/2026 23:00,7557.78,8162.41,237
J100012,25/06/2026 23:30,7558.25,8162.91,224
J100012,26/06/2026 00:00,7558.71,8163.41,223
J100012,26/06/2026 00:30,7559.18,8163.92,225
J100012,26/06/2026 01:00,7559.65,8164.42,230
J100012,26/06/2026 01:30,7560.11,8164.92,229
J100012,26/06/2026 02:00,7560.58,8165.43,235
J100012,26/06/2026 02:30,7561.05,8165.93,239
J100012,26/06/2026 03:00,7561.51,8166.43,232
J100012,26/06/2026 03:30,7561.98,8166.94,220
J100012,26/06/2026 04:00,7562.44,8167.44,223
J100012,26/06/2026 04:30,7562.91,8167.94,225
J100012,26/06/2026 05:00,7563.38,8168.45,228
J100012,26/06/2026 05:30,7563.84,8168.95,237
J100012,26/06/2026 06:00,7564.31,8169.45,229
J100012,26/06/2026 06:30,7564.77,8169.96,236
J100012,26/06/2026 07:00,7565.24,8170.46,232
J100012,26/06/2026 07:30,7565.71,8170.96,222
J100012,26/06/2026 08:00,7566.17,8171.47,231
J100012,26/06/2026 08:30,7566.64,8171.97,240
J100012,26/06/2026 09:00,7567.1,8172.47,237
J100012,26/06/2026 09:30,7567.57,8172.98,226
J100012,26/06/2026 10:00,7568.04,8173.48,225
J100012,26/06/2026 10:30,7568.5,8173.98,239
J100012,26/06/2026 11:00,7568.97,8174.49,222
J100012,26/06/2026 11:30,7569.43,8174.99,236
J100012,26/06/2026 12:00,7569.9,8175.49,239
J100012,26/06/2026 12:30,7570.37,8176,224
J100012,26/06/2026 13:00,7570.83,8176.5,226
J100012,26/06/2026 13:30,7571.3,8177,225
J100012,26/06/2026 14:00,7571.76,8177.51,238
J100012,26/06/2026 14:30,7572.23,8178.01,223
J100012,26/06/2026 15:00,7572.7,8178.51,235
J100012,26/06/2026 15:30,7573.16,8179.02,225
J100012,26/06/2026 16:00,7573.63,8179.52,238
J100012,26/06/2026 16:30,7574.09,8180.02,220
J100012,26/06/2026 17:00,7574.56,8180.53,231
J100012,26/06/2026 17:30,7575.03,8181.03,222
J100012,26/06/2026 18:00,7575.49,8181.53,239
J100012,26/06/2026 18:30,7575.96,8182.03,223
J100012,26/06/2026 19:00,7576.42,8182.54,238
J100012,26/06/2026 19:30,7576.89,8183.04,240
J100012,26/06/2026 20:00,7577.36,8183.54,233
J100012,26/06/2026 20:30,7577.82,8184.05,236
J100012,26/06/2026 21:00,7578.29,8184.55,233
J100012,26/06/2026 21:30,7578.75,8185.05,224
J100012,26/06/2026 22:00,7579.22,8185.56,224
J100012,26/06/2026 22:30,7579.69,8186.06,235
J100012,26/06/2026 23:00,7580.15,8186.56,233
J100012,26/06/2026 23:30,7580.62,8187.07,225
J100012,27/06/2026 00:00,7581.08,8187.57,231
J100012,27/06/2026 00:30,7581.55,8188.07,239
J100012,27/06/2026 01:00,7582.02,8188.58,221
J100012,27/06/2026 01:30,7582.48,8189.08,231
J100012,27/06/2026 02:00,7582.95,8189.58,225
J100012,27/06/2026 02:30,7583.41,8190.09,236
J100012,27/06/2026 03:00,7583.88,8190.59,238
J100012,27/06/2026 03:30,7584.35,8191.09,227
J100012,27/06/2026 04:00,7584.81,8191.6,232
J100012,27/06/2026 04:30,7585.28,8192.1,221
J100012,27/06/2026 05:00,7585.75,8192.6,238
J100012,27/06/2026 05:30,7586.21,8193.11,224
J100012,27/06/2026 06:00,7586.68,8193.61,237
J100012,27/06/2026 06:30,7587.14,8194.11,234
J100012,27/06/2026 07:00,7587.61,8194.62,223
J100012,27/06/2026 07:30,7588.08,8195.12,234
J100012,27/06/2026 08:00,7588.54,8195.62,232
J100012,27/06/2026 08:30,7589.01,8196.13,236
J100012,27/06/2026 09:00,7589.47,8196.63,227
J100012,27/06/2026 09:30,7589.94,8197.13,224
J100012,27/06/2026 10:00,7590.41,8197.64,223
J100012,27/06/2026 10:30,7590.87,8198.14,229
J100012,27/06/2026 11:00,7591.34,8198.64,226
J100012,27/06/2026 11:30,7591.8,8199.15,231
J100012,27/06/2026 12:00,7592.27,8199.65,233
J100012,27/06/2026 12:30,7592.74,8200.15,235
J100012,27/06/2026 13:00,7593.2,8200.66,233
J100012,27/06/2026 13:30,7593.67,8201.16,223
J100012,27/06/2026 14:00,7594.13,8201.66,230
J100012,27/06/2026 14:30,7594.6,8202.17,239
J100012,27/06/2026 15:00,7595.07,8202.67,225
J100012,27/06/2026 15:30,7595.53,8203.17,232
J100012,27/06/2026 16:00,7596,8203.68,230
J100012,27/06/2026 16:30,7596.46,8204.18,231
J100012,27/06/2026 17:00,7596.93,8204.68,231
J100012,27/06/2026 17:30,7597.4,8205.19,237
J100012,27/06/2026 18:00,7597.86,8205.69,231
J100012,27/06/2026 18:30,7598.33,8206.19,224
J100012,27/06/2026 19:00,7598.79,8206.7,221
J100012,27/06/2026 19:30,7599.26,8207.2,233
J100012,27/06/2026 20:00,7599.73,8207.7,234
J100012,27/06/2026 20:30,7600.19,8208.21,240
J100012,27/06/2026 21:00,7600.66,8208.71,233
J100012,27/06/2026 21:30,7601.12,8209.21,238
J100012,27/06/2026 22:00,7601.59,8209.72,223
J100012,27/06/2026 22:30,7602.06,8210.22,222
J100012,27/06/2026 23:00,7602.52,8210.72,221
J100012,27/06/2026 23:30,7602.99,8211.23,228
J100012,28/06/2026 00:00,7603.45,8211.73,230
J100012,28/06/2026 00:30,7603.92,8212.23,232
J100012,28/06/2026 01:00,7604.39,8212.74,222
J100012,28/06/2026 01:30,7604.85,8213.24,240
J100012,28/06/2026 02:00,7605.32,8213.74,223
J100012,28/06/2026 02:30,7605.78,8214.25,230
J100012,28/06/2026 03:00,7606.25,8214.75,233
J100012,28/06/2026 03:30,7606.72,8215.25,233
J100012,28/06/2026 04:00,7607.18,8215.76,233
J100012,28/06/2026 04:30,7607.65,8216.26,236
J100012,28/06/2026 05:00,7608.12,8216.76,229
J100012,28/06/2026 05:30,7608.58,8217.27,234
J100012,28/06/2026 06:00,7609.05,8217.77,234
J100012,28/06/2026 06:30,7609.51,8218.27,236
J100012,28/06/2026 07:00,7609.98,8218.78,238
J100012,28/06/2026 07:30,7610.45,8219.28,237
J100012,28/06/2026 08:00,7610.91,8219.78,222
J100012,28/06/2026 08:30,7611.38,8220.29,234
J100012,28/06/2026 09:00,7611.84,8220.79,225
J100012,28/06/2026 09:30,7612.31,8221.29,227
J100012,28/06/2026 10:00,7612.78,8221.8,234
J100012,28/06/2026 10:30,7613.24,8222.3,238
J100012,28/06/2026 11:00,7613.71,8222.8,235
J100012,28/06/2026 11:30,7614.17,8223.31,235
J100012,28/06/2026 12:00,7614.64,8223.81,226
J100012,28/06/2026 12:30,7615.11,8224.31,227
J100012,28/06/2026 13:00,7615.57,8224.82,232
J100012,28/06/2026 13:30,7616.04,8225.32,225
J100012,28/06/2026 14:00,7616.5,8225.82,220
J100012,28/06/2026 14:30,7616.97,8226.33,236
J100012,28/06/2026 15:00,7617.44,8226.83,240
J100012,28/06/2026 15:30,7617.9,8227.33,236
J100012,28/06/2026 16:00,7618.37,8227.84,220
J100012,28/06/2026 16:30,7618.83,8228.34,221
J100012,28/06/2026 17:00,7619.3,8228.84,224
J100012,28/06/2026 17:30,7619.77,8229.35,235
J100012,28/06/2026 18:00,7620.23,8229.85,235
J100012,28/06/2026 18:30,7620.7,8230.35,238
J100012,28/06/2026 19:00,7621.16,8230.86,232
J100012,28/06/2026 19:30,7621.63,8231.36,230
J100012,28/06/2026 20:00,7622.1,8231.86,228
J100012,28/06/2026 20:30,7622.56,8232.37,237
J100012,28/06/2026 21:00,7623.03,8232.87,229
J100012,28/06/2026 21:30,7623.49,8233.37,227
J100012,28/06/2026 22:00,7623.96,8233.88,236
J100012,28/06/2026 22:30,7624.43,8234.38,232
J100012,28/06/2026 23:00,7624.89,8234.88,224
J100012,28/06/2026 23:30,7625.36,8235.39,232
J100012,29/06/2026 00:00,7625.82,8235.89,225
J100012,29/06/2026 00:30,7626.29,8236.39,223
J100012,29/06/2026 01:00,7626.76,8236.9,239
J100012,29/06/2026 01:30,7627.22,8237.4,228
J100012,29/06/2026 02:00,7627.69,8237.9,223
J100012,29/06/2026 02:30,7628.15,8238.41,229
J100012,29/06/2026 03:00,7628.62,8238.91,222
J100012,29/06/2026 03:30,7629.09,8239.41,232
J100012,29/06/2026 04:00,7629.55,8239.92,221
J100012,29/06/2026 04:30,7630.02,8240.42,236
J100012,29/06/2026 05:00,7630.49,8240.92,226
J100012,29/06/2026 05:30,7630.95,8241.43,235
J100012,29/06/2026 06:00,7631.42,8241.93,236
J100012,29/06/2026 06:30,7631.88,8242.43,228
J100012,29/06/2026 07:00,7632.35,8242.94,234
J100012,29/06/2026 07:30,7632.82,8243.44,235
J100012,29/06/2026 08:00,7633.28,8243.94,225
J100012,29/06/2026 08:30,7633.75,8244.45,226
J100012,29/06/2026 09:00,7634.21,8244.95,238
J100012,29/06/2026 09:30,7634.68,8245.45,234
J100012,29/06/2026 10:00,7635.15,8245.96,235
J100012,29/06/2026 10:30,7635.61,8246.46,229
J100012,29/06/2026 11:00,7636.08,8246.96,230
J100012,29/06/2026 11:30,7636.54,8247.47,231
J100012,29/06/2026 12:00,7637.01,8247.97,229
J100012,29/06/2026 12:30,7637.48,8248.47,222
J100012,29/06/2026 13:00,7637.94,8248.98,237
J100012,29/06/2026 13:30,7638.41,8249.48,224
J100012,29/06/2026 14:00,7638.87,8249.98,237
J100012,29/06/2026 14:30,7639.34,8250.49,226
J100012,29/06/2026 15:00,7639.81,8250.99,237
J100012,29/06/2026 15:30,7640.27,8251.49,230
J100012,29/06/2026 16:00,7640.74,8252,228
J100012,29/06/2026 16:30,7641.2,8252.5,229
J100012,29/06/2026 17:00,7641.67,8253,225
J100012,29/06/2026 17:30,7642.14,8253.51,230
J100012,29/06/2026 18:00,7642.6,8254.01,235
J100012,29/06/2026 18:30,7643.07,8254.51,222
J100012,29/06/2026 19:00,7643.53,8255.02,240
J100012,29/06/2026 19:30,7644,8255.52,230
J100012,29/06/2026 20:00,7644.47,8256.02,228
J100012,29/06/2026 20:30,7644.93,8256.53,235
J100012,29/06/2026 21:00,7645.4,8257.03,227
J100012,29/06/2026 21:30,7645.86,8257.53,233
J100012,29/06/2026 22:00,7646.33,8258.04,237
J100012,29/06/2026 22:30,7646.8,8258.54,225
J100012,29/06/2026 23:00,7647.26,8259.04,225
J100012,29/06/2026 23:30,7647.73,8259.55,238
J100012,30/06/2026 00:00,7648.19,8260.05,220
J100012,30/06/2026 00:30,7648.66,8260.55,239
J100012,30/06/2026 01:00,7649.13,8261.06,238
J100012,30/06/2026 01:30,7649.59,8261.56,238
J100012,30/06/2026 02:00,7650.06,8262.06,226
J100012,30/06/2026 02:30,7650.52,8262.57,225
J100012,30/06/2026 03:00,7650.99,8263.07,235
J100012,30/06/2026 03:30,7651.46,8263.57,224
J100012,30/06/2026 04:00,7651.92,8264.08,221
J100012,30/06/2026 04:30,7652.39,8264.58,223
J100012,30/06/2026 05:00,7652.86,8265.08,230
J100012,30/06/2026 05:30,7653.32,8265.59,232
J100012,30/06/2026 06:00,7653.79,8266.09,224
J100012,30/06/2026 06:30,7654.25,8266.59,240
J100012,30/06/2026 07:00,7654.72,8267.1,232
J100012,30/06/2026 07:30,7655.19,8267.6,226
J100012,30/06/2026 08:00,7655.65,8268.1,230
J100012,30/06/2026 08:30,7656.12,8268.61,238
J100012,30/06/2026 09:00,7656.58,8269.11,229
J100012,30/06/2026 09:30,7657.05,8269.61,227
J100012,30/06/2026 10:00,7657.52,8270.12,228
J100012,30/06/2026 10:30,7657.98,8270.62,229
J100012,30/06/2026 11:00,7658.45,8271.12,220
J100012,30/06/2026 11:30,7658.91,8271.63,227
J100012,30/06/2026 12:00,7659.38,8272.13,235
J100012,30/06/2026 12:30,7659.85,8272.63,233
J100012,30/06/2026 13:00,7660.31,8273.14,230
J100012,30/06/2026 13:30,7660.78,8273.64,224
J100012,30/06/2026 14:00,7661.24,8274.14,229
J100012,30/06/2026 14:30,7661.71,8274.65,224
J100012,30/06/2026 15:00,7662.18,8275.15,226
J100012,30/06/2026 15:30,7662.64,8275.65,224
J100012,30/06/2026 16:00,7663.11,8276.16,236
J100012,30/06/2026 16:30,7663.57,8276.66,230
J100012,30/06/2026 17:00,7664.04,8277.16,228
J100012,30/06/2026 17:30,7664.51,8277.67,225
J100012,30/06/2026 18:00,7664.97,8278.17,226
J100012,30/06/2026 18:30,7665.44,8278.67,235
J100012,30/06/2026 19:00,7665.9,8279.18,237
J100012,30/06/2026 19:30,7666.37,8279.68,221
J100012,30/06/2026 20:00,7666.84,8280.18,234
J100012,30/06/2026 20:30,7667.3,8280.69,239
J100012,30/06/2026 21:00,7667.77,8281.19,232
J100012,30/06/2026 21:30,7668.23,8281.69,231
J100012,30/06/2026 22:00,7668.7,8282.2,234
J100012,30/06/2026 22:30,7669.17,8282.7,233
J100012,30/06/2026 23:00,7669.63,8283.2,222
J100012,30/06/2026 23:30,7670.1,8283.71,226
J100013,23/06/2026 23:30,28025.5,30267.54,234
J100013,24/06/2026 00:00,28025.85,30267.92,234
J100013,24/06/2026 00:30,28026.21,30268.31,222
J100013,24/06/2026 01:00,28026.57,30268.69,230
J100013,24/06/2026 01:30,28026.92,30269.08,230
J100013,24/06/2026 02:00,28027.28,30269.46,240
J100013,24/06/2026 02:30,28027.63,30269.85,227
J100013,24/06/2026 03:00,28027.99,30270.23,227
J100013,24/06/2026 03:30,28028.35,30270.62,229
J100013,24/06/2026 04:00,28028.7,30271,233
J100013,24/06/2026 04:30,28029.06,30271.39,229
J100013,24/06/2026 05:00,28029.42,30271.77,231
J100013,24/06/2026 05:30,28029.77,30272.15,237
J100013,24/06/2026 06:00,28030.13,30272.54,229
J100013,24/06/2026 06:30,28030.49,30272.92,234
J100013,24/06/2026 07:00,28030.84,30273.31,231
J100013,24/06/2026 07:30,28031.2,30273.69,235
J100013,24/06/2026 08:00,28031.56,30274.08,222
J100013,24/06/2026 08:30,28031.91,30274.46,232
J100013,24/06/2026 09:00,28032.27,30274.85,222
J100013,24/06/2026 09:30,28032.62,30275.23,230
J100013,24/06/2026 10:00,28032.98,30275.62,224
J100013,24/06/2026 10:30,28033.34,30276,229
J100013,24/06/2026 11:00,28033.69,30276.39,233
J100013,24/06/2026 11:30,28034.05,30276.77,221
J100013,24/06/2026 12:00,28034.41,30277.16,225
J100013,24/06/2026 12:30,28034.76,30277.54,220
J100013,24/06/2026 13:00,28035.12,30277.93,223
J100013,24/06/2026 13:30,28035.48,30278.31,226
J100013,24/06/2026 14:00,28035.83,30278.7,221
J100013,24/06/2026 14:30,28036.19,30279.08,234
J100013,24/06/2026 15:00,28036.55,30279.47,223
J100013,24/06/2026 15:30,28036.9,30279.85,239
J100013,24/06/2026 16:00,28037.26,30280.24,224
J100013,24/06/2026 16:30,28037.61,30280.62,239
J100013,24/06/2026 17:00,28037.97,30281.01,225
J100013,24/06/2026 17:30,28038.33,30281.39,236
J100013,24/06/2026 18:00,28038.68,30281.78,232
J100013,24/06/2026 18:30,28039.04,30282.16,239
J100013,24/06/2026 19:00,28039.4,30282.55,224
J100013,24/06/2026 19:30,28039.75,30282.93,235
J100013,24/06/2026 20:00,28040.11,30283.32,231
J100013,24/06/2026 20:30,28040.47,30283.7,230
J100013,24/06/2026 21:00,28040.82,30284.09,224
J100013,24/06/2026 21:30,28041.18,30284.47,234
J100013,24/06/2026 22:00,28041.54,30284.86,223
J100013,24/06/2026 22:30,28041.89,30285.24,236
J100013,24/06/2026 23:00,28042.25,30285.63,236
J100013,24/06/2026 23:30,28042.6,30286.01,230
J100013,25/06/2026 00:00,28042.96,30286.4,226
J100013,25/06/2026 00:30,28043.32,30286.78,231
J100013,25/06/2026 01:00,28043.67,30287.17,226
J100013,25/06/2026 01:30,28044.03,30287.55,230
J100013,25/06/2026 02:00,28044.39,30287.94,234
J100013,25/06/2026 02:30,28044.74,30288.32,220
J100013,25/06/2026 03:00,28045.1,30288.71,226
J100013,25/06/2026 03:30,28045.46,30289.09,231
J100013,25/06/2026 04:00,28045.81,30289.48,235
J100013,25/06/2026 04:30,28046.17,30289.86,231
J100013,25/06/2026 05:00,28046.53,30290.25,234
J100013,25/06/2026 05:30,28046.88,30290.63,224
J100013,25/06/2026 06:00,28047.24,30291.02,221
J100013,25/06/2026 06:30,28047.59,30291.4,234
J100013,25/06/2026 07:00,28047.95,30291.79,240
J100013,25/06/2026 07:30,28048.31,30292.17,228
J100013,25/06/2026 08:00,28048.66,30292.56,228
J100013,25/06/2026 08:30,28049.02,30292.94,228
J100013,25/06/2026 09:00,28049.38,30293.33,220
J100013,25/06/2026 09:30,28049.73,30293.71,227
J100013,25/06/2026 10:00,28050.09,30294.1,225
J100013,25/06/2026 10:30,28050.45,30294.48,233
J100013,25/06/2026 11:00,28050.8,30294.87,227
J100013,25/06/2026 11:30,28051.16,30295.25,225
J100013,25/06/2026 12:00,28051.52,30295.64,232
J100013,25/06/2026 12:30,28051.87,30296.02,229
J100013,25/06/2026 13:00,28052.23,30296.41,237
J100013,25/06/2026 13:30,28052.58,30296.79,227
J100013,25/06/2026 14:00,28052.94,30297.18,227
J100013,25/06/2026 14:30,28053.3,30297.56,240
J100013,25/06/2026 15:00,28053.65,30297.95,232
J100013,25/06/2026 15:30,28054.01,30298.33,236
J100013,25/06/2026 16:00,28054.37,30298.72,231
J100013,25/06/2026 16:30,28054.72,30299.1,228
J100013,25/06/2026 17:00,28055.08,30299.49,229
J100013,25/06/2026 17:30,28055.44,30299.87,231
J100013,25/06/2026 18:00,28055.79,30300.26,222
J100013,25/06/2026 18:30,28056.15,30300.64,225
J100013,25/06/2026 19:00,28056.51,30301.03,223
J100013,25/06/2026 19:30,28056.86,30301.41,225
J100013,25/06/2026 20:00,28057.22,30301.8,228
J100013,25/06/2026 20:30,28057.57,30302.18,235
J100013,25/06/2026 21:00,28057.93,30302.57,239
J100013,25/06/2026 21:30,28058.29,30302.95,237
J100013,25/06/2026 22:00,28058.64,30303.34,239
J100013,25/06/2026 22:30,28059,30303.72,223
J100013,25/06/2026 23:00,28059.36,30304.11,228
J100013,25/06/2026 23:30,28059.71,30304.49,239
J100013,26/06/2026 00:00,28060.07,30304.88,236
J100013,26/06/2026 00:30,28060.43,30305.26,223
J100013,26/06/2026 01:00,28060.78,30305.64,236
J100013,26/06/2026 01:30,28061.14,30306.03,240
J100013,26/06/2026 02:00,28061.5,30306.41,224
J100013,26/06/2026 02:30,28061.85,30306.8,235
J100013,26/06/2026 03:00,28062.21,30307.18,230
J100013,26/06/2026 03:30,28062.56,30307.57,228
J100013,26/06/2026 04:00,28062.92,30307.95,240
J100013,26/06/2026 04:30,28063.28,30308.34,239
J100013,26/06/2026 05:00,28063.63,30308.72,237
J100013,26/06/2026 05:30,28063.99,30309.11,231
J100013,26/06/2026 06:00,28064.35,30309.49,230
J100013,26/06/2026 06:30,28064.7,30309.88,234
J100013,26/06/2026 07:00,28065.06,30310.26,236
J100013,26/06/2026 07:30,28065.42,30310.65,232
J100013,26/06/2026 08:00,28065.77,30311.03,230
J100013,26/06/2026 08:30,28066.13,30311.42,235
J100013,26/06/2026 09:00,28066.49,30311.8,237
J100013,26/06/2026 09:30,28066.84,30312.19,225
J100013,26/06/2026 10:00,28067.2,30312.57,221
J100013,26/06/2026 10:30,28067.55,30312.96,235
J100013,26/06/2026 11:00,28067.91,30313.34,232
J100013,26/06/2026 11:30,28068.27,30313.73,235
J100013,26/06/2026 12:00,28068.62,30314.11,226
J100013,26/06/2026 12:30,28068.98,30314.5,235
J100013,26/06/2026 13:00,28069.34,30314.88,235
J100013,26/06/2026 13:30,28069.69,30315.27,221
J100013,26/06/2026 14:00,28070.05,30315.65,230
J100013,26/06/2026 14:30,28070.41,30316.04,237
J100013,26/06/2026 15:00,28070.76,30316.42,235
J100013,26/06/2026 15:30,28071.12,30316.81,239
J100013,26/06/2026 16:00,28071.48,30317.19,230
J100013,26/06/2026 16:30,28071.83,30317.58,237
J100013,26/06/2026 17:00,28072.19,30317.96,238
J100013,26/06/2026 17:30,28072.54,30318.35,226
J100013,26/06/2026 18:00,28072.9,30318.73,229
J100013,26/06/2026 18:30,28073.26,30319.12,225
J100013,26/06/2026 19:00,28073.61,30319.5,233
J100013,26/06/2026 19:30,28073.97,30319.89,221
J100013,26/06/2026 20:00,28074.33,30320.27,223
J100013,26/06/2026 20:30,28074.68,30320.66,230
J100013,26/06/2026 21:00,28075.04,30321.04,235
J100013,26/06/2026 21:30,28075.4,30321.43,236
J100013,26/06/2026 22:00,28075.75,30321.81,235
J100013,26/06/2026 22:30,28076.11,30322.2,229
J100013,26/06/2026 23:00,28076.47,30322.58,224
J100013,26/06/2026 23:30,28076.82,30322.97,223
J100013,27/06/2026 00:00,28077.18,30323.35,224
J100013,27/06/2026 00:30,28077.53,30323.74,239
J100013,27/06/2026 01:00,28077.89,30324.12,221
J100013,27/06/2026 01:30,28078.25,30324.51,224
J100013,27/06/2026 02:00,28078.6,30324.89,237
J100013,27/06/2026 02:30,28078.96,30325.28,231
J100013,27/06/2026 03:00,28079.32,30325.66,221
J100013,27/06/2026 03:30,28079.67,30326.05,231
J100013,27/06/2026 04:00,28080.03,30326.43,229
J100013,27/06/2026 04:30,28080.39,30326.82,223
J100013,27/06/2026 05:00,28080.74,30327.2,220
J100013,27/06/2026 05:30,28081.1,30327.59,236
J100013,27/06/2026 06:00,28081.46,30327.97,232
J100013,27/06/2026 06:30,28081.81,30328.36,222
J100013,27/06/2026 07:00,28082.17,30328.74,221
J100013,27/06/2026 07:30,28082.52,30329.13,223
J100013,27/06/2026 08:00,28082.88,30329.51,225
J100013,27/06/2026 08:30,28083.24,30329.9,230
J100013,27/06/2026 09:00,28083.59,30330.28,229
J100013,27/06/2026 09:30,28083.95,30330.67,235
J100013,27/06/2026 10:00,28084.31,30331.05,234
J100013,27/06/2026 10:30,28084.66,30331.44,234
J100013,27/06/2026 11:00,28085.02,30331.82,233
J100013,27/06/2026 11:30,28085.38,30332.21,223
J100013,27/06/2026 12:00,28085.73,30332.59,228
J100013,27/06/2026 12:30,28086.09,30332.98,221
J100013,27/06/2026 13:00,28086.45,30333.36,226
J100013,27/06/2026 13:30,28086.8,30333.75,238
J100013,27/06/2026 14:00,28087.16,30334.13,239
J100013,27/06/2026 14:30,28087.51,30334.52,221
J100013,27/06/2026 15:00,28087.87,30334.9,230
J100013,27/06/2026 15:30,28088.23,30335.29,233
J100013,27/06/2026 16:00,28088.58,30335.67,224
J100013,27/06/2026 16:30,28088.94,30336.06,235
J100013,27/06/2026 17:00,28089.3,30336.44,221
J100013,27/06/2026 17:30,28089.65,30336.83,230
J100013,27/06/2026 18:00,28090.01,30337.21,231
J100013,27/06/2026 18:30,28090.37,30337.6,231
J100013,27/06/2026 19:00,28090.72,30337.98,228
J100013,27/06/2026 19:30,28091.08,30338.36,238
J100013,27/06/2026 20:00,28091.44,30338.75,228
J100013,27/06/2026 20:30,28091.79,30339.13,235
J100013,27/06/2026 21:00,28092.15,30339.52,225
J100013,27/06/2026 21:30,28092.5,30339.9,223
J100013,27/06/2026 22:00,28092.86,30340.29,234
J100013,27/06/2026 22:30,28093.22,30340.67,224
J100013,27/06/2026 23:00,28093.57,30341.06,239
J100013,27/06/2026 23:30,28093.93,30341.44,236
J100013,28/06/2026 00:00,28094.29,30341.83,231
J100013,28/06/2026 00:30,28094.64,30342.21,220
J100013,28/06/2026 01:00,28095,30342.6,239
J100013,28/06/2026 01:30,28095.36,30342.98,228
J100013,28/06/2026 02:00,28095.71,30343.37,232
J100013,28/06/2026 02:30,28096.07,30343.75,236
J100013,28/06/2026 03:00,28096.43,30344.14,227
J100013,28/06/2026 03:30,28096.78,30344.52,228
J100013,28/06/2026 04:00,28097.14,30344.91,232
J100013,28/06/2026 04:30,28097.49,30345.29,227
J100013,28/06/2026 05:00,28097.85,30345.68,238
J100013,28/06/2026 05:30,28098.21,30346.06,236
J100013,28/06/2026 06:00,28098.56,30346.45,230
J100013,28/06/2026 06:30,28098.92,30346.83,232
J100013,28/06/2026 07:00,28099.28,30347.22,221
J100013,28/06/2026 07:30,28099.63,30347.6,220
J100013,28/06/2026 08:00,28099.99,30347.99,225
J100013,28/06/2026 08:30,28100.35,30348.37,224
J100013,28/06/2026 09:00,28100.7,30348.76,231
J100013,28/06/2026 09:30,28101.06,30349.14,224
J100013,28/06/2026 10:00,28101.42,30349.53,226
J100013,28/06/2026 10:30,28101.77,30349.91,236
J100013,28/06/2026 11:00,28102.13,30350.3,239
J100013,28/06/2026 11:30,28102.48,30350.68,221
J100013,28/06/2026 12:00,28102.84,30351.07,230
J100013,28/06/2026 12:30,28103.2,30351.45,228
J100013,28/06/2026 13:00,28103.55,30351.84,224
J100013,28/06/2026 13:30,28103.91,30352.22,227
J100013,28/06/2026 14:00,28104.27,30352.61,237
J100013,28/06/2026 14:30,28104.62,30352.99,221
J100013,28/06/2026 15:00,28104.98,30353.38,237
J100013,28/06/2026 15:30,28105.34,30353.76,235
J100013,28/06/2026 16:00,28105.69,30354.15,240
J100013,28/06/2026 16:30,28106.05,30354.53,239
J100013,28/06/2026 17:00,28106.41,30354.92,239
J100013,28/06/2026 17:30,28106.76,30355.3,229
J100013,28/06/2026 18:00,28107.12,30355.69,225
J100013,28/06/2026 18:30,28107.47,30356.07,237
J100013,28/06/2026 19:00,28107.83,30356.46,234
J100013,28/06/2026 19:30,28108.19,30356.84,240
J100013,28/06/2026 20:00,28108.54,30357.23,233
J100013,28/06/2026 20:30,28108.9,30357.61,221
J100013,28/06/2026 21:00,28109.26,30358,220
J100013,28/06/2026 21:30,28109.61,30358.38,222
J100013,28/06/2026 22:00,28109.97,30358.77,229
J100013,28/06/2026 22:30,28110.33,30359.15,222
J100013,28/06/2026 23:00,28110.68,30359.54,234
J100013,28/06/2026 23:30,28111.04,30359.92,229
J100013,29/06/2026 00:00,28111.4,30360.31,226
J100013,29/06/2026 00:30,28111.75,30360.69,240
J100013,29/06/2026 01:00,28112.11,30361.08,229
J100013,29/06/2026 01:30,28112.46,30361.46,230
J100013,29/06/2026 02:00,28112.82,30361.85,224
J100013,29/06/2026 02:30,28113.18,30362.23,240
J100013,29/06/2026 03:00,28113.53,30362.62,228
J100013,29/06/2026 03:30,28113.89,30363,239
J100013,29/06/2026 04:00,28114.25,30363.39,237
J100013,29/06/2026 04:30,28114.6,30363.77,223
J100013,29/06/2026 05:00,28114.96,30364.16,220
J100013,29/06/2026 05:30,28115.32,30364.54,234
J100013,29/06/2026 06:00,28115.67,30364.93,227
J100013,29/06/2026 06:30,28116.03,30365.31,222
J100013,29/06/2026 07:00,28116.39,30365.7,228
J100013,29/06/2026 07:30,28116.74,30366.08,223
J100013,29/06/2026 08:00,28117.1,30366.47,232
J100013,29/06/2026 08:30,28117.45,30366.85,222
J100013,29/06/2026 09:00,28117.81,30367.24,240
J100013,29/06/2026 09:30,28118.17,30367.62,235
J100013,29/06/2026 10:00,28118.52,30368.01,232
J100013,29/06/2026 10:30,28118.88,30368.39,226
J100013,29/06/2026 11:00,28119.24,30368.78,229
J100013,29/06/2026 11:30,28119.59,30369.16,226
J100013,29/06/2026 12:00,28119.95,30369.55,223
J100013,29/06/2026 12:30,28120.31,30369.93,230
J100013,29/06/2026 13:00,28120.66,30370.32,227
J100013,29/06/2026 13:30,28121.02,30370.7,235
J100013,29/06/2026 14:00,28121.37,30371.08,221
J100013,29/06/2026 14:30,28121.73,30371.47,228
J100013,29/06/2026 15:00,28122.09,30371.85,237
J100013,29/06/2026 15:30,28122.44,30372.24,226
J100013,29/06/2026 16:00,28122.8,30372.62,239
J100013,29/06/2026 16:30,28123.16,30373.01,239
J100013,29/06/2026 17:00,28123.51,30373.39,231
J100013,29/06/2026 17:30,28123.87,30373.78,221
J100013,29/06/2026 18:00,28124.23,30374.16,228
J100013,29/06/2026 18:30,28124.58,30374.55,235
J100013,29/06/2026 19:00,28124.94,30374.93,221
J100013,29/06/2026 19:30,28125.3,30375.32,228
J100013,29/06/2026 20:00,28125.65,30375.7,228
J100013,29/06/2026 20:30,28126.01,30376.09,223
J100013,29/06/2026 21:00,28126.36,30376.47,232
J100013,29/06/2026 21:30,28126.72,30376.86,227
J100013,29/06/2026 22:00,28127.08,30377.24,222
J100013,29/06/2026 22:30,28127.43,30377.63,236
J100013,29/06/2026 23:00,28127.79,30378.01,236
J100013,29/06/2026 23:30,28128.15,30378.4,228
J100013,30/06/2026 00:00,28128.5,30378.78,229
J100013,30/06/2026 00:30,28128.86,30379.17,235
J100013,30/06/2026 01:00,28129.22,30379.55,221
J100013,30/06/2026 01:30,28129.57,30379.94,229
J100013,30/06/2026 02:00,28129.93,30380.32,235
J100013,30/06/2026 02:30,28130.29,30380.71,230
J100013,30/06/2026 03:00,28130.64,30381.09,230
J100013,30/06/2026 03:30,28131,30381.48,227
J100013,30/06/2026 04:00,28131.35,30381.86,233
J100013,30/06/2026 04:30,28131.71,30382.25,224
J100013,30/06/2026 05:00,28132.07,30382.63,228
J100013,30/06/2026 05:30,28132.42,30383.02,238
J100013,30/06/2026 06:00,28132.78,30383.4,226
J100013,30/06/2026 06:30,28133.14,30383.79,221
J100013,30/06/2026 07:00,28133.49,30384.17,221
J100013,30/06/2026 07:30,28133.85,30384.56,232
J100013,30/06/2026 08:00,28134.21,30384.94,221
J100013,30/06/2026 08:30,28134.56,30385.33,223
J100013,30/06/2026 09:00,28134.92,30385.71,224
J100013,30/06/2026 09:30,28135.28,30386.1,221
J100013,30/06/2026 10:00,28135.63,30386.48,230
J100013,30/06/2026 10:30,28135.99,30386.87,231
J100013,30/06/2026 11:00,28136.34,30387.25,232
J100013,30/06/2026 11:30,28136.7,30387.64,239
J100013,30/06/2026 12:00,28137.06,30388.02,222
J100013,30/06/2026 12:30,28137.41,30388.41,235
J100013,30/06/2026 13:00,28137.77,30388.79,231
J100013,30/06/2026 13:30,28138.13,30389.18,227
J100013,30/06/2026 14:00,28138.48,30389.56,231
J100013,30/06/2026 14:30,28138.84,30389.95,232
J100013,30/06/2026 15:00,28139.2,30390.33,230
J100013,30/06/2026 15:30,28139.55,30390.72,222
J100013,30/06/2026 16:00,28139.91,30391.1,226
J100013,30/06/2026 16:30,28140.27,30391.49,239
J100013,30/06/2026 17:00,28140.62,30391.87,232
J100013,30/06/2026 17:30,28140.98,30392.26,238
J100013,30/06/2026 18:00,28141.33,30392.64,227
J100013,30/06/2026 18:30,28141.69,30393.03,225
J100013,30/06/2026 19:00,28142.05,30393.41,228
J100013,30/06/2026 19:30,28142.4,30393.8,231
J100013,30/06/2026 20:00,28142.76,30394.18,221
J100013,30/06/2026 20:30,28143.12,30394.57,228
J100013,30/06/2026 21:00,28143.47,30394.95,229
J100013,30/06/2026 21:30,28143.83,30395.34,229
J100013,30/06/2026 22:00,28144.19,30395.72,229
J100013,30/06/2026 22:30,28144.54,30396.11,230
J100013,30/06/2026 23:00,28144.9,30396.49,240
J100013,30/06/2026 23:30,28145.26,30396.88,222
J100014,23/06/2026 23:30,36520.66,39442.31,231
J100014,24/06/2026 00:00,36520.91,39442.58,229
J100014,24/06/2026 00:30,36521.16,39442.86,221
J100014,24/06/2026 01:00,36521.42,39443.13,223
J100014,24/06/2026 01:30,36521.67,39443.41,233
J100014,24/06/2026 02:00,36521.93,39443.68,237
J100014,24/06/2026 02:30,36522.18,39443.96,231
J100014,24/06/2026 03:00,36522.43,39444.23,225
J100014,24/06/2026 03:30,36522.69,39444.5,233
J100014,24/06/2026 04:00,36522.94,39444.78,223
J100014,24/06/2026 04:30,36523.2,39445.05,233
J100014,24/06/2026 05:00,36523.45,39445.33,228
J100014,24/06/2026 05:30,36523.71,39445.6,236
J100014,24/06/2026 06:00,36523.96,39445.88,233
J100014,24/06/2026 06:30,36524.21,39446.15,223
J100014,24/06/2026 07:00,36524.47,39446.43,239
J100014,24/06/2026 07:30,36524.72,39446.7,223
J100014,24/06/2026 08:00,36524.98,39446.98,225
J100014,24/06/2026 08:30,36525.23,39447.25,235
J100014,24/06/2026 09:00,36525.49,39447.52,231
J100014,24/06/2026 09:30,36525.74,39447.8,238
J100014,24/06/2026 10:00,36525.99,39448.07,240
J100014,24/06/2026 10:30,36526.25,39448.35,224
J100014,24/06/2026 11:00,36526.5,39448.62,237
J100014,24/06/2026 11:30,36526.76,39448.9,229
J100014,24/06/2026 12:00,36527.01,39449.17,224
J100014,24/06/2026 12:30,36527.27,39449.45,237
J100014,24/06/2026 13:00,36527.52,39449.72,228
J100014,24/06/2026 13:30,36527.77,39450,238
J100014,24/06/2026 14:00,36528.03,39450.27,224
J100014,24/06/2026 14:30,36528.28,39450.54,229
J100014,24/06/2026 15:00,36528.54,39450.82,235
J100014,24/06/2026 15:30,36528.79,39451.09,228
J100014,24/06/2026 16:00,36529.04,39451.37,222
J100014,24/06/2026 16:30,36529.3,39451.64,229
J100014,24/06/2026 17:00,36529.55,39451.92,221
J100014,24/06/2026 17:30,36529.81,39452.19,240
J100014,24/06/2026 18:00,36530.06,39452.47,230
J100014,24/06/2026 18:30,36530.32,39452.74,228
J100014,24/06/2026 19:00,36530.57,39453.02,220
J100014,24/06/2026 19:30,36530.82,39453.29,233
J100014,24/06/2026 20:00,36531.08,39453.56,227
J100014,24/06/2026 20:30,36531.33,39453.84,232
J100014,24/06/2026 21:00,36531.59,39454.11,227
J100014,24/06/2026 21:30,36531.84,39454.39,236
J100014,24/06/2026 22:00,36532.1,39454.66,222
J100014,24/06/2026 22:30,36532.35,39454.94,233
J100014,24/06/2026 23:00,36532.6,39455.21,224
J100014,24/06/2026 23:30,36532.86,39455.49,233
J100014,25/06/2026 00:00,36533.11,39455.76,226
J100014,25/06/2026 00:30,36533.37,39456.04,220
J100014,25/06/2026 01:00,36533.62,39456.31,235
J100014,25/06/2026 01:30,36533.87,39456.58,223
J100014,25/06/2026 02:00,36534.13,39456.86,224
J100014,25/06/2026 02:30,36534.38,39457.13,226
J100014,25/06/2026 03:00,36534.64,39457.41,224
J100014,25/06/2026 03:30,36534.89,39457.68,229
J100014,25/06/2026 04:00,36535.15,39457.96,231
J100014,25/06/2026 04:30,36535.4,39458.23,238
J100014,25/06/2026 05:00,36535.65,39458.51,240
J100014,25/06/2026 05:30,36535.91,39458.78,235
J100014,25/06/2026 06:00,36536.16,39459.06,229
J100014,25/06/2026 06:30,36536.42,39459.33,220
J100014,25/06/2026 07:00,36536.67,39459.6,226
J100014,25/06/2026 07:30,36536.93,39459.88,226
J100014,25/06/2026 08:00,36537.18,39460.15,232
J100014,25/06/2026 08:30,36537.43,39460.43,235
J100014,25/06/2026 09:00,36537.69,39460.7,223
J100014,25/06/2026 09:30,36537.94,39460.98,238
J100014,25/06/2026 10:00,36538.2,39461.25,223
J100014,25/06/2026 10:30,36538.45,39461.53,237
J100014,25/06/2026 11:00,36538.7,39461.8,230
J100014,25/06/2026 11:30,36538.96,39462.08,235
J100014,25/06/2026 12:00,36539.21,39462.35,227
J100014,25/06/2026 12:30,36539.47,39462.62,228
J100014,25/06/2026 13:00,36539.72,39462.9,229
J100014,25/06/2026 13:30,36539.98,39463.17,222
J100014,25/06/2026 14:00,36540.23,39463.45,223
J100014,25/06/2026 14:30,36540.48,39463.72,230
J100014,25/06/2026 15:00,36540.74,39464,221
J100014,25/06/2026 15:30,36540.99,39464.27,238
J100014,25/06/2026 16:00,36541.25,39464.55,235
J100014,25/06/2026 16:30,36541.5,39464.82,236
J100014,25/06/2026 17:00,36541.76,39465.1,232
J100014,25/06/2026 17:30,36542.01,39465.37,224
J100014,25/06/2026 18:00,36542.26,39465.64,239
J100014,25/06/2026 18:30,36542.52,39465.92,233
J100014,25/06/2026 19:00,36542.77,39466.19,226
J100014,25/06/2026 19:30,36543.03,39466.47,231
J100014,25/06/2026 20:00,36543.28,39466.74,222
J100014,25/06/2026 20:30,36543.53,39467.02,223
J100014,25/06/2026 21:00,36543.79,39467.29,233
J100014,25/06/2026 21:30,36544.04,39467.57,231
J100014,25/06/2026 22:00,36544.3,39467.84,236
J100014,25/06/2026 22:30,36544.55,39468.12,224
J100014,25/06/2026 23:00,36544.81,39468.39,236
J100014,25/06/2026 23:30,36545.06,39468.67,229
J100014,26/06/2026 00:00,36545.31,39468.94,230
J100014,26/06/2026 00:30,36545.57,39469.21,221
J100014,26/06/2026 01:00,36545.82,39469.49,238
J100014,26/06/2026 01:30,36546.08,39469.76,230
J100014,26/06/2026 02:00,36546.33,39470.04,238
J100014,26/06/2026 02:30,36546.59,39470.31,228
J100014,26/06/2026 03:00,36546.84,39470.59,222
J100014,26/06/2026 03:30,36547.09,39470.86,228
J100014,26/06/2026 04:00,36547.35,39471.14,224
J100014,26/06/2026 04:30,36547.6,39471.41,231
J100014,26/06/2026 05:00,36547.86,39471.69,236
J100014,26/06/2026 05:30,36548.11,39471.96,225
J100014,26/06/2026 06:00,36548.37,39472.23,222
J100014,26/06/2026 06:30,36548.62,39472.51,238
J100014,26/06/2026 07:00,36548.87,39472.78,233
J100014,26/06/2026 07:30,36549.13,39473.06,229
J100014,26/06/2026 08:00,36549.38,39473.33,233
J100014,26/06/2026 08:30,36549.64,39473.61,239
J100014,26/06/2026 09:00,36549.89,39473.88,229
J100014,26/06/2026 09:30,36550.14,39474.16,239
J100014,26/06/2026 10:00,36550.4,39474.43,225
J100014,26/06/2026 10:30,36550.65,39474.71,233
J100014,26/06/2026 11:00,36550.91,39474.98,233
J100014,26/06/2026 11:30,36551.16,39475.25,229
J100014,26/06/2026 12:00,36551.42,39475.53,224
J100014,26/06/2026 12:30,36551.67,39475.8,227
J100014,26/06/2026 13:00,36551.92,39476.08,235
J100014,26/06/2026 13:30,36552.18,39476.35,229
J100014,26/06/2026 14:00,36552.43,39476.63,234
J100014,26/06/2026 14:30,36552.69,39476.9,234
J100014,26/06/2026 15:00,36552.94,39477.18,221
J100014,26/06/2026 15:30,36553.2,39477.45,231
J100014,26/06/2026 16:00,36553.45,39477.73,234
J100014,26/06/2026 16:30,36553.7,39478,221
J100014,26/06/2026 17:00,36553.96,39478.27,238
J100014,26/06/2026 17:30,36554.21,39478.55,226
J100014,26/06/2026 18:00,36554.47,39478.82,222
J100014,26/06/2026 18:30,36554.72,39479.1,235
J100014,26/06/2026 19:00,36554.97,39479.37,234
J100014,26/06/2026 19:30,36555.23,39479.65,222
J100014,26/06/2026 20:00,36555.48,39479.92,226
J100014,26/06/2026 20:30,36555.74,39480.2,221
J100014,26/06/2026 21:00,36555.99,39480.47,231
J100014,26/06/2026 21:30,36556.25,39480.75,232
J100014,26/06/2026 22:00,36556.5,39481.02,223
J100014,26/06/2026 22:30,36556.75,39481.29,240
J100014,26/06/2026 23:00,36557.01,39481.57,239
J100014,26/06/2026 23:30,36557.26,39481.84,223
J100014,27/06/2026 00:00,36557.52,39482.12,233
J100014,27/06/2026 00:30,36557.77,39482.39,227
J100014,27/06/2026 01:00,36558.03,39482.67,235
J100014,27/06/2026 01:30,36558.28,39482.94,222
J100014,27/06/2026 02:00,36558.53,39483.22,223
J100014,27/06/2026 02:30,36558.79,39483.49,225
J100014,27/06/2026 03:00,36559.04,39483.77,239
J100014,27/06/2026 03:30,36559.3,39484.04,224
J100014,27/06/2026 04:00,36559.55,39484.31,220
J100014,27/06/2026 04:30,36559.8,39484.59,228
J100014,27/06/2026 05:00,36560.06,39484.86,227
J100014,27/06/2026 05:30,36560.31,39485.14,237
J100014,27/06/2026 06:00,36560.57,39485.41,230
J100014,27/06/2026 06:30,36560.82,39485.69,229
J100014,27/06/2026 07:00,36561.08,39485.96,236
J100014,27/06/2026 07:30,36561.33,39486.24,232
J100014,27/06/2026 08:00,36561.58,39486.51,236
J100014,27/06/2026 08:30,36561.84,39486.79,227
J100014,27/06/2026 09:00,36562.09,39487.06,226
J100014,27/06/2026 09:30,36562.35,39487.33,238
J100014,27/06/2026 10:00,36562.6,39487.61,240
J100014,27/06/2026 10:30,36562.86,39487.88,221
J100014,27/06/2026 11:00,36563.11,39488.16,228
J100014,27/06/2026 11:30,36563.36,39488.43,237
J100014,27/06/2026 12:00,36563.62,39488.71,225
J100014,27/06/2026 12:30,36563.87,39488.98,224
J100014,27/06/2026 13:00,36564.13,39489.26,228
J100014,27/06/2026 13:30,36564.38,39489.53,231
J100014,27/06/2026 14:00,36564.63,39489.81,235
J100014,27/06/2026 14:30,36564.89,39490.08,221
J100014,27/06/2026 15:00,36565.14,39490.35,231
J100014,27/06/2026 15:30,36565.4,39490.63,224
J100014,27/06/2026 16:00,36565.65,39490.9,225
J100014,27/06/2026 16:30,36565.91,39491.18,227
J100014,27/06/2026 17:00,36566.16,39491.45,228
J100014,27/06/2026 17:30,36566.41,39491.73,235
J100014,27/06/2026 18:00,36566.67,39492,228
J100014,27/06/2026 18:30,36566.92,39492.28,222
J100014,27/06/2026 19:00,36567.18,39492.55,223
J100014,27/06/2026 19:30,36567.43,39492.83,240
J100014,27/06/2026 20:00,36567.69,39493.1,224
J100014,27/06/2026 20:30,36567.94,39493.37,225
J100014,27/06/2026 21:00,36568.19,39493.65,228
J100014,27/06/2026 21:30,36568.45,39493.92,228
J100014,27/06/2026 22:00,36568.7,39494.2,233
J100014,27/06/2026 22:30,36568.96,39494.47,235
J100014,27/06/2026 23:00,36569.21,39494.75,222
J100014,27/06/2026 23:30,36569.47,39495.02,220
J100014,28/06/2026 00:00,36569.72,39495.3,237
J100014,28/06/2026 00:30,36569.97,39495.57,236
J100014,28/06/2026 01:00,36570.23,39495.85,229
J100014,28/06/2026 01:30,36570.48,39496.12,228
J100014,28/06/2026 02:00,36570.74,39496.4,223
J100014,28/06/2026 02:30,36570.99,39496.67,222
J100014,28/06/2026 03:00,36571.24,39496.94,222
J100014,28/06/2026 03:30,36571.5,39497.22,236
J100014,28/06/2026 04:00,36571.75,39497.49,234
J100014,28/06/2026 04:30,36572.01,39497.77,229
J100014,28/06/2026 05:00,36572.26,39498.04,227
J100014,28/06/2026 05:30,36572.52,39498.32,223
J100014,28/06/2026 06:00,36572.77,39498.59,233
J100014,28/06/2026 06:30,36573.02,39498.87,239
J100014,28/06/2026 07:00,36573.28,39499.14,223
J100014,28/06/2026 07:30,36573.53,39499.42,238
J100014,28/06/2026 08:00,36573.79,39499.69,228
J100014,28/06/2026 08:30,36574.04,39499.96,233
J100014,28/06/2026 09:00,36574.3,39500.24,225
J100014,28/06/2026 09:30,36574.55,39500.51,235
J100014,28/06/2026 10:00,36574.8,39500.79,229
J100014,28/06/2026 10:30,36575.06,39501.06,225
J100014,28/06/2026 11:00,36575.31,39501.34,230
J100014,28/06/2026 11:30,36575.57,39501.61,235
J100014,28/06/2026 12:00,36575.82,39501.89,239
J100014,28/06/2026 12:30,36576.07,39502.16,239
J100014,28/06/2026 13:00,36576.33,39502.44,227
J100014,28/06/2026 13:30,36576.58,39502.71,238
J100014,28/06/2026 14:00,36576.84,39502.98,240
J100014,28/06/2026 14:30,36577.09,39503.26,233
J100014,28/06/2026 15:00,36577.35,39503.53,239
J100014,28/06/2026 15:30,36577.6,39503.81,232
J100014,28/06/2026 16:00,36577.85,39504.08,236
J100014,28/06/2026 16:30,36578.11,39504.36,224
J100014,28/06/2026 17:00,36578.36,39504.63,220
J100014,28/06/2026 17:30,36578.62,39504.91,233
J100014,28/06/2026 18:00,36578.87,39505.18,235
J100014,28/06/2026 18:30,36579.13,39505.46,240
J100014,28/06/2026 19:00,36579.38,39505.73,232
J100014,28/06/2026 19:30,36579.63,39506,229
J100014,28/06/2026 20:00,36579.89,39506.28,237
J100014,28/06/2026 20:30,36580.14,39506.55,237
J100014,28/06/2026 21:00,36580.4,39506.83,227
J100014,28/06/2026 21:30,36580.65,39507.1,231
J100014,28/06/2026 22:00,36580.9,39507.38,230
J100014,28/06/2026 22:30,36581.16,39507.65,226
J100014,28/06/2026 23:00,36581.41,39507.93,232
J100014,28/06/2026 23:30,36581.67,39508.2,226
J100014,29/06/2026 00:00,36581.92,39508.48,240
J100014,29/06/2026 00:30,36582.18,39508.75,221
J100014,29/06/2026 01:00,36582.43,39509.02,227
J100014,29/06/2026 01:30,36582.68,39509.3,222
J100014,29/06/2026 02:00,36582.94,39509.57,234
J100014,29/06/2026 02:30,36583.19,39509.85,237
J100014,29/06/2026 03:00,36583.45,39510.12,229
J100014,29/06/2026 03:30,36583.7,39510.4,232
J100014,29/06/2026 04:00,36583.96,39510.67,233
J100014,29/06/2026 04:30,36584.21,39510.95,235
J100014,29/06/2026 05:00,36584.46,39511.22,221
J100014,29/06/2026 05:30,36584.72,39511.5,234
J100014,29/06/2026 06:00,36584.97,39511.77,233
J100014,29/06/2026 06:30,36585.23,39512.04,225
J100014,29/06/2026 07:00,36585.48,39512.32,223
J100014,29/06/2026 07:30,36585.73,39512.59,238
J100014,29/06/2026 08:00,36585.99,39512.87,234
J100014,29/06/2026 08:30,36586.24,39513.14,220
J100014,29/06/2026 09:00,36586.5,39513.42,236
J100014,29/06/2026 09:30,36586.75,39513.69,222
J100014,29/06/2026 10:00,36587.01,39513.97,222
J100014,29/06/2026 10:30,36587.26,39514.24,225
J100014,29/06/2026 11:00,36587.51,39514.52,231
J100014,29/06/2026 11:30,36587.77,39514.79,236
J100014,29/06/2026 12:00,36588.02,39515.06,221
J100014,29/06/2026 12:30,36588.28,39515.34,223
J100014,29/06/2026 13:00,36588.53,39515.61,225
J100014,29/06/2026 13:30,36588.79,39515.89,236
J100014,29/06/2026 14:00,36589.04,39516.16,239
J100014,29/06/2026 14:30,36589.29,39516.44,235
J100014,29/06/2026 15:00,36589.55,39516.71,236
J100014,29/06/2026 15:30,36589.8,39516.99,221
J100014,29/06/2026 16:00,36590.06,39517.26,229
J100014,29/06/2026 16:30,36590.31,39517.54,225
J100014,29/06/2026 17:00,36590.57,39517.81,232
J100014,29/06/2026 17:30,36590.82,39518.08,228
J100014,29/06/2026 18:00,36591.07,39518.36,226
J100014,29/06/2026 18:30,36591.33,39518.63,222
J100014,29/06/2026 19:00,36591.58,39518.91,221
J100014,29/06/2026 19:30,36591.84,39519.18,225
J100014,29/06/2026 20:00,36592.09,39519.46,229
J100014,29/06/2026 20:30,36592.34,39519.73,228
J100014,29/06/2026 21:00,36592.6,39520.01,221
J100014,29/06/2026 21:30,36592.85,39520.28,230
J100014,29/06/2026 22:00,36593.11,39520.56,227
J100014,29/06/2026 22:30,36593.36,39520.83,239
J100014,29/06/2026 23:00,36593.62,39521.1,235
J100014,29/06/2026 23:30,36593.87,39521.38,240
J100014,30/06/2026 00:00,36594.12,39521.65,236
J100014,30/06/2026 00:30,36594.38,39521.93,220
J100014,30/06/2026 01:00,36594.63,39522.2,224
J100014,30/06/2026 01:30,36594.89,39522.48,223
J100014,30/06/2026 02:00,36595.14,39522.75,230
J100014,30/06/2026 02:30,36595.4,39523.03,221
J100014,30/06/2026 03:00,36595.65,39523.3,225
J100014,30/06/2026 03:30,36595.9,39523.58,222
J100014,30/06/2026 04:00,36596.16,39523.85,234
J100014,30/06/2026 04:30,36596.41,39524.13,234
J100014,30/06/2026 05:00,36596.67,39524.4,231
J100014,30/06/2026 05:30,36596.92,39524.67,238
J100014,30/06/2026 06:00,36597.17,39524.95,224
J100014,30/06/2026 06:30,36597.43,39525.22,236
J100014,30/06/2026 07:00,36597.68,39525.5,237
J100014,30/06/2026 07:30,36597.94,39525.77,224
J100014,30/06/2026 08:00,36598.19,39526.05,238
J100014,30/06/2026 08:30,36598.45,39526.32,226
J100014,30/06/2026 09:00,36598.7,39526.6,234
J100014,30/06/2026 09:30,36598.95,39526.87,225
J100014,30/06/2026 10:00,36599.21,39527.15,231
J100014,30/06/2026 10:30,36599.46,39527.42,232
J100014,30/06/2026 11:00,36599.72,39527.69,223
J100014,30/06/2026 11:30,36599.97,39527.97,229
J100014,30/06/2026 12:00,36600.23,39528.24,236
J100014,30/06/2026 12:30,36600.48,39528.52,226
J100014,30/06/2026 13:00,36600.73,39528.79,225
J100014,30/06/2026 13:30,36600.99,39529.07,232
J100014,30/06/2026 14:00,36601.24,39529.34,236
J100014,30/06/2026 14:30,36601.5,39529.62,227
J100014,30/06/2026 15:00,36601.75,39529.89,224
J100014,30/06/2026 15:30,36602,39530.17,224
J100014,30/06/2026 16:00,36602.26,39530.44,225
J100014,30/06/2026 16:30,36602.51,39530.71,224
J100014,30/06/2026 17:00,36602.77,39530.99,237
J100014,30/06/2026 17:30,36603.02,39531.26,229
J100014,30/06/2026 18:00,36603.28,39531.54,231
J100014,30/06/2026 18:30,36603.53,39531.81,240
J100014,30/06/2026 19:00,36603.78,39532.09,237
J100014,30/06/2026 19:30,36604.04,39532.36,233
J100014,30/06/2026 20:00,36604.29,39532.64,233
J100014,30/06/2026 20:30,36604.55,39532.91,227
J100014,30/06/2026 21:00,36604.8,39533.19,230
J100014,30/06/2026 21:30,36605.06,39533.46,238
J100014,30/06/2026 22:00,36605.31,39533.73,239
J100014,30/06/2026 22:30,36605.56,39534.01,233
J100014,30/06/2026 23:00,36605.82,39534.28,234
J100014,30/06/2026 23:30,36606.07,39534.56,232
J100015,23/06/2026 23:30,14311.01,15455.89,222
J100015,24/06/2026 00:00,14311.21,15456.11,237
J100015,24/06/2026 00:30,14311.42,15456.33,237
J100015,24/06/2026 01:00,14311.62,15456.55,226
J100015,24/06/2026 01:30,14311.82,15456.77,222
J100015,24/06/2026 02:00,14312.03,15456.99,236
J100015,24/06/2026 02:30,14312.23,15457.21,230
J100015,24/06/2026 03:00,14312.44,15457.43,232
J100015,24/06/2026 03:30,14312.64,15457.65,220
J100015,24/06/2026 04:00,14312.84,15457.87,228
J100015,24/06/2026 04:30,14313.05,15458.09,240
J100015,24/06/2026 05:00,14313.25,15458.31,222
J100015,24/06/2026 05:30,14313.45,15458.53,223
J100015,24/06/2026 06:00,14313.66,15458.75,224
J100015,24/06/2026 06:30,14313.86,15458.97,220
J100015,24/06/2026 07:00,14314.07,15459.19,231
J100015,24/06/2026 07:30,14314.27,15459.41,224
J100015,24/06/2026 08:00,14314.47,15459.63,239
J100015,24/06/2026 08:30,14314.68,15459.85,223
J100015,24/06/2026 09:00,14314.88,15460.07,237
J100015,24/06/2026 09:30,14315.08,15460.29,226
J100015,24/06/2026 10:00,14315.29,15460.51,233
J100015,24/06/2026 10:30,14315.49,15460.73,223
J100015,24/06/2026 11:00,14315.7,15460.95,225
J100015,24/06/2026 11:30,14315.9,15461.17,227
J100015,24/06/2026 12:00,14316.1,15461.39,232
J100015,24/06/2026 12:30,14316.31,15461.61,227
J100015,24/06/2026 13:00,14316.51,15461.83,228
J100015,24/06/2026 13:30,14316.72,15462.05,232
J100015,24/06/2026 14:00,14316.92,15462.27,220
J100015,24/06/2026 14:30,14317.12,15462.49,228
J100015,24/06/2026 15:00,14317.33,15462.71,229
J100015,24/06/2026 15:30,14317.53,15462.93,235
J100015,24/06/2026 16:00,14317.73,15463.15,235
J100015,24/06/2026 16:30,14317.94,15463.37,225
J100015,24/06/2026 17:00,14318.14,15463.59,230
J100015,24/06/2026 17:30,14318.35,15463.81,238
J100015,24/06/2026 18:00,14318.55,15464.03,229
J100015,24/06/2026 18:30,14318.75,15464.25,229
J100015,24/06/2026 19:00,14318.96,15464.47,228
J100015,24/06/2026 19:30,14319.16,15464.69,224
J100015,24/06/2026 20:00,14319.36,15464.91,234
J100015,24/06/2026 20:30,14319.57,15465.13,230
J100015,24/06/2026 21:00,14319.77,15465.35,229
J100015,24/06/2026 21:30,14319.98,15465.57,238
J100015,24/06/2026 22:00,14320.18,15465.79,227
J100015,24/06/2026 22:30,14320.38,15466.01,236
J100015,24/06/2026 23:00,14320.59,15466.23,231
J100015,24/06/2026 23:30,14320.79,15466.45,220
J100015,25/06/2026 00:00,14321,15466.67,239
J100015,25/06/2026 00:30,14321.2,15466.89,235
J100015,25/06/2026 01:00,14321.4,15467.12,222
J100015,25/06/2026 01:30,14321.61,15467.34,232
J100015,25/06/2026 02:00,14321.81,15467.56,223
J100015,25/06/2026 02:30,14322.01,15467.78,231
J100015,25/06/2026 03:00,14322.22,15468,229
J100015,25/06/2026 03:30,14322.42,15468.22,232
J100015,25/06/2026 04:00,14322.63,15468.44,225
J100015,25/06/2026 04:30,14322.83,15468.66,223
J100015,25/06/2026 05:00,14323.03,15468.88,238
J100015,25/06/2026 05:30,14323.24,15469.1,237
J100015,25/06/2026 06:00,14323.44,15469.32,240
J100015,25/06/2026 06:30,14323.64,15469.54,225
J100015,25/06/2026 07:00,14323.85,15469.76,227
J100015,25/06/2026 07:30,14324.05,15469.98,228
J100015,25/06/2026 08:00,14324.26,15470.2,224
J100015,25/06/2026 08:30,14324.46,15470.42,233
J100015,25/06/2026 09:00,14324.66,15470.64,232
J100015,25/06/2026 09:30,14324.87,15470.86,223
J100015,25/06/2026 10:00,14325.07,15471.08,230
J100015,25/06/2026 10:30,14325.28,15471.3,228
J100015,25/06/2026 11:00,14325.48,15471.52,228
J100015,25/06/2026 11:30,14325.68,15471.74,237
J100015,25/06/2026 12:00,14325.89,15471.96,225
J100015,25/06/2026 12:30,14326.09,15472.18,224
J100015,25/06/2026 13:00,14326.29,15472.4,232
J100015,25/06/2026 13:30,14326.5,15472.62,225
J100015,25/06/2026 14:00,14326.7,15472.84,224
J100015,25/06/2026 14:30,14326.91,15473.06,237
J100015,25/06/2026 15:00,14327.11,15473.28,220
J100015,25/06/2026 15:30,14327.31,15473.5,238
J100015,25/06/2026 16:00,14327.52,15473.72,224
J100015,25/06/2026 16:30,14327.72,15473.94,239
J100015,25/06/2026 17:00,14327.92,15474.16,237
J100015,25/06/2026 17:30,14328.13,15474.38,235
J100015,25/06/2026 18:00,14328.33,15474.6,238
J100015,25/06/2026 18:30,14328.54,15474.82,238
J100015,25/06/2026 19:00,14328.74,15475.04,228
J100015,25/06/2026 19:30,14328.94,15475.26,235
J100015,25/06/2026 20:00,14329.15,15475.48,234
J100015,25/06/2026 20:30,14329.35,15475.7,230
J100015,25/06/2026 21:00,14329.56,15475.92,222
J100015,25/06/2026 21:30,14329.76,15476.14,229
J100015,25/06/2026 22:00,14329.96,15476.36,237
J100015,25/06/2026 22:30,14330.17,15476.58,232
J100015,25/06/2026 23:00,14330.37,15476.8,226
J100015,25/06/2026 23:30,14330.57,15477.02,220
J100015,26/06/2026 00:00,14330.78,15477.24,237
J100015,26/06/2026 00:30,14330.98,15477.46,223
J100015,26/06/2026 01:00,14331.19,15477.68,235
J100015,26/06/2026 01:30,14331.39,15477.9,234
J100015,26/06/2026 02:00,14331.59,15478.12,225
J100015,26/06/2026 02:30,14331.8,15478.34,225
J100015,26/06/2026 03:00,14332,15478.56,227
J100015,26/06/2026 03:30,14332.2,15478.78,232
J100015,26/06/2026 04:00,14332.41,15479,232
J100015,26/06/2026 04:30,14332.61,15479.22,233
J100015,26/06/2026 05:00,14332.82,15479.44,237
J100015,26/06/2026 05:30,14333.02,15479.66,232
J100015,26/06/2026 06:00,14333.22,15479.88,226
J100015,26/06/2026 06:30,14333.43,15480.1,234
J100015,26/06/2026 07:00,14333.63,15480.32,237
J100015,26/06/2026 07:30,14333.84,15480.54,234
J100015,26/06/2026 08:00,14334.04,15480.76,231
J100015,26/06/2026 08:30,14334.24,15480.98,220
J100015,26/06/2026 09:00,14334.45,15481.2,227
J100015,26/06/2026 09:30,14334.65,15481.42,230
J100015,26/06/2026 10:00,14334.85,15481.64,236
J100015,26/06/2026 10:30,14335.06,15481.86,230
J100015,26/06/2026 11:00,14335.26,15482.08,225
J100015,26/06/2026 11:30,14335.47,15482.3,239
J100015,26/06/2026 12:00,14335.67,15482.52,222
J100015,26/06/2026 12:30,14335.87,15482.74,225
J100015,26/06/2026 13:00,14336.08,15482.96,225
J100015,26/06/2026 13:30,14336.28,15483.18,232
J100015,26/06/2026 14:00,14336.48,15483.4,227
J100015,26/06/2026 14:30,14336.69,15483.62,237
J100015,26/06/2026 15:00,14336.89,15483.84,225
J100015,26/06/2026 15:30,14337.1,15484.06,238
J100015,26/06/2026 16:00,14337.3,15484.28,229
J100015,26/06/2026 16:30,14337.5,15484.5,239
J100015,26/06/2026 17:00,14337.71,15484.72,223
J100015,26/06/2026 17:30,14337.91,15484.94,226
J100015,26/06/2026 18:00,14338.12,15485.16,230
J100015,26/06/2026 18:30,14338.32,15485.38,236
J100015,26/06/2026 19:00,14338.52,15485.6,222
J100015,26/06/2026 19:30,14338.73,15485.83,233
J100015,26/06/2026 20:00,14338.93,15486.05,224
J100015,26/06/2026 20:30,14339.13,15486.27,231
J100015,26/06/2026 21:00,14339.34,15486.49,234
J100015,26/06/2026 21:30,14339.54,15486.71,224
J100015,26/06/2026 22:00,14339.75,15486.93,232
J100015,26/06/2026 22:30,14339.95,15487.15,228
J100015,26/06/2026 23:00,14340.15,15487.37,230
J100015,26/06/2026 23:30,14340.36,15487.59,232
J100015,27/06/2026 00:00,14340.56,15487.81,224
J100015,27/06/2026 00:30,14340.76,15488.03,240
J100015,27/06/2026 01:00,14340.97,15488.25,228
J100015,27/06/2026 01:30,14341.17,15488.47,235
J100015,27/06/2026 02:00,14341.38,15488.69,230
J100015,27/06/2026 02:30,14341.58,15488.91,233
J100015,27/06/2026 03:00,14341.78,15489.13,233
J100015,27/06/2026 03:30,14341.99,15489.35,239
J100015,27/06/2026 04:00,14342.19,15489.57,225
J100015,27/06/2026 04:30,14342.4,15489.79,230
J100015,27/06/2026 05:00,14342.6,15490.01,235
J100015,27/06/2026 05:30,14342.8,15490.23,225
J100015,27/06/2026 06:00,14343.01,15490.45,235
J100015,27/06/2026 06:30,14343.21,15490.67,234
J100015,27/06/2026 07:00,14343.41,15490.89,224
J100015,27/06/2026 07:30,14343.62,15491.11,226
J100015,27/06/2026 08:00,14343.82,15491.33,239
J100015,27/06/2026 08:30,14344.03,15491.55,230
J100015,27/06/2026 09:00,14344.23,15491.77,226
J100015,27/06/2026 09:30,14344.43,15491.99,229
J100015,27/06/2026 10:00,14344.64,15492.21,222
J100015,27/06/2026 10:30,14344.84,15492.43,225
J100015,27/06/2026 11:00,14345.05,15492.65,225
J100015,27/06/2026 11:30,14345.25,15492.87,234
J100015,27/06/2026 12:00,14345.45,15493.09,228
J100015,27/06/2026 12:30,14345.66,15493.31,240
J100015,27/06/2026 13:00,14345.86,15493.53,226
J100015,27/06/2026 13:30,14346.06,15493.75,228
J100015,27/06/2026 14:00,14346.27,15493.97,232
J100015,27/06/2026 14:30,14346.47,15494.19,237
J100015,27/06/2026 15:00,14346.68,15494.41,221
J100015,27/06/2026 15:30,14346.88,15494.63,226
J100015,27/06/2026 16:00,14347.08,15494.85,229
J100015,27/06/2026 16:30,14347.29,15495.07,227
J100015,27/06/2026 17:00,14347.49,15495.29,223
J100015,27/06/2026 17:30,14347.69,15495.51,236
J100015,27/06/2026 18:00,14347.9,15495.73,232
J100015,27/06/2026 18:30,14348.1,15495.95,224
J100015,27/06/2026 19:00,14348.31,15496.17,235
J100015,27/06/2026 19:30,14348.51,15496.39,222
J100015,27/06/2026 20:00,14348.71,15496.61,238
J100015,27/06/2026 20:30,14348.92,15496.83,231
J100015,27/06/2026 21:00,14349.12,15497.05,238
J100015,27/06/2026 21:30,14349.33,15497.27,238
J100015,27/06/2026 22:00,14349.53,15497.49,226
J100015,27/06/2026 22:30,14349.73,15497.71,230
J100015,27/06/2026 23:00,14349.94,15497.93,237
J100015,27/06/2026 23:30,14350.14,15498.15,229
J100015,28/06/2026 00:00,14350.34,15498.37,228
J100015,28/06/2026 00:30,14350.55,15498.59,233
J100015,28/06/2026 01:00,14350.75,15498.81,236
J100015,28/06/2026 01:30,14350.96,15499.03,231
J100015,28/06/2026 02:00,14351.16,15499.25,238
J100015,28/06/2026 02:30,14351.36,15499.47,224
J100015,28/06/2026 03:00,14351.57,15499.69,237
J100015,28/06/2026 03:30,14351.77,15499.91,228
J100015,28/06/2026 04:00,14351.97,15500.13,233
J100015,28/06/2026 04:30,14352.18,15500.35,220
J100015,28/06/2026 05:00,14352.38,15500.57,228
J100015,28/06/2026 05:30,14352.59,15500.79,240
J100015,28/06/2026 06:00,14352.79,15501.01,236
J100015,28/06/2026 06:30,14352.99,15501.23,220
J100015,28/06/2026 07:00,14353.2,15501.45,228
J100015,28/06/2026 07:30,14353.4,15501.67,227
J100015,28/06/2026 08:00,14353.61,15501.89,226
J100015,28/06/2026 08:30,14353.81,15502.11,237
J100015,28/06/2026 09:00,14354.01,15502.33,224
J100015,28/06/2026 09:30,14354.22,15502.55,223
J100015,28/06/2026 10:00,14354.42,15502.77,231
J100015,28/06/2026 10:30,14354.62,15502.99,239
J100015,28/06/2026 11:00,14354.83,15503.21,222
J100015,28/06/2026 11:30,14355.03,15503.43,237
J100015,28/06/2026 12:00,14355.24,15503.65,239
J100015,28/06/2026 12:30,14355.44,15503.87,222
J100015,28/06/2026 13:00,14355.64,15504.09,220
J100015,28/06/2026 13:30,14355.85,15504.31,224
J100015,28/06/2026 14:00,14356.05,15504.53,237
J100015,28/06/2026 14:30,14356.25,15504.76,225
J100015,28/06/2026 15:00,14356.46,15504.98,221
J100015,28/06/2026 15:30,14356.66,15505.2,232
J100015,28/06/2026 16:00,14356.87,15505.42,227
J100015,28/06/2026 16:30,14357.07,15505.64,226
J100015,28/06/2026 17:00,14357.27,15505.86,229
J100015,28/06/2026 17:30,14357.48,15506.08,231
J100015,28/06/2026 18:00,14357.68,15506.3,222
J100015,28/06/2026 18:30,14357.89,15506.52,238
J100015,28/06/2026 19:00,14358.09,15506.74,234
J100015,28/06/2026 19:30,14358.29,15506.96,222
J100015,28/06/2026 20:00,14358.5,15507.18,221
J100015,28/06/2026 20:30,14358.7,15507.4,223
J100015,28/06/2026 21:00,14358.9,15507.62,232
J100015,28/06/2026 21:30,14359.11,15507.84,231
J100015,28/06/2026 22:00,14359.31,15508.06,235
J100015,28/06/2026 22:30,14359.52,15508.28,231
J100015,28/06/2026 23:00,14359.72,15508.5,221
J100015,28/06/2026 23:30,14359.92,15508.72,220
J100015,29/06/2026 00:00,14360.13,15508.94,232
J100015,29/06/2026 00:30,14360.33,15509.16,234
J100015,29/06/2026 01:00,14360.53,15509.38,232
J100015,29/06/2026 01:30,14360.74,15509.6,236
J100015,29/06/2026 02:00,14360.94,15509.82,240
J100015,29/06/2026 02:30,14361.15,15510.04,237
J100015,29/06/2026 03:00,14361.35,15510.26,239
J100015,29/06/2026 03:30,14361.55,15510.48,237
J100015,29/06/2026 04:00,14361.76,15510.7,235
J100015,29/06/2026 04:30,14361.96,15510.92,234
J100015,29/06/2026 05:00,14362.17,15511.14,229
J100015,29/06/2026 05:30,14362.37,15511.36,226
J100015,29/06/2026 06:00,14362.57,15511.58,227
J100015,29/06/2026 06:30,14362.78,15511.8,240
J100015,29/06/2026 07:00,14362.98,15512.02,228
J100015,29/06/2026 07:30,14363.18,15512.24,225
J100015,29/06/2026 08:00,14363.39,15512.46,232
J100015,29/06/2026 08:30,14363.59,15512.68,225
J100015,29/06/2026 09:00,14363.8,15512.9,229
J100015,29/06/2026 09:30,14364,15513.12,222
J100015,29/06/2026 10:00,14364.2,15513.34,239
J100015,29/06/2026 10:30,14364.41,15513.56,225
J100015,29/06/2026 11:00,14364.61,15513.78,232
J100015,29/06/2026 11:30,14364.81,15514,232
J100015,29/06/2026 12:00,14365.02,15514.22,225
J100015,29/06/2026 12:30,14365.22,15514.44,237
J100015,29/06/2026 13:00,14365.43,15514.66,234
J100015,29/06/2026 13:30,14365.63,15514.88,229
J100015,29/06/2026 14:00,14365.83,15515.1,220
J100015,29/06/2026 14:30,14366.04,15515.32,225
J100015,29/06/2026 15:00,14366.24,15515.54,240
J100015,29/06/2026 15:30,14366.45,15515.76,233
J100015,29/06/2026 16:00,14366.65,15515.98,221
J100015,29/06/2026 16:30,14366.85,15516.2,228
J100015,29/06/2026 17:00,14367.06,15516.42,222
J100015,29/06/2026 17:30,14367.26,15516.64,232
J100015,29/06/2026 18:00,14367.46,15516.86,232
J100015,29/06/2026 18:30,14367.67,15517.08,231
J100015,29/06/2026 19:00,14367.87,15517.3,229
J100015,29/06/2026 19:30,14368.08,15517.52,235
J100015,29/06/2026 20:00,14368.28,15517.74,232
J100015,29/06/2026 20:30,14368.48,15517.96,235
J100015,29/06/2026 21:00,14368.69,15518.18,233
J100015,29/06/2026 21:30,14368.89,15518.4,235
J100015,29/06/2026 22:00,14369.09,15518.62,232
J100015,29/06/2026 22:30,14369.3,15518.84,236
J100015,29/06/2026 23:00,14369.5,15519.06,232
J100015,29/06/2026 23:30,14369.71,15519.28,230
J100015,30/06/2026 00:00,14369.91,15519.5,232
J100015,30/06/2026 00:30,14370.11,15519.72,227
J100015,30/06/2026 01:00,14370.32,15519.94,231
J100015,30/06/2026 01:30,14370.52,15520.16,223
J100015,30/06/2026 02:00,14370.73,15520.38,230
J100015,30/06/2026 02:30,14370.93,15520.6,224
J100015,30/06/2026 03:00,14371.13,15520.82,235
J100015,30/06/2026 03:30,14371.34,15521.04,223
J100015,30/06/2026 04:00,14371.54,15521.26,239
J100015,30/06/2026 04:30,14371.74,15521.48,228
J100015,30/06/2026 05:00,14371.95,15521.7,223
J100015,30/06/2026 05:30,14372.15,15521.92,238
J100015,30/06/2026 06:00,14372.36,15522.14,239
J100015,30/06/2026 06:30,14372.56,15522.36,223
J100015,30/06/2026 07:00,14372.76,15522.58,223
J100015,30/06/2026 07:30,14372.97,15522.8,227
J100015,30/06/2026 08:00,14373.17,15523.02,240
J100015,30/06/2026 08:30,14373.37,15523.24,225
J100015,30/06/2026 09:00,14373.58,15523.47,234
J100015,30/06/2026 09:30,14373.78,15523.69,231
J100015,30/06/2026 10:00,14373.99,15523.91,227
J100015,30/06/2026 10:30,14374.19,15524.13,232
J100015,30/06/2026 11:00,14374.39,15524.35,236
J100015,30/06/2026 11:30,14374.6,15524.57,234
J100015,30/06/2026 12:00,14374.8,15524.79,223
J100015,30/06/2026 12:30,14375.01,15525.01,226
J100015,30/06/2026 13:00,14375.21,15525.23,221
J100015,30/06/2026 13:30,14375.41,15525.45,225
J100015,30/06/2026 14:00,14375.62,15525.67,221
J100015,30/06/2026 14:30,14375.82,15525.89,227
J100015,30/06/2026 15:00,14376.02,15526.11,222
J100015,30/06/2026 15:30,14376.23,15526.33,220
J100015,30/06/2026 16:00,14376.43,15526.55,222
J100015,30/06/2026 16:30,14376.64,15526.77,236
J100015,30/06/2026 17:00,14376.84,15526.99,220
J100015,30/06/2026 17:30,14377.04,15527.21,228
J100015,30/06/2026 18:00,14377.25,15527.43,221
J100015,30/06/2026 18:30,14377.45,15527.65,222
J100015,30/06/2026 19:00,14377.65,15527.87,228
J100015,30/06/2026 19:30,14377.86,15528.09,234
J100015,30/06/2026 20:00,14378.06,15528.31,223
J100015,30/06/2026 20:30,14378.27,15528.53,230
J100015,30/06/2026 21:00,14378.47,15528.75,231
J100015,30/06/2026 21:30,14378.67,15528.97,227
J100015,30/06/2026 22:00,14378.88,15529.19,240
J100015,30/06/2026 22:30,14379.08,15529.41,224
J100015,30/06/2026 23:00,14379.29,15529.63,223
J100015,30/06/2026 23:30,14379.49,15529.85,222
J100016,23/06/2026 23:30,43819.85,47325.44,222
J100016,24/06/2026 00:00,43820.08,47325.69,232
J100016,24/06/2026 00:30,43820.31,47325.94,238
J100016,24/06/2026 01:00,43820.54,47326.19,233
J100016,24/06/2026 01:30,43820.77,47326.44,236
J100016,24/06/2026 02:00,43821,47326.68,240
J100016,24/06/2026 02:30,43821.23,47326.93,231
J100016,24/06/2026 03:00,43821.46,47327.18,225
J100016,24/06/2026 03:30,43821.69,47327.43,233
J100016,24/06/2026 04:00,43821.92,47327.68,237
J100016,24/06/2026 04:30,43822.15,47327.93,238
J100016,24/06/2026 05:00,43822.38,47328.17,239
J100016,24/06/2026 05:30,43822.61,47328.42,240
J100016,24/06/2026 06:00,43822.84,47328.67,234
J100016,24/06/2026 06:30,43823.07,47328.92,240
J100016,24/06/2026 07:00,43823.3,47329.17,235
J100016,24/06/2026 07:30,43823.53,47329.42,222
J100016,24/06/2026 08:00,43823.76,47329.66,233
J100016,24/06/2026 08:30,43823.99,47329.91,238
J100016,24/06/2026 09:00,43824.22,47330.16,235
J100016,24/06/2026 09:30,43824.45,47330.41,220
J100016,24/06/2026 10:00,43824.68,47330.66,223
J100016,24/06/2026 10:30,43824.91,47330.91,227
J100016,24/06/2026 11:00,43825.14,47331.15,236
J100016,24/06/2026 11:30,43825.37,47331.4,229
J100016,24/06/2026 12:00,43825.6,47331.65,235
J100016,24/06/2026 12:30,43825.83,47331.9,236
J100016,24/06/2026 13:00,43826.06,47332.15,225
J100016,24/06/2026 13:30,43826.29,47332.4,226
J100016,24/06/2026 14:00,43826.52,47332.64,228
J100016,24/06/2026 14:30,43826.75,47332.89,233
J100016,24/06/2026 15:00,43826.98,47333.14,222
J100016,24/06/2026 15:30,43827.21,47333.39,222
J100016,24/06/2026 16:00,43827.44,47333.64,238
J100016,24/06/2026 16:30,43827.67,47333.89,238
J100016,24/06/2026 17:00,43827.9,47334.13,228
J100016,24/06/2026 17:30,43828.13,47334.38,234
J100016,24/06/2026 18:00,43828.36,47334.63,236
J100016,24/06/2026 18:30,43828.59,47334.88,240
J100016,24/06/2026 19:00,43828.82,47335.13,226
J100016,24/06/2026 19:30,43829.05,47335.38,239
J100016,24/06/2026 20:00,43829.28,47335.62,227
J100016,24/06/2026 20:30,43829.51,47335.87,237
J100016,24/06/2026 21:00,43829.74,47336.12,227
J100016,24/06/2026 21:30,43829.97,47336.37,230
J100016,24/06/2026 22:00,43830.2,47336.62,233
J100016,24/06/2026 22:30,43830.43,47336.87,230
J100016,24/06/2026 23:00,43830.66,47337.11,221
J100016,24/06/2026 23:30,43830.89,47337.36,233
J100016,25/06/2026 00:00,43831.12,47337.61,229
J100016,25/06/2026 00:30,43831.35,47337.86,234
J100016,25/06/2026 01:00,43831.58,47338.11,238
J100016,25/06/2026 01:30,43831.81,47338.36,221
J100016,25/06/2026 02:00,43832.04,47338.6,223
J100016,25/06/2026 02:30,43832.27,47338.85,232
J100016,25/06/2026 03:00,43832.5,47339.1,233
J100016,25/06/2026 03:30,43832.73,47339.35,232
J100016,25/06/2026 04:00,43832.96,47339.6,222
J100016,25/06/2026 04:30,43833.19,47339.85,230
J100016,25/06/2026 05:00,43833.42,47340.09,226
J100016,25/06/2026 05:30,43833.65,47340.34,223
J100016,25/06/2026 06:00,43833.88,47340.59,236
J100016,25/06/2026 06:30,43834.11,47340.84,223
J100016,25/06/2026 07:00,43834.34,47341.09,237
J100016,25/06/2026 07:30,43834.57,47341.34,235
J100016,25/06/2026 08:00,43834.8,47341.58,230
J100016,25/06/2026 08:30,43835.03,47341.83,227
J100016,25/06/2026 09:00,43835.26,47342.08,236
J100016,25/06/2026 09:30,43835.49,47342.33,229
J100016,25/06/2026 10:00,43835.72,47342.58,236
J100016,25/06/2026 10:30,43835.95,47342.83,221
J100016,25/06/2026 11:00,43836.18,47343.07,232
J100016,25/06/2026 11:30,43836.41,47343.32,231
J100016,25/06/2026 12:00,43836.64,47343.57,223
J100016,25/06/2026 12:30,43836.87,47343.82,228
J100016,25/06/2026 13:00,43837.1,47344.07,227
J100016,25/06/2026 13:30,43837.33,47344.32,238
J100016,25/06/2026 14:00,43837.56,47344.56,232
J100016,25/06/2026 14:30,43837.79,47344.81,234
J100016,25/06/2026 15:00,43838.02,47345.06,232
J100016,25/06/2026 15:30,43838.25,47345.31,234
J100016,25/06/2026 16:00,43838.48,47345.56,226
J100016,25/06/2026 16:30,43838.71,47345.81,223
J100016,25/06/2026 17:00,43838.94,47346.05,226
J100016,25/06/2026 17:30,43839.17,47346.3,238
J100016,25/06/2026 18:00,43839.4,47346.55,239
J100016,25/06/2026 18:30,43839.63,47346.8,238
J100016,25/06/2026 19:00,43839.86,47347.05,224
J100016,25/06/2026 19:30,43840.09,47347.3,239
J100016,25/06/2026 20:00,43840.32,47347.54,227
J100016,25/06/2026 20:30,43840.55,47347.79,239
J100016,25/06/2026 21:00,43840.78,47348.04,237
J100016,25/06/2026 21:30,43841.01,47348.29,222
J100016,25/06/2026 22:00,43841.24,47348.54,226
J100016,25/06/2026 22:30,43841.47,47348.79,220
J100016,25/06/2026 23:00,43841.7,47349.03,233
J100016,25/06/2026 23:30,43841.93,47349.28,237
J100016,26/06/2026 00:00,43842.16,47349.53,236
J100016,26/06/2026 00:30,43842.39,47349.78,227
J100016,26/06/2026 01:00,43842.62,47350.03,238
J100016,26/06/2026 01:30,43842.85,47350.28,225
J100016,26/06/2026 02:00,43843.08,47350.52,239
J100016,26/06/2026 02:30,43843.31,47350.77,225
J100016,26/06/2026 03:00,43843.54,47351.02,231
J100016,26/06/2026 03:30,43843.77,47351.27,225
J100016,26/06/2026 04:00,43844,47351.52,235
J100016,26/06/2026 04:30,43844.23,47351.77,225
J100016,26/06/2026 05:00,43844.46,47352.01,225
J100016,26/06/2026 05:30,43844.69,47352.26,228
J100016,26/06/2026 06:00,43844.92,47352.51,233
J100016,26/06/2026 06:30,43845.15,47352.76,227
J100016,26/06/2026 07:00,43845.38,47353.01,233
J100016,26/06/2026 07:30,43845.61,47353.26,226
J100016,26/06/2026 08:00,43845.84,47353.5,233
J100016,26/06/2026 08:30,43846.07,47353.75,237
J100016,26/06/2026 09:00,43846.3,47354,237
J100016,26/06/2026 09:30,43846.53,47354.25,240
J100016,26/06/2026 10:00,43846.76,47354.5,229
J100016,26/06/2026 10:30,43846.99,47354.75,229
J100016,26/06/2026 11:00,43847.22,47354.99,228
J100016,26/06/2026 11:30,43847.45,47355.24,225
J100016,26/06/2026 12:00,43847.68,47355.49,238
J100016,26/06/2026 12:30,43847.91,47355.74,230
J100016,26/06/2026 13:00,43848.14,47355.99,222
J100016,26/06/2026 13:30,43848.37,47356.24,223
J100016,26/06/2026 14:00,43848.6,47356.48,221
J100016,26/06/2026 14:30,43848.83,47356.73,236
J100016,26/06/2026 15:00,43849.06,47356.98,235
J100016,26/06/2026 15:30,43849.29,47357.23,240
J100016,26/06/2026 16:00,43849.52,47357.48,239
J100016,26/06/2026 16:30,43849.75,47357.73,224
J100016,26/06/2026 17:00,43849.98,47357.97,221
J100016,26/06/2026 17:30,43850.21,47358.22,239
J100016,26/06/2026 18:00,43850.44,47358.47,238
J100016,26/06/2026 18:30,43850.67,47358.72,240
J100016,26/06/2026 19:00,43850.9,47358.97,238
J100016,26/06/2026 19:30,43851.13,47359.22,236
J100016,26/06/2026 20:00,43851.36,47359.46,239
J100016,26/06/2026 20:30,43851.59,47359.71,237
J100016,26/06/2026 21:00,43851.82,47359.96,225
J100016,26/06/2026 21:30,43852.05,47360.21,225
J100016,26/06/2026 22:00,43852.27,47360.46,238
J100016,26/06/2026 22:30,43852.5,47360.71,232
J100016,26/06/2026 23:00,43852.73,47360.95,232
J100016,26/06/2026 23:30,43852.96,47361.2,222
J100016,27/06/2026 00:00,43853.19,47361.45,229
J100016,27/06/2026 00:30,43853.42,47361.7,231
J100016,27/06/2026 01:00,43853.65,47361.95,238
J100016,27/06/2026 01:30,43853.88,47362.2,233
J100016,27/06/2026 02:00,43854.11,47362.44,230
J100016,27/06/2026 02:30,43854.34,47362.69,233
J100016,27/06/2026 03:00,43854.57,47362.94,239
J100016,27/06/2026 03:30,43854.8,47363.19,230
J100016,27/06/2026 04:00,43855.03,47363.44,230
J100016,27/06/2026 04:30,43855.26,47363.69,236
J100016,27/06/2026 05:00,43855.49,47363.93,235
J100016,27/06/2026 05:30,43855.72,47364.18,222
J100016,27/06/2026 06:00,43855.95,47364.43,235
J100016,27/06/2026 06:30,43856.18,47364.68,231
J100016,27/06/2026 07:00,43856.41,47364.93,227
J100016,27/06/2026 07:30,43856.64,47365.18,234
J100016,27/06/2026 08:00,43856.87,47365.42,221
J100016,27/06/2026 08:30,43857.1,47365.67,234
J100016,27/06/2026 09:00,43857.33,47365.92,225
J100016,27/06/2026 09:30,43857.56,47366.17,236
J100016,27/06/2026 10:00,43857.79,47366.42,231
J100016,27/06/2026 10:30,43858.02,47366.67,225
J100016,27/06/2026 11:00,43858.25,47366.91,235
J100016,27/06/2026 11:30,43858.48,47367.16,238
J100016,27/06/2026 12:00,43858.71,47367.41,221
J100016,27/06/2026 12:30,43858.94,47367.66,220
J100016,27/06/2026 13:00,43859.17,47367.91,233
J100016,27/06/2026 13:30,43859.4,47368.16,233
J100016,27/06/2026 14:00,43859.63,47368.4,224
J100016,27/06/2026 14:30,43859.86,47368.65,236
J100016,27/06/2026 15:00,43860.09,47368.9,238
J100016,27/06/2026 15:30,43860.32,47369.15,235
J100016,27/06/2026 16:00,43860.55,47369.4,225
J100016,27/06/2026 16:30,43860.78,47369.65,237
J100016,27/06/2026 17:00,43861.01,47369.89,239
J100016,27/06/2026 17:30,43861.24,47370.14,233
J100016,27/06/2026 18:00,43861.47,47370.39,224
J100016,27/06/2026 18:30,43861.7,47370.64,224
J100016,27/06/2026 19:00,43861.93,47370.89,227
J100016,27/06/2026 19:30,43862.16,47371.14,229
J100016,27/06/2026 20:00,43862.39,47371.38,234
J100016,27/06/2026 20:30,43862.62,47371.63,239
J100016,27/06/2026 21:00,43862.85,47371.88,235
J100016,27/06/2026 21:30,43863.08,47372.13,237
J100016,27/06/2026 22:00,43863.31,47372.38,233
J100016,27/06/2026 22:30,43863.54,47372.63,220
J100016,27/06/2026 23:00,43863.77,47372.87,228
J100016,27/06/2026 23:30,43864,47373.12,234
J100016,28/06/2026 00:00,43864.23,47373.37,225
J100016,28/06/2026 00:30,43864.46,47373.62,223
J100016,28/06/2026 01:00,43864.69,47373.87,231
J100016,28/06/2026 01:30,43864.92,47374.12,233
J100016,28/06/2026 02:00,43865.15,47374.36,233
J100016,28/06/2026 02:30,43865.38,47374.61,232
J100016,28/06/2026 03:00,43865.61,47374.86,230
J100016,28/06/2026 03:30,43865.84,47375.11,236
J100016,28/06/2026 04:00,43866.07,47375.36,229
J100016,28/06/2026 04:30,43866.3,47375.61,239
J100016,28/06/2026 05:00,43866.53,47375.85,225
J100016,28/06/2026 05:30,43866.76,47376.1,235
J100016,28/06/2026 06:00,43866.99,47376.35,220
J100016,28/06/2026 06:30,43867.22,47376.6,225
J100016,28/06/2026 07:00,43867.45,47376.85,226
J100016,28/06/2026 07:30,43867.68,47377.1,225
J100016,28/06/2026 08:00,43867.91,47377.34,229
J100016,28/06/2026 08:30,43868.14,47377.59,228
J100016,28/06/2026 09:00,43868.37,47377.84,238
J100016,28/06/2026 09:30,43868.6,47378.09,225
J100016,28/06/2026 10:00,43868.83,47378.34,226
J100016,28/06/2026 10:30,43869.06,47378.59,227
J100016,28/06/2026 11:00,43869.29,47378.83,239
J100016,28/06/2026 11:30,43869.52,47379.08,239
J100016,28/06/2026 12:00,43869.75,47379.33,236
J100016,28/06/2026 12:30,43869.98,47379.58,231
J100016,28/06/2026 13:00,43870.21,47379.83,223
J100016,28/06/2026 13:30,43870.44,47380.08,227
J100016,28/06/2026 14:00,43870.67,47380.32,227
J100016,28/06/2026 14:30,43870.9,47380.57,232
J100016,28/06/2026 15:00,43871.13,47380.82,227
J100016,28/06/2026 15:30,43871.36,47381.07,233
J100016,28/06/2026 16:00,43871.59,47381.32,236
J100016,28/06/2026 16:30,43871.82,47381.57,230
J100016,28/06/2026 17:00,43872.05,47381.81,229
J100016,28/06/2026 17:30,43872.28,47382.06,225
J100016,28/06/2026 18:00,43872.51,47382.31,230
J100016,28/06/2026 18:30,43872.74,47382.56,234
J100016,28/06/2026 19:00,43872.97,47382.81,221
J100016,28/06/2026 19:30,43873.2,47383.06,232
J100016,28/06/2026 20:00,43873.43,47383.3,228
J100016,28/06/2026 20:30,43873.66,47383.55,228
J100016,28/06/2026 21:00,43873.89,47383.8,238
J100016,28/06/2026 21:30,43874.12,47384.05,228
J100016,28/06/2026 22:00,43874.35,47384.3,228
J100016,28/06/2026 22:30,43874.58,47384.55,239
J100016,28/06/2026 23:00,43874.81,47384.79,231
J100016,28/06/2026 23:30,43875.04,47385.04,234
J100016,29/06/2026 00:00,43875.27,47385.29,221
J100016,29/06/2026 00:30,43875.5,47385.54,232
J100016,29/06/2026 01:00,43875.73,47385.79,221
J100016,29/06/2026 01:30,43875.96,47386.04,234
J100016,29/06/2026 02:00,43876.19,47386.28,228
J100016,29/06/2026 02:30,43876.42,47386.53,227
J100016,29/06/2026 03:00,43876.65,47386.78,228
J100016,29/06/2026 03:30,43876.88,47387.03,228
J100016,29/06/2026 04:00,43877.11,47387.28,229
J100016,29/06/2026 04:30,43877.34,47387.53,238
J100016,29/06/2026 05:00,43877.57,47387.77,236
J100016,29/06/2026 05:30,43877.8,47388.02,235
J100016,29/06/2026 06:00,43878.03,47388.27,233
J100016,29/06/2026 06:30,43878.26,47388.52,236
J100016,29/06/2026 07:00,43878.49,47388.77,225
J100016,29/06/2026 07:30,43878.72,47389.02,229
J100016,29/06/2026 08:00,43878.95,47389.26,235
J100016,29/06/2026 08:30,43879.18,47389.51,236
J100016,29/06/2026 09:00,43879.41,47389.76,240
J100016,29/06/2026 09:30,43879.64,47390.01,222
J100016,29/06/2026 10:00,43879.87,47390.26,236
J100016,29/06/2026 10:30,43880.1,47390.51,226
J100016,29/06/2026 11:00,43880.33,47390.75,233
J100016,29/06/2026 11:30,43880.56,47391,225
J100016,29/06/2026 12:00,43880.79,47391.25,225
J100016,29/06/2026 12:30,43881.02,47391.5,234
J100016,29/06/2026 13:00,43881.25,47391.75,236
J100016,29/06/2026 13:30,43881.48,47392,237
J100016,29/06/2026 14:00,43881.71,47392.24,236
J100016,29/06/2026 14:30,43881.94,47392.49,235
J100016,29/06/2026 15:00,43882.17,47392.74,232
J100016,29/06/2026 15:30,43882.4,47392.99,225
J100016,29/06/2026 16:00,43882.63,47393.24,240
J100016,29/06/2026 16:30,43882.86,47393.49,224
J100016,29/06/2026 17:00,43883.09,47393.73,230
J100016,29/06/2026 17:30,43883.32,47393.98,237
J100016,29/06/2026 18:00,43883.55,47394.23,233
J100016,29/06/2026 18:30,43883.78,47394.48,227
J100016,29/06/2026 19:00,43884.01,47394.73,235
J100016,29/06/2026 19:30,43884.24,47394.98,238
J100016,29/06/2026 20:00,43884.47,47395.22,224
J100016,29/06/2026 20:30,43884.7,47395.47,237
J100016,29/06/2026 21:00,43884.93,47395.72,223
J100016,29/06/2026 21:30,43885.16,47395.97,225
J100016,29/06/2026 22:00,43885.39,47396.22,222
J100016,29/06/2026 22:30,43885.62,47396.47,229
J100016,29/06/2026 23:00,43885.85,47396.71,226
J100016,29/06/2026 23:30,43886.08,47396.96,234
J100016,30/06/2026 00:00,43886.31,47397.21,224
J100016,30/06/2026 00:30,43886.54,47397.46,240
J100016,30/06/2026 01:00,43886.77,47397.71,233
J100016,30/06/2026 01:30,43887,47397.96,221
J100016,30/06/2026 02:00,43887.23,47398.2,222
J100016,30/06/2026 02:30,43887.46,47398.45,229
J100016,30/06/2026 03:00,43887.69,47398.7,228
J100016,30/06/2026 03:30,43887.92,47398.95,229
J100016,30/06/2026 04:00,43888.15,47399.2,228
J100016,30/06/2026 04:30,43888.38,47399.45,227
J100016,30/06/2026 05:00,43888.61,47399.69,225
J100016,30/06/2026 05:30,43888.84,47399.94,233
J100016,30/06/2026 06:00,43889.07,47400.19,232
J100016,30/06/2026 06:30,43889.3,47400.44,237
J100016,30/06/2026 07:00,43889.53,47400.69,236
J100016,30/06/2026 07:30,43889.76,47400.94,233
J100016,30/06/2026 08:00,43889.99,47401.18,225
J100016,30/06/2026 08:30,43890.22,47401.43,220
J100016,30/06/2026 09:00,43890.44,47401.68,238
J100016,30/06/2026 09:30,43890.67,47401.93,239
J100016,30/06/2026 10:00,43890.9,47402.18,232
J100016,30/06/2026 10:30,43891.13,47402.43,226
J100016,30/06/2026 11:00,43891.36,47402.67,224
J100016,30/06/2026 11:30,43891.59,47402.92,231
J100016,30/06/2026 12:00,43891.82,47403.17,233
J100016,30/06/2026 12:30,43892.05,47403.42,223
J100016,30/06/2026 13:00,43892.28,47403.67,224
J100016,30/06/2026 13:30,43892.51,47403.92,231
J100016,30/06/2026 14:00,43892.74,47404.16,224
J100016,30/06/2026 14:30,43892.97,47404.41,236
J100016,30/06/2026 15:00,43893.2,47404.66,237
J100016,30/06/2026 15:30,43893.43,47404.91,227
J100016,30/06/2026 16:00,43893.66,47405.16,229
J100016,30/06/2026 16:30,43893.89,47405.41,220
J100016,30/06/2026 17:00,43894.12,47405.65,226
J100016,30/06/2026 17:30,43894.35,47405.9,238
J100016,30/06/2026 18:00,43894.58,47406.15,223
J100016,30/06/2026 18:30,43894.81,47406.4,224
J100016,30/06/2026 19:00,43895.04,47406.65,236
J100016,30/06/2026 19:30,43895.27,47406.9,233
J100016,30/06/2026 20:00,43895.5,47407.14,227
J100016,30/06/2026 20:30,43895.73,47407.39,228
J100016,30/06/2026 21:00,43895.96,47407.64,229
J100016,30/06/2026 21:30,43896.19,47407.89,235
J100016,30/06/2026 22:00,43896.42,47408.14,225
J100016,30/06/2026 22:30,43896.65,47408.39,223
J100016,30/06/2026 23:00,43896.88,47408.63,227
J100016,30/06/2026 23:30,43897.11,47408.88,238
J100017,23/06/2026 23:30,20606.65,22255.18,237
J100017,24/06/2026 00:00,20607.16,22255.73,223
J100017,24/06/2026 00:30,20607.66,22256.28,238
J100017,24/06/2026 01:00,20608.17,22256.83,239
J100017,24/06/2026 01:30,20608.68,22257.37,235
J100017,24/06/2026 02:00,20609.19,22257.92,240
J100017,24/06/2026 02:30,20609.7,22258.47,225
J100017,24/06/2026 03:00,20610.2,22259.02,238
J100017,24/06/2026 03:30,20610.71,22259.57,237
J100017,24/06/2026 04:00,20611.22,22260.12,231
J100017,24/06/2026 04:30,20611.73,22260.67,236
J100017,24/06/2026 05:00,20612.23,22261.21,229
J100017,24/06/2026 05:30,20612.74,22261.76,236
J100017,24/06/2026 06:00,20613.25,22262.31,226
J100017,24/06/2026 06:30,20613.76,22262.86,226
J100017,24/06/2026 07:00,20614.27,22263.41,240
J100017,24/06/2026 07:30,20614.77,22263.96,228
J100017,24/06/2026 08:00,20615.28,22264.5,230
J100017,24/06/2026 08:30,20615.79,22265.05,239
J100017,24/06/2026 09:00,20616.3,22265.6,234
J100017,24/06/2026 09:30,20616.81,22266.15,234
J100017,24/06/2026 10:00,20617.31,22266.7,240
J100017,24/06/2026 10:30,20617.82,22267.25,233
J100017,24/06/2026 11:00,20618.33,22267.8,229
J100017,24/06/2026 11:30,20618.84,22268.34,227
J100017,24/06/2026 12:00,20619.34,22268.89,237
J100017,24/06/2026 12:30,20619.85,22269.44,240
J100017,24/06/2026 13:00,20620.36,22269.99,231
J100017,24/06/2026 13:30,20620.87,22270.54,235
J100017,24/06/2026 14:00,20621.38,22271.09,221
J100017,24/06/2026 14:30,20621.88,22271.63,224
J100017,24/06/2026 15:00,20622.39,22272.18,220
J100017,24/06/2026 15:30,20622.9,22272.73,231
J100017,24/06/2026 16:00,20623.41,22273.28,235
J100017,24/06/2026 16:30,20623.91,22273.83,224
J100017,24/06/2026 17:00,20624.42,22274.38,231
J100017,24/06/2026 17:30,20624.93,22274.93,228
J100017,24/06/2026 18:00,20625.44,22275.47,228
J100017,24/06/2026 18:30,20625.95,22276.02,230
J100017,24/06/2026 19:00,20626.45,22276.57,234
J100017,24/06/2026 19:30,20626.96,22277.12,226
J100017,24/06/2026 20:00,20627.47,22277.67,240
J100017,24/06/2026 20:30,20627.98,22278.22,228
J100017,24/06/2026 21:00,20628.49,22278.76,237
J100017,24/06/2026 21:30,20628.99,22279.31,221
J100017,24/06/2026 22:00,20629.5,22279.86,234
J100017,24/06/2026 22:30,20630.01,22280.41,227
J100017,24/06/2026 23:00,20630.52,22280.96,236
J100017,24/06/2026 23:30,20631.02,22281.51,222
J100017,25/06/2026 00:00,20631.53,22282.06,229
J100017,25/06/2026 00:30,20632.04,22282.6,221
J100017,25/06/2026 01:00,20632.55,22283.15,226
J100017,25/06/2026 01:30,20633.06,22283.7,237
J100017,25/06/2026 02:00,20633.56,22284.25,223
J100017,25/06/2026 02:30,20634.07,22284.8,235
J100017,25/06/2026 03:00,20634.58,22285.35,239
J100017,25/06/2026 03:30,20635.09,22285.89,235
J100017,25/06/2026 04:00,20635.6,22286.44,239
J100017,25/06/2026 04:30,20636.1,22286.99,230
J100017,25/06/2026 05:00,20636.61,22287.54,229
J100017,25/06/2026 05:30,20637.12,22288.09,234
J100017,25/06/2026 06:00,20637.63,22288.64,234
J100017,25/06/2026 06:30,20638.13,22289.19,221
J100017,25/06/2026 07:00,20638.64,22289.73,235
J100017,25/06/2026 07:30,20639.15,22290.28,227
J100017,25/06/2026 08:00,20639.66,22290.83,232
J100017,25/06/2026 08:30,20640.17,22291.38,239
J100017,25/06/2026 09:00,20640.67,22291.93,228
J100017,25/06/2026 09:30,20641.18,22292.48,236
J100017,25/06/2026 10:00,20641.69,22293.02,228
J100017,25/06/2026 10:30,20642.2,22293.57,233
J100017,25/06/2026 11:00,20642.7,22294.12,225
J100017,25/06/2026 11:30,20643.21,22294.67,221
J100017,25/06/2026 12:00,20643.72,22295.22,228
J100017,25/06/2026 12:30,20644.23,22295.77,236
J100017,25/06/2026 13:00,20644.74,22296.31,233
J100017,25/06/2026 13:30,20645.24,22296.86,240
J100017,25/06/2026 14:00,20645.75,22297.41,227
J100017,25/06/2026 14:30,20646.26,22297.96,226
J100017,25/06/2026 15:00,20646.77,22298.51,239
J100017,25/06/2026 15:30,20647.28,22299.06,222
J100017,25/06/2026 16:00,20647.78,22299.61,233
J100017,25/06/2026 16:30,20648.29,22300.15,228
J100017,25/06/2026 17:00,20648.8,22300.7,224
J100017,25/06/2026 17:30,20649.31,22301.25,228
J100017,25/06/2026 18:00,20649.81,22301.8,235
J100017,25/06/2026 18:30,20650.32,22302.35,222
J100017,25/06/2026 19:00,20650.83,22302.9,226
J100017,25/06/2026 19:30,20651.34,22303.44,226
J100017,25/06/2026 20:00,20651.85,22303.99,220
J100017,25/06/2026 20:30,20652.35,22304.54,230
J100017,25/06/2026 21:00,20652.86,22305.09,230
J100017,25/06/2026 21:30,20653.37,22305.64,221
J100017,25/06/2026 22:00,20653.88,22306.19,222
J100017,25/06/2026 22:30,20654.38,22306.74,226
J100017,25/06/2026 23:00,20654.89,22307.28,226
J100017,25/06/2026 23:30,20655.4,22307.83,237
J100017,26/06/2026 00:00,20655.91,22308.38,235
J100017,26/06/2026 00:30,20656.42,22308.93,225
J100017,26/06/2026 01:00,20656.92,22309.48,223
J100017,26/06/2026 01:30,20657.43,22310.03,224
J100017,26/06/2026 02:00,20657.94,22310.57,226
J100017,26/06/2026 02:30,20658.45,22311.12,226
J100017,26/06/2026 03:00,20658.96,22311.67,224
J100017,26/06/2026 03:30,20659.46,22312.22,228
J100017,26/06/2026 04:00,20659.97,22312.77,221
J100017,26/06/2026 04:30,20660.48,22313.32,234
J100017,26/06/2026 05:00,20660.99,22313.87,229
J100017,26/06/2026 05:30,20661.49,22314.41,228
J100017,26/06/2026 06:00,20662,22314.96,229
J100017,26/06/2026 06:30,20662.51,22315.51,236
J100017,26/06/2026 07:00,20663.02,22316.06,229
J100017,26/06/2026 07:30,20663.53,22316.61,225
J100017,26/06/2026 08:00,20664.03,22317.16,239
J100017,26/06/2026 08:30,20664.54,22317.7,234
J100017,26/06/2026 09:00,20665.05,22318.25,232
J100017,26/06/2026 09:30,20665.56,22318.8,227
J100017,26/06/2026 10:00,20666.07,22319.35,237
J100017,26/06/2026 10:30,20666.57,22319.9,231
J100017,26/06/2026 11:00,20667.08,22320.45,238
J100017,26/06/2026 11:30,20667.59,22321,235
J100017,26/06/2026 12:00,20668.1,22321.54,239
J100017,26/06/2026 12:30,20668.6,22322.09,240
J100017,26/06/2026 13:00,20669.11,22322.64,227
J100017,26/06/2026 13:30,20669.62,22323.19,222
J100017,26/06/2026 14:00,20670.13,22323.74,225
J100017,26/06/2026 14:30,20670.64,22324.29,222
J100017,26/06/2026 15:00,20671.14,22324.83,238
J100017,26/06/2026 15:30,20671.65,22325.38,230
J100017,26/06/2026 16:00,20672.16,22325.93,230
J100017,26/06/2026 16:30,20672.67,22326.48,233
J100017,26/06/2026 17:00,20673.17,22327.03,227
J100017,26/06/2026 17:30,20673.68,22327.58,232
J100017,26/06/2026 18:00,20674.19,22328.13,235
J100017,26/06/2026 18:30,20674.7,22328.67,228
J100017,26/06/2026 19:00,20675.21,22329.22,220
J100017,26/06/2026 19:30,20675.71,22329.77,225
J100017,26/06/2026 20:00,20676.22,22330.32,226
J100017,26/06/2026 20:30,20676.73,22330.87,231
J100017,26/06/2026 21:00,20677.24,22331.42,221
J100017,26/06/2026 21:30,20677.75,22331.96,226
J100017,26/06/2026 22:00,20678.25,22332.51,236
J100017,26/06/2026 22:30,20678.76,22333.06,225
J100017,26/06/2026 23:00,20679.27,22333.61,238
J100017,26/06/2026 23:30,20679.78,22334.16,233
J100017,27/06/2026 00:00,20680.28,22334.71,228
J100017,27/06/2026 00:30,20680.79,22335.26,227
J100017,27/06/2026 01:00,20681.3,22335.8,227
J100017,27/06/2026 01:30,20681.81,22336.35,225
J100017,27/06/2026 02:00,20682.32,22336.9,228
J100017,27/06/2026 02:30,20682.82,22337.45,222
J100017,27/06/2026 03:00,20683.33,22338,239
J100017,27/06/2026 03:30,20683.84,22338.55,234
J100017,27/06/2026 04:00,20684.35,22339.09,236
J100017,27/06/2026 04:30,20684.85,22339.64,224
J100017,27/06/2026 05:00,20685.36,22340.19,228
J100017,27/06/2026 05:30,20685.87,22340.74,227
J100017,27/06/2026 06:00,20686.38,22341.29,234
J100017,27/06/2026 06:30,20686.89,22341.84,227
J100017,27/06/2026 07:00,20687.39,22342.39,231
J100017,27/06/2026 07:30,20687.9,22342.93,228
J100017,27/06/2026 08:00,20688.41,22343.48,236
J100017,27/06/2026 08:30,20688.92,22344.03,225
J100017,27/06/2026 09:00,20689.43,22344.58,240
J100017,27/06/2026 09:30,20689.93,22345.13,223
J100017,27/06/2026 10:00,20690.44,22345.68,232
J100017,27/06/2026 10:30,20690.95,22346.22,234
J100017,27/06/2026 11:00,20691.46,22346.77,226
J100017,27/06/2026 11:30,20691.96,22347.32,239
J100017,27/06/2026 12:00,20692.47,22347.87,238
J100017,27/06/2026 12:30,20692.98,22348.42,239
J100017,27/06/2026 13:00,20693.49,22348.97,227
J100017,27/06/2026 13:30,20694,22349.52,230
J100017,27/06/2026 14:00,20694.5,22350.06,235
J100017,27/06/2026 14:30,20695.01,22350.61,227
J100017,27/06/2026 15:00,20695.52,22351.16,236
J100017,27/06/2026 15:30,20696.03,22351.71,224
J100017,27/06/2026 16:00,20696.54,22352.26,221
J100017,27/06/2026 16:30,20697.04,22352.81,223
J100017,27/06/2026 17:00,20697.55,22353.35,222
J100017,27/06/2026 17:30,20698.06,22353.9,239
J100017,27/06/2026 18:00,20698.57,22354.45,233
J100017,27/06/2026 18:30,20699.07,22355,230
J100017,27/06/2026 19:00,20699.58,22355.55,238
J100017,27/06/2026 19:30,20700.09,22356.1,224
J100017,27/06/2026 20:00,20700.6,22356.65,222
J100017,27/06/2026 20:30,20701.11,22357.19,234
J100017,27/06/2026 21:00,20701.61,22357.74,226
J100017,27/06/2026 21:30,20702.12,22358.29,235
J100017,27/06/2026 22:00,20702.63,22358.84,229
J100017,27/06/2026 22:30,20703.14,22359.39,225
J100017,27/06/2026 23:00,20703.64,22359.94,227
J100017,27/06/2026 23:30,20704.15,22360.48,222
J100017,28/06/2026 00:00,20704.66,22361.03,225
J100017,28/06/2026 00:30,20705.17,22361.58,221
J100017,28/06/2026 01:00,20705.68,22362.13,230
J100017,28/06/2026 01:30,20706.18,22362.68,230
J100017,28/06/2026 02:00,20706.69,22363.23,235
J100017,28/06/2026 02:30,20707.2,22363.78,237
J100017,28/06/2026 03:00,20707.71,22364.32,227
J100017,28/06/2026 03:30,20708.22,22364.87,237
J100017,28/06/2026 04:00,20708.72,22365.42,232
J100017,28/06/2026 04:30,20709.23,22365.97,228
J100017,28/06/2026 05:00,20709.74,22366.52,223
J100017,28/06/2026 05:30,20710.25,22367.07,238
J100017,28/06/2026 06:00,20710.75,22367.61,222
J100017,28/06/2026 06:30,20711.26,22368.16,235
J100017,28/06/2026 07:00,20711.77,22368.71,240
J100017,28/06/2026 07:30,20712.28,22369.26,225
J100017,28/06/2026 08:00,20712.79,22369.81,233
J100017,28/06/2026 08:30,20713.29,22370.36,222
J100017,28/06/2026 09:00,20713.8,22370.91,223
J100017,28/06/2026 09:30,20714.31,22371.45,232
J100017,28/06/2026 10:00,20714.82,22372,221
J100017,28/06/2026 10:30,20715.33,22372.55,222
J100017,28/06/2026 11:00,20715.83,22373.1,239
J100017,28/06/2026 11:30,20716.34,22373.65,222
J100017,28/06/2026 12:00,20716.85,22374.2,222
J100017,28/06/2026 12:30,20717.36,22374.74,229
J100017,28/06/2026 13:00,20717.86,22375.29,234
J100017,28/06/2026 13:30,20718.37,22375.84,236
J100017,28/06/2026 14:00,20718.88,22376.39,221
J100017,28/06/2026 14:30,20719.39,22376.94,232
J100017,28/06/2026 15:00,20719.9,22377.49,222
J100017,28/06/2026 15:30,20720.4,22378.04,228
J100017,28/06/2026 16:00,20720.91,22378.58,227
J100017,28/06/2026 16:30,20721.42,22379.13,237
J100017,28/06/2026 17:00,20721.93,22379.68,236
J100017,28/06/2026 17:30,20722.43,22380.23,235
J100017,28/06/2026 18:00,20722.94,22380.78,237
J100017,28/06/2026 18:30,20723.45,22381.33,228
J100017,28/06/2026 19:00,20723.96,22381.87,224
J100017,28/06/2026 19:30,20724.47,22382.42,235
J100017,28/06/2026 20:00,20724.97,22382.97,224
J100017,28/06/2026 20:30,20725.48,22383.52,233
J100017,28/06/2026 21:00,20725.99,22384.07,239
J100017,28/06/2026 21:30,20726.5,22384.62,230
J100017,28/06/2026 22:00,20727.01,22385.17,222
J100017,28/06/2026 22:30,20727.51,22385.71,226
J100017,28/06/2026 23:00,20728.02,22386.26,240
J100017,28/06/2026 23:30,20728.53,22386.81,233
J100017,29/06/2026 00:00,20729.04,22387.36,237
J100017,29/06/2026 00:30,20729.54,22387.91,236
J100017,29/06/2026 01:00,20730.05,22388.46,223
J100017,29/06/2026 01:30,20730.56,22389,231
J100017,29/06/2026 02:00,20731.07,22389.55,224
J100017,29/06/2026 02:30,20731.58,22390.1,233
J100017,29/06/2026 03:00,20732.08,22390.65,221
J100017,29/06/2026 03:30,20732.59,22391.2,231
J100017,29/06/2026 04:00,20733.1,22391.75,227
J100017,29/06/2026 04:30,20733.61,22392.3,232
J100017,29/06/2026 05:00,20734.11,22392.84,240
J100017,29/06/2026 05:30,20734.62,22393.39,223
J100017,29/06/2026 06:00,20735.13,22393.94,234
J100017,29/06/2026 06:30,20735.64,22394.49,222
J100017,29/06/2026 07:00,20736.15,22395.04,222
J100017,29/06/2026 07:30,20736.65,22395.59,233
J100017,29/06/2026 08:00,20737.16,22396.13,228
J100017,29/06/2026 08:30,20737.67,22396.68,238
J100017,29/06/2026 09:00,20738.18,22397.23,223
J100017,29/06/2026 09:30,20738.69,22397.78,226
J100017,29/06/2026 10:00,20739.19,22398.33,223
J100017,29/06/2026 10:30,20739.7,22398.88,229
J100017,29/06/2026 11:00,20740.21,22399.43,237
J100017,29/06/2026 11:30,20740.72,22399.97,232
J100017,29/06/2026 12:00,20741.22,22400.52,238
J100017,29/06/2026 12:30,20741.73,22401.07,231
J100017,29/06/2026 13:00,20742.24,22401.62,220
J100017,29/06/2026 13:30,20742.75,22402.17,235
J100017,29/06/2026 14:00,20743.26,22402.72,227
J100017,29/06/2026 14:30,20743.76,22403.26,225
J100017,29/06/2026 15:00,20744.27,22403.81,228
J100017,29/06/2026 15:30,20744.78,22404.36,222
J100017,29/06/2026 16:00,20745.29,22404.91,227
J100017,29/06/2026 16:30,20745.8,22405.46,224
J100017,29/06/2026 17:00,20746.3,22406.01,236
J100017,29/06/2026 17:30,20746.81,22406.56,225
J100017,29/06/2026 18:00,20747.32,22407.1,225
J100017,29/06/2026 18:30,20747.83,22407.65,223
J100017,29/06/2026 19:00,20748.33,22408.2,237
J100017,29/06/2026 19:30,20748.84,22408.75,230
J100017,29/06/2026 20:00,20749.35,22409.3,222
J100017,29/06/2026 20:30,20749.86,22409.85,230
J100017,29/06/2026 21:00,20750.37,22410.39,224
J100017,29/06/2026 21:30,20750.87,22410.94,228
J100017,29/06/2026 22:00,20751.38,22411.49,231
J100017,29/06/2026 22:30,20751.89,22412.04,227
J100017,29/06/2026 23:00,20752.4,22412.59,239
J100017,29/06/2026 23:30,20752.9,22413.14,231
J100017,30/06/2026 00:00,20753.41,22413.69,238
J100017,30/06/2026 00:30,20753.92,22414.23,223
J100017,30/06/2026 01:00,20754.43,22414.78,235
J100017,30/06/2026 01:30,20754.94,22415.33,238
J100017,30/06/2026 02:00,20755.44,22415.88,227
J100017,30/06/2026 02:30,20755.95,22416.43,228
J100017,30/06/2026 03:00,20756.46,22416.98,222
J100017,30/06/2026 03:30,20756.97,22417.52,233
J100017,30/06/2026 04:00,20757.48,22418.07,231
J100017,30/06/2026 04:30,20757.98,22418.62,224
J100017,30/06/2026 05:00,20758.49,22419.17,224
J100017,30/06/2026 05:30,20759,22419.72,226
J100017,30/06/2026 06:00,20759.51,22420.27,221
J100017,30/06/2026 06:30,20760.01,22420.82,222
J100017,30/06/2026 07:00,20760.52,22421.36,226
J100017,30/06/2026 07:30,20761.03,22421.91,222
J100017,30/06/2026 08:00,20761.54,22422.46,225
J100017,30/06/2026 08:30,20762.05,22423.01,226
J100017,30/06/2026 09:00,20762.55,22423.56,226
J100017,30/06/2026 09:30,20763.06,22424.11,224
J100017,30/06/2026 10:00,20763.57,22424.65,239
J100017,30/06/2026 10:30,20764.08,22425.2,237
J100017,30/06/2026 11:00,20764.58,22425.75,231
J100017,30/06/2026 11:30,20765.09,22426.3,221
J100017,30/06/2026 12:00,20765.6,22426.85,234
J100017,30/06/2026 12:30,20766.11,22427.4,234
J100017,30/06/2026 13:00,20766.62,22427.95,239
J100017,30/06/2026 13:30,20767.12,22428.49,240
J100017,30/06/2026 14:00,20767.63,22429.04,220
J100017,30/06/2026 14:30,20768.14,22429.59,240
J100017,30/06/2026 15:00,20768.65,22430.14,233
J100017,30/06/2026 15:30,20769.16,22430.69,237
J100017,30/06/2026 16:00,20769.66,22431.24,229
J100017,30/06/2026 16:30,20770.17,22431.78,227
J100017,30/06/2026 17:00,20770.68,22432.33,234
J100017,30/06/2026 17:30,20771.19,22432.88,234
J100017,30/06/2026 18:00,20771.69,22433.43,227
J100017,30/06/2026 18:30,20772.2,22433.98,238
J100017,30/06/2026 19:00,20772.71,22434.53,221
J100017,30/06/2026 19:30,20773.22,22435.08,235
J100017,30/06/2026 20:00,20773.73,22435.62,225
J100017,30/06/2026 20:30,20774.23,22436.17,227
J100017,30/06/2026 21:00,20774.74,22436.72,238
J100017,30/06/2026 21:30,20775.25,22437.27,220
J100017,30/06/2026 22:00,20775.76,22437.82,227
J100017,30/06/2026 22:30,20776.27,22438.37,222
J100017,30/06/2026 23:00,20776.77,22438.91,232
J100017,30/06/2026 23:30,20777.28,22439.46,226
J100018,23/06/2026 23:30,2525.15,2727.17,238
J100018,24/06/2026 00:00,2525.3,2727.33,237
J100018,24/06/2026 00:30,2525.45,2727.49,236
J100018,24/06/2026 01:00,2525.61,2727.65,239
J100018,24/06/2026 01:30,2525.76,2727.82,229
J100018,24/06/2026 02:00,2525.91,2727.98,228
J100018,24/06/2026 02:30,2526.06,2728.14,223
J100018,24/06/2026 03:00,2526.21,2728.3,233
J100018,24/06/2026 03:30,2526.36,2728.47,227
J100018,24/06/2026 04:00,2526.51,2728.63,231
J100018,24/06/2026 04:30,2526.66,2728.79,236
J100018,24/06/2026 05:00,2526.81,2728.95,233
J100018,24/06/2026 05:30,2526.96,2729.12,221
J100018,24/06/2026 06:00,2527.11,2729.28,237
J100018,24/06/2026 06:30,2527.26,2729.44,240
J100018,24/06/2026 07:00,2527.41,2729.6,231
J100018,24/06/2026 07:30,2527.56,2729.77,235
J100018,24/06/2026 08:00,2527.71,2729.93,238
J100018,24/06/2026 08:30,2527.86,2730.09,221
J100018,24/06/2026 09:00,2528.01,2730.25,235
J100018,24/06/2026 09:30,2528.16,2730.42,234
J100018,24/06/2026 10:00,2528.31,2730.58,235
J100018,24/06/2026 10:30,2528.46,2730.74,239
J100018,24/06/2026 11:00,2528.62,2730.9,225
J100018,24/06/2026 11:30,2528.77,2731.07,226
J100018,24/06/2026 12:00,2528.92,2731.23,236
J100018,24/06/2026 12:30,2529.07,2731.39,236
J100018,24/06/2026 13:00,2529.22,2731.55,235
J100018,24/06/2026 13:30,2529.37,2731.72,225
J100018,24/06/2026 14:00,2529.52,2731.88,227
J100018,24/06/2026 14:30,2529.67,2732.04,237
J100018,24/06/2026 15:00,2529.82,2732.2,239
J100018,24/06/2026 15:30,2529.97,2732.37,229
J100018,24/06/2026 16:00,2530.12,2732.53,232
J100018,24/06/2026 16:30,2530.27,2732.69,226
J100018,24/06/2026 17:00,2530.42,2732.85,230
J100018,24/06/2026 17:30,2530.57,2733.02,225
J100018,24/06/2026 18:00,2530.72,2733.18,229
J100018,24/06/2026 18:30,2530.87,2733.34,221
J100018,24/06/2026 19:00,2531.02,2733.51,222
J100018,24/06/2026 19:30,2531.17,2733.67,222
J100018,24/06/2026 20:00,2531.32,2733.83,239
J100018,24/06/2026 20:30,2531.47,2733.99,228
J100018,24/06/2026 21:00,2531.63,2734.16,224
J100018,24/06/2026 21:30,2531.78,2734.32,239
J100018,24/06/2026 22:00,2531.93,2734.48,239
J100018,24/06/2026 22:30,2532.08,2734.64,231
J100018,24/06/2026 23:00,2532.23,2734.81,224
J100018,24/06/2026 23:30,2532.38,2734.97,228
J100018,25/06/2026 00:00,2532.53,2735.13,229
J100018,25/06/2026 00:30,2532.68,2735.29,232
J100018,25/06/2026 01:00,2532.83,2735.46,221
J100018,25/06/2026 01:30,2532.98,2735.62,234
J100018,25/06/2026 02:00,2533.13,2735.78,227
J100018,25/06/2026 02:30,2533.28,2735.94,225
J100018,25/06/2026 03:00,2533.43,2736.11,238
J100018,25/06/2026 03:30,2533.58,2736.27,235
J100018,25/06/2026 04:00,2533.73,2736.43,225
J100018,25/06/2026 04:30,2533.88,2736.59,233
J100018,25/06/2026 05:00,2534.03,2736.76,237
J100018,25/06/2026 05:30,2534.18,2736.92,229
J100018,25/06/2026 06:00,2534.33,2737.08,238
J100018,25/06/2026 06:30,2534.48,2737.24,232
J100018,25/06/2026 07:00,2534.64,2737.41,238
J100018,25/06/2026 07:30,2534.79,2737.57,224
J100018,25/06/2026 08:00,2534.94,2737.73,227
J100018,25/06/2026 08:30,2535.09,2737.89,221
J100018,25/06/2026 09:00,2535.24,2738.06,236
J100018,25/06/2026 09:30,2535.39,2738.22,238
J100018,25/06/2026 10:00,2535.54,2738.38,233
J100018,25/06/2026 10:30,2535.69,2738.54,229
J100018,25/06/2026 11:00,2535.84,2738.71,235
J100018,25/06/2026 11:30,2535.99,2738.87,228
J100018,25/06/2026 12:00,2536.14,2739.03,223
J100018,25/06/2026 12:30,2536.29,2739.19,229
J100018,25/06/2026 13:00,2536.44,2739.36,227
J100018,25/06/2026 13:30,2536.59,2739.52,222
J100018,25/06/2026 14:00,2536.74,2739.68,226
J100018,25/06/2026 14:30,2536.89,2739.84,229
J100018,25/06/2026 15:00,2537.04,2740.01,227
J100018,25/06/2026 15:30,2537.19,2740.17,225
J100018,25/06/2026 16:00,2537.34,2740.33,240
J100018,25/06/2026 16:30,2537.49,2740.49,229
J100018,25/06/2026 17:00,2537.65,2740.66,230
J100018,25/06/2026 17:30,2537.8,2740.82,228
J100018,25/06/2026 18:00,2537.95,2740.98,228
J100018,25/06/2026 18:30,2538.1,2741.14,236
J100018,25/06/2026 19:00,2538.25,2741.31,232
J100018,25/06/2026 19:30,2538.4,2741.47,230
J100018,25/06/2026 20:00,2538.55,2741.63,222
J100018,25/06/2026 20:30,2538.7,2741.79,237
J100018,25/06/2026 21:00,2538.85,2741.96,235
J100018,25/06/2026 21:30,2539,2742.12,226
J100018,25/06/2026 22:00,2539.15,2742.28,229
J100018,25/06/2026 22:30,2539.3,2742.44,221
J100018,25/06/2026 23:00,2539.45,2742.61,234
J100018,25/06/2026 23:30,2539.6,2742.77,232
J100018,26/06/2026 00:00,2539.75,2742.93,235
J100018,26/06/2026 00:30,2539.9,2743.1,230
J100018,26/06/2026 01:00,2540.05,2743.26,232
J100018,26/06/2026 01:30,2540.2,2743.42,231
J100018,26/06/2026 02:00,2540.35,2743.58,224
J100018,26/06/2026 02:30,2540.5,2743.75,237
J100018,26/06/2026 03:00,2540.66,2743.91,223
J100018,26/06/2026 03:30,2540.81,2744.07,222
J100018,26/06/2026 04:00,2540.96,2744.23,220
J100018,26/06/2026 04:30,2541.11,2744.4,221
J100018,26/06/2026 05:00,2541.26,2744.56,231
J100018,26/06/2026 05:30,2541.41,2744.72,235
J100018,26/06/2026 06:00,2541.56,2744.88,229
J100018,26/06/2026 06:30,2541.71,2745.05,230
J100018,26/06/2026 07:00,2541.86,2745.21,234
J100018,26/06/2026 07:30,2542.01,2745.37,237
J100018,26/06/2026 08:00,2542.16,2745.53,236
J100018,26/06/2026 08:30,2542.31,2745.7,223
J100018,26/06/2026 09:00,2542.46,2745.86,236
J100018,26/06/2026 09:30,2542.61,2746.02,221
J100018,26/06/2026 10:00,2542.76,2746.18,235
J100018,26/06/2026 10:30,2542.91,2746.35,224
J100018,26/06/2026 11:00,2543.06,2746.51,231
J100018,26/06/2026 11:30,2543.21,2746.67,232
J100018,26/06/2026 12:00,2543.36,2746.83,225
J100018,26/06/2026 12:30,2543.51,2747,229
J100018,26/06/2026 13:00,2543.67,2747.16,232
J100018,26/06/2026 13:30,2543.82,2747.32,224
J100018,26/06/2026 14:00,2543.97,2747.48,238
J100018,26/06/2026 14:30,2544.12,2747.65,233
J100018,26/06/2026 15:00,2544.27,2747.81,233
J100018,26/06/2026 15:30,2544.42,2747.97,230
J100018,26/06/2026 16:00,2544.57,2748.13,224
J100018,26/06/2026 16:30,2544.72,2748.3,235
J100018,26/06/2026 17:00,2544.87,2748.46,234
J100018,26/06/2026 17:30,2545.02,2748.62,229
J100018,26/06/2026 18:00,2545.17,2748.78,229
J100018,26/06/2026 18:30,2545.32,2748.95,233
J100018,26/06/2026 19:00,2545.47,2749.11,222
J100018,26/06/2026 19:30,2545.62,2749.27,235
J100018,26/06/2026 20:00,2545.77,2749.43,222
J100018,26/06/2026 20:30,2545.92,2749.6,235
J100018,26/06/2026 21:00,2546.07,2749.76,232
J100018,26/06/2026 21:30,2546.22,2749.92,230
J100018,26/06/2026 22:00,2546.37,2750.08,239
J100018,26/06/2026 22:30,2546.52,2750.25,223
J100018,26/06/2026 23:00,2546.68,2750.41,232
J100018,26/06/2026 23:30,2546.83,2750.57,227
J100018,27/06/2026 00:00,2546.98,2750.73,228
J100018,27/06/2026 00:30,2547.13,2750.9,226
J100018,27/06/2026 01:00,2547.28,2751.06,226
J100018,27/06/2026 01:30,2547.43,2751.22,222
J100018,27/06/2026 02:00,2547.58,2751.38,221
J100018,27/06/2026 02:30,2547.73,2751.55,234
J100018,27/06/2026 03:00,2547.88,2751.71,229
J100018,27/06/2026 03:30,2548.03,2751.87,232
J100018,27/06/2026 04:00,2548.18,2752.03,220
J100018,27/06/2026 04:30,2548.33,2752.2,232
J100018,27/06/2026 05:00,2548.48,2752.36,222
J100018,27/06/2026 05:30,2548.63,2752.52,233
J100018,27/06/2026 06:00,2548.78,2752.69,232
J100018,27/06/2026 06:30,2548.93,2752.85,234
J100018,27/06/2026 07:00,2549.08,2753.01,221
J100018,27/06/2026 07:30,2549.23,2753.17,234
J100018,27/06/2026 08:00,2549.38,2753.34,238
J100018,27/06/2026 08:30,2549.53,2753.5,227
J100018,27/06/2026 09:00,2549.69,2753.66,227
J100018,27/06/2026 09:30,2549.84,2753.82,238
J100018,27/06/2026 10:00,2549.99,2753.99,238
J100018,27/06/2026 10:30,2550.14,2754.15,228
J100018,27/06/2026 11:00,2550.29,2754.31,236
J100018,27/06/2026 11:30,2550.44,2754.47,236
J100018,27/06/2026 12:00,2550.59,2754.64,235
J100018,27/06/2026 12:30,2550.74,2754.8,230
J100018,27/06/2026 13:00,2550.89,2754.96,223
J100018,27/06/2026 13:30,2551.04,2755.12,230
J100018,27/06/2026 14:00,2551.19,2755.29,234
J100018,27/06/2026 14:30,2551.34,2755.45,238
J100018,27/06/2026 15:00,2551.49,2755.61,237
J100018,27/06/2026 15:30,2551.64,2755.77,222
J100018,27/06/2026 16:00,2551.79,2755.94,232
J100018,27/06/2026 16:30,2551.94,2756.1,222
J100018,27/06/2026 17:00,2552.09,2756.26,223
J100018,27/06/2026 17:30,2552.24,2756.42,232
J100018,27/06/2026 18:00,2552.39,2756.59,225
J100018,27/06/2026 18:30,2552.54,2756.75,229
J100018,27/06/2026 19:00,2552.7,2756.91,222
J100018,27/06/2026 19:30,2552.85,2757.07,222
J100018,27/06/2026 20:00,2553,2757.24,230
J100018,27/06/2026 20:30,2553.15,2757.4,232
J100018,27/06/2026 21:00,2553.3,2757.56,234
J100018,27/06/2026 21:30,2553.45,2757.72,223
J100018,27/06/2026 22:00,2553.6,2757.89,231
J100018,27/06/2026 22:30,2553.75,2758.05,224
J100018,27/06/2026 23:00,2553.9,2758.21,220
J100018,27/06/2026 23:30,2554.05,2758.37,225
J100018,28/06/2026 00:00,2554.2,2758.54,227
J100018,28/06/2026 00:30,2554.35,2758.7,227
J100018,28/06/2026 01:00,2554.5,2758.86,226
J100018,28/06/2026 01:30,2554.65,2759.02,224
J100018,28/06/2026 02:00,2554.8,2759.19,224
J100018,28/06/2026 02:30,2554.95,2759.35,236
J100018,28/06/2026 03:00,2555.1,2759.51,225
J100018,28/06/2026 03:30,2555.25,2759.67,235
J100018,28/06/2026 04:00,2555.4,2759.84,233
J100018,28/06/2026 04:30,2555.55,2760,237
J100018,28/06/2026 05:00,2555.71,2760.16,229
J100018,28/06/2026 05:30,2555.86,2760.32,226
J100018,28/06/2026 06:00,2556.01,2760.49,227
J100018,28/06/2026 06:30,2556.16,2760.65,232
J100018,28/06/2026 07:00,2556.31,2760.81,221
J100018,28/06/2026 07:30,2556.46,2760.97,237
J100018,28/06/2026 08:00,2556.61,2761.14,232
J100018,28/06/2026 08:30,2556.76,2761.3,221
J100018,28/06/2026 09:00,2556.91,2761.46,236
J100018,28/06/2026 09:30,2557.06,2761.62,226
J100018,28/06/2026 10:00,2557.21,2761.79,235
J100018,28/06/2026 10:30,2557.36,2761.95,220
J100018,28/06/2026 11:00,2557.51,2762.11,230
J100018,28/06/2026 11:30,2557.66,2762.27,230
J100018,28/06/2026 12:00,2557.81,2762.44,234
J100018,28/06/2026 12:30,2557.96,2762.6,231
J100018,28/06/2026 13:00,2558.11,2762.76,224
J100018,28/06/2026 13:30,2558.26,2762.93,231
J100018,28/06/2026 14:00,2558.41,2763.09,230
J100018,28/06/2026 14:30,2558.57,2763.25,225
J100018,28/06/2026 15:00,2558.72,2763.41,221
J100018,28/06/2026 15:30,2558.87,2763.58,223
J100018,28/06/2026 16:00,2559.02,2763.74,228
J100018,28/06/2026 16:30,2559.17,2763.9,232
J100018,28/06/2026 17:00,2559.32,2764.06,226
J100018,28/06/2026 17:30,2559.47,2764.23,238
J100018,28/06/2026 18:00,2559.62,2764.39,221
J100018,28/06/2026 18:30,2559.77,2764.55,240
J100018,28/06/2026 19:00,2559.92,2764.71,233
J100018,28/06/2026 19:30,2560.07,2764.88,233
J100018,28/06/2026 20:00,2560.22,2765.04,228
J100018,28/06/2026 20:30,2560.37,2765.2,235
J100018,28/06/2026 21:00,2560.52,2765.36,232
J100018,28/06/2026 21:30,2560.67,2765.53,235
J100018,28/06/2026 22:00,2560.82,2765.69,234
J100018,28/06/2026 22:30,2560.97,2765.85,224
J100018,28/06/2026 23:00,2561.12,2766.01,238
J100018,28/06/2026 23:30,2561.27,2766.18,224
J100018,29/06/2026 00:00,2561.42,2766.34,240
J100018,29/06/2026 00:30,2561.58,2766.5,226
J100018,29/06/2026 01:00,2561.73,2766.66,226
J100018,29/06/2026 01:30,2561.88,2766.83,235
J100018,29/06/2026 02:00,2562.03,2766.99,236
J100018,29/06/2026 02:30,2562.18,2767.15,229
J100018,29/06/2026 03:00,2562.33,2767.31,232
J100018,29/06/2026 03:30,2562.48,2767.48,232
J100018,29/06/2026 04:00,2562.63,2767.64,231
J100018,29/06/2026 04:30,2562.78,2767.8,222
J100018,29/06/2026 05:00,2562.93,2767.96,233
J100018,29/06/2026 05:30,2563.08,2768.13,237
J100018,29/06/2026 06:00,2563.23,2768.29,237
J100018,29/06/2026 06:30,2563.38,2768.45,237
J100018,29/06/2026 07:00,2563.53,2768.61,224
J100018,29/06/2026 07:30,2563.68,2768.78,232
J100018,29/06/2026 08:00,2563.83,2768.94,221
J100018,29/06/2026 08:30,2563.98,2769.1,230
J100018,29/06/2026 09:00,2564.13,2769.26,230
J100018,29/06/2026 09:30,2564.28,2769.43,222
J100018,29/06/2026 10:00,2564.43,2769.59,226
J100018,29/06/2026 10:30,2564.59,2769.75,230
J100018,29/06/2026 11:00,2564.74,2769.91,235
J100018,29/06/2026 11:30,2564.89,2770.08,228
J100018,29/06/2026 12:00,2565.04,2770.24,231
J100018,29/06/2026 12:30,2565.19,2770.4,222
J100018,29/06/2026 13:00,2565.34,2770.56,234
J100018,29/06/2026 13:30,2565.49,2770.73,235
J100018,29/06/2026 14:00,2565.64,2770.89,225
J100018,29/06/2026 14:30,2565.79,2771.05,228
J100018,29/06/2026 15:00,2565.94,2771.21,225
J100018,29/06/2026 15:30,2566.09,2771.38,227
J100018,29/06/2026 16:00,2566.24,2771.54,236
J100018,29/06/2026 16:30,2566.39,2771.7,238
J100018,29/06/2026 17:00,2566.54,2771.86,221
J100018,29/06/2026 17:30,2566.69,2772.03,226
J100018,29/06/2026 18:00,2566.84,2772.19,224
J100018,29/06/2026 18:30,2566.99,2772.35,227
J100018,29/06/2026 19:00,2567.14,2772.52,232
J100018,29/06/2026 19:30,2567.29,2772.68,235
J100018,29/06/2026 20:00,2567.44,2772.84,221
J100018,29/06/2026 20:30,2567.6,2773,236
J100018,29/06/2026 21:00,2567.75,2773.17,227
J100018,29/06/2026 21:30,2567.9,2773.33,230
J100018,29/06/2026 22:00,2568.05,2773.49,230
J100018,29/06/2026 22:30,2568.2,2773.65,223
J100018,29/06/2026 23:00,2568.35,2773.82,233
J100018,29/06/2026 23:30,2568.5,2773.98,221
J100018,30/06/2026 00:00,2568.65,2774.14,233
J100018,30/06/2026 00:30,2568.8,2774.3,225
J100018,30/06/2026 01:00,2568.95,2774.47,238
J100018,30/06/2026 01:30,2569.1,2774.63,230
J100018,30/06/2026 02:00,2569.25,2774.79,221
J100018,30/06/2026 02:30,2569.4,2774.95,228
J100018,30/06/2026 03:00,2569.55,2775.12,235
J100018,30/06/2026 03:30,2569.7,2775.28,222
J100018,30/06/2026 04:00,2569.85,2775.44,235
J100018,30/06/2026 04:30,2570,2775.6,238
J100018,30/06/2026 05:00,2570.15,2775.77,237
J100018,30/06/2026 05:30,2570.3,2775.93,235
J100018,30/06/2026 06:00,2570.45,2776.09,233
J100018,30/06/2026 06:30,2570.61,2776.25,223
J100018,30/06/2026 07:00,2570.76,2776.42,226
J100018,30/06/2026 07:30,2570.91,2776.58,222
J100018,30/06/2026 08:00,2571.06,2776.74,220
J100018,30/06/2026 08:30,2571.21,2776.9,229
J100018,30/06/2026 09:00,2571.36,2777.07,224
J100018,30/06/2026 09:30,2571.51,2777.23,236
J100018,30/06/2026 10:00,2571.66,2777.39,239
J100018,30/06/2026 10:30,2571.81,2777.55,226
J100018,30/06/2026 11:00,2571.96,2777.72,240
J100018,30/06/2026 11:30,2572.11,2777.88,235
J100018,30/06/2026 12:00,2572.26,2778.04,228
J100018,30/06/2026 12:30,2572.41,2778.2,235
J100018,30/06/2026 13:00,2572.56,2778.37,230
J100018,30/06/2026 13:30,2572.71,2778.53,239
J100018,30/06/2026 14:00,2572.86,2778.69,235
J100018,30/06/2026 14:30,2573.01,2778.85,240
J100018,30/06/2026 15:00,2573.16,2779.02,220
J100018,30/06/2026 15:30,2573.31,2779.18,226
J100018,30/06/2026 16:00,2573.46,2779.34,228
J100018,30/06/2026 16:30,2573.62,2779.5,221
J100018,30/06/2026 17:00,2573.77,2779.67,221
J100018,30/06/2026 17:30,2573.92,2779.83,230
J100018,30/06/2026 18:00,2574.07,2779.99,227
J100018,30/06/2026 18:30,2574.22,2780.15,235
J100018,30/06/2026 19:00,2574.37,2780.32,222
J100018,30/06/2026 19:30,2574.52,2780.48,237
J100018,30/06/2026 20:00,2574.67,2780.64,231
J100018,30/06/2026 20:30,2574.82,2780.8,234
J100018,30/06/2026 21:00,2574.97,2780.97,239
J100018,30/06/2026 21:30,2575.12,2781.13,220
J100018,30/06/2026 22:00,2575.27,2781.29,228
J100018,30/06/2026 22:30,2575.42,2781.45,222
J100018,30/06/2026 23:00,2575.57,2781.62,223
J100018,30/06/2026 23:30,2575.72,2781.78,222
J100019,23/06/2026 23:30,44756.94,48337.49,234
J100019,24/06/2026 00:00,44757.47,48338.07,236
J100019,24/06/2026 00:30,44758,48338.64,234
J100019,24/06/2026 01:00,44758.54,48339.22,227
J100019,24/06/2026 01:30,44759.07,48339.79,226
J100019,24/06/2026 02:00,44759.6,48340.37,237
J100019,24/06/2026 02:30,44760.13,48340.94,238
J100019,24/06/2026 03:00,44760.67,48341.52,226
J100019,24/06/2026 03:30,44761.2,48342.09,222
J100019,24/06/2026 04:00,44761.73,48342.67,229
J100019,24/06/2026 04:30,44762.26,48343.25,224
J100019,24/06/2026 05:00,44762.8,48343.82,225
J100019,24/06/2026 05:30,44763.33,48344.4,232
J100019,24/06/2026 06:00,44763.86,48344.97,230
J100019,24/06/2026 06:30,44764.39,48345.55,226
J100019,24/06/2026 07:00,44764.93,48346.12,232
J100019,24/06/2026 07:30,44765.46,48346.7,238
J100019,24/06/2026 08:00,44765.99,48347.27,230
J100019,24/06/2026 08:30,44766.52,48347.85,228
J100019,24/06/2026 09:00,44767.06,48348.42,236
J100019,24/06/2026 09:30,44767.59,48349,224
J100019,24/06/2026 10:00,44768.12,48349.57,234
J100019,24/06/2026 10:30,44768.65,48350.15,237
J100019,24/06/2026 11:00,44769.19,48350.72,236
J100019,24/06/2026 11:30,44769.72,48351.3,226
J100019,24/06/2026 12:00,44770.25,48351.87,228
J100019,24/06/2026 12:30,44770.78,48352.45,228
J100019,24/06/2026 13:00,44771.32,48353.02,234
J100019,24/06/2026 13:30,44771.85,48353.6,225
J100019,24/06/2026 14:00,44772.38,48354.17,231
J100019,24/06/2026 14:30,44772.92,48354.75,226
J100019,24/06/2026 15:00,44773.45,48355.32,238
J100019,24/06/2026 15:30,44773.98,48355.9,221
J100019,24/06/2026 16:00,44774.51,48356.47,233
J100019,24/06/2026 16:30,44775.05,48357.05,220
J100019,24/06/2026 17:00,44775.58,48357.62,235
J100019,24/06/2026 17:30,44776.11,48358.2,229
J100019,24/06/2026 18:00,44776.64,48358.77,240
J100019,24/06/2026 18:30,44777.18,48359.35,223
J100019,24/06/2026 19:00,44777.71,48359.92,230
J100019,24/06/2026 19:30,44778.24,48360.5,236
J100019,24/06/2026 20:00,44778.77,48361.08,233
J100019,24/06/2026 20:30,44779.31,48361.65,226
J100019,24/06/2026 21:00,44779.84,48362.23,222
J100019,24/06/2026 21:30,44780.37,48362.8,236
J100019,24/06/2026 22:00,44780.9,48363.38,230
J100019,24/06/2026 22:30,44781.44,48363.95,229
J100019,24/06/2026 23:00,44781.97,48364.53,227
J100019,24/06/2026 23:30,44782.5,48365.1,238
J100019,25/06/2026 00:00,44783.03,48365.68,239
J100019,25/06/2026 00:30,44783.57,48366.25,233
J100019,25/06/2026 01:00,44784.1,48366.83,232
J100019,25/06/2026 01:30,44784.63,48367.4,233
J100019,25/06/2026 02:00,44785.16,48367.98,235
J100019,25/06/2026 02:30,44785.7,48368.55,232
J100019,25/06/2026 03:00,44786.23,48369.13,230
J100019,25/06/2026 03:30,44786.76,48369.7,233
J100019,25/06/2026 04:00,44787.29,48370.28,223
J100019,25/06/2026 04:30,44787.83,48370.85,235
J100019,25/06/2026 05:00,44788.36,48371.43,220
J100019,25/06/2026 05:30,44788.89,48372,236
J100019,25/06/2026 06:00,44789.42,48372.58,222
J100019,25/06/2026 06:30,44789.96,48373.15,225
J100019,25/06/2026 07:00,44790.49,48373.73,233
J100019,25/06/2026 07:30,44791.02,48374.3,228
J100019,25/06/2026 08:00,44791.55,48374.88,239
J100019,25/06/2026 08:30,44792.09,48375.45,223
J100019,25/06/2026 09:00,44792.62,48376.03,230
J100019,25/06/2026 09:30,44793.15,48376.6,239
J100019,25/06/2026 10:00,44793.68,48377.18,232
J100019,25/06/2026 10:30,44794.22,48377.75,228
J100019,25/06/2026 11:00,44794.75,48378.33,226
J100019,25/06/2026 11:30,44795.28,48378.9,231
J100019,25/06/2026 12:00,44795.81,48379.48,230
J100019,25/06/2026 12:30,44796.35,48380.06,238
J100019,25/06/2026 13:00,44796.88,48380.63,223
J100019,25/06/2026 13:30,44797.41,48381.21,225
J100019,25/06/2026 14:00,44797.95,48381.78,224
J100019,25/06/2026 14:30,44798.48,48382.36,234
J100019,25/06/2026 15:00,44799.01,48382.93,240
J100019,25/06/2026 15:30,44799.54,48383.51,227
J100019,25/06/2026 16:00,44800.08,48384.08,236
J100019,25/06/2026 16:30,44800.61,48384.66,225
J100019,25/06/2026 17:00,44801.14,48385.23,236
J100019,25/06/2026 17:30,44801.67,48385.81,225
J100019,25/06/2026 18:00,44802.21,48386.38,223
J100019,25/06/2026 18:30,44802.74,48386.96,223
J100019,25/06/2026 19:00,44803.27,48387.53,239
J100019,25/06/2026 19:30,44803.8,48388.11,222
J100019,25/06/2026 20:00,44804.34,48388.68,234
J100019,25/06/2026 20:30,44804.87,48389.26,227
J100019,25/06/2026 21:00,44805.4,48389.83,240
J100019,25/06/2026 21:30,44805.93,48390.41,220
J100019,25/06/2026 22:00,44806.47,48390.98,229
J100019,25/06/2026 22:30,44807,48391.56,233
J100019,25/06/2026 23:00,44807.53,48392.13,229
J100019,25/06/2026 23:30,44808.06,48392.71,227
J100019,26/06/2026 00:00,44808.6,48393.28,236
J100019,26/06/2026 00:30,44809.13,48393.86,224
J100019,26/06/2026 01:00,44809.66,48394.43,224
J100019,26/06/2026 01:30,44810.19,48395.01,237
J100019,26/06/2026 02:00,44810.73,48395.58,223
J100019,26/06/2026 02:30,44811.26,48396.16,228
J100019,26/06/2026 03:00,44811.79,48396.73,234
J100019,26/06/2026 03:30,44812.32,48397.31,229
J100019,26/06/2026 04:00,44812.86,48397.89,235
J100019,26/06/2026 04:30,44813.39,48398.46,235
J100019,26/06/2026 05:00,44813.92,48399.04,235
J100019,26/06/2026 05:30,44814.45,48399.61,231
J100019,26/06/2026 06:00,44814.99,48400.19,230
J100019,26/06/2026 06:30,44815.52,48400.76,222
J100019,26/06/2026 07:00,44816.05,48401.34,235
J100019,26/06/2026 07:30,44816.58,48401.91,239
J100019,26/06/2026 08:00,44817.12,48402.49,221
J100019,26/06/2026 08:30,44817.65,48403.06,231
J100019,26/06/2026 09:00,44818.18,48403.64,220
J100019,26/06/2026 09:30,44818.71,48404.21,231
J100019,26/06/2026 10:00,44819.25,48404.79,237
J100019,26/06/2026 10:30,44819.78,48405.36,234
J100019,26/06/2026 11:00,44820.31,48405.94,237
J100019,26/06/2026 11:30,44820.84,48406.51,222
J100019,26/06/2026 12:00,44821.38,48407.09,236
J100019,26/06/2026 12:30,44821.91,48407.66,240
J100019,26/06/2026 13:00,44822.44,48408.24,227
J100019,26/06/2026 13:30,44822.98,48408.81,232
J100019,26/06/2026 14:00,44823.51,48409.39,221
J100019,26/06/2026 14:30,44824.04,48409.96,233
J100019,26/06/2026 15:00,44824.57,48410.54,232
J100019,26/06/2026 15:30,44825.11,48411.11,230
J100019,26/06/2026 16:00,44825.64,48411.69,227
J100019,26/06/2026 16:30,44826.17,48412.26,233
J100019,26/06/2026 17:00,44826.7,48412.84,220
J100019,26/06/2026 17:30,44827.24,48413.41,223
J100019,26/06/2026 18:00,44827.77,48413.99,230
J100019,26/06/2026 18:30,44828.3,48414.56,221
J100019,26/06/2026 19:00,44828.83,48415.14,237
J100019,26/06/2026 19:30,44829.37,48415.71,234
J100019,26/06/2026 20:00,44829.9,48416.29,236
J100019,26/06/2026 20:30,44830.43,48416.87,221
J100019,26/06/2026 21:00,44830.96,48417.44,224
J100019,26/06/2026 21:30,44831.5,48418.02,225
J100019,26/06/2026 22:00,44832.03,48418.59,229
J100019,26/06/2026 22:30,44832.56,48419.17,231
J100019,26/06/2026 23:00,44833.09,48419.74,226
J100019,26/06/2026 23:30,44833.63,48420.32,229
J100019,27/06/2026 00:00,44834.16,48420.89,230
J100019,27/06/2026 00:30,44834.69,48421.47,231
J100019,27/06/2026 01:00,44835.22,48422.04,236
J100019,27/06/2026 01:30,44835.76,48422.62,240
J100019,27/06/2026 02:00,44836.29,48423.19,237
J100019,27/06/2026 02:30,44836.82,48423.77,238
J100019,27/06/2026 03:00,44837.35,48424.34,232
J100019,27/06/2026 03:30,44837.89,48424.92,227
J100019,27/06/2026 04:00,44838.42,48425.49,236
J100019,27/06/2026 04:30,44838.95,48426.07,231
J100019,27/06/2026 05:00,44839.48,48426.64,231
J100019,27/06/2026 05:30,44840.02,48427.22,228
J100019,27/06/2026 06:00,44840.55,48427.79,238
J100019,27/06/2026 06:30,44841.08,48428.37,227
J100019,27/06/2026 07:00,44841.61,48428.94,228
J100019,27/06/2026 07:30,44842.15,48429.52,235
J100019,27/06/2026 08:00,44842.68,48430.09,235
J100019,27/06/2026 08:30,44843.21,48430.67,236
J100019,27/06/2026 09:00,44843.74,48431.24,235
J100019,27/06/2026 09:30,44844.28,48431.82,239
J100019,27/06/2026 10:00,44844.81,48432.39,240
J100019,27/06/2026 10:30,44845.34,48432.97,226
J100019,27/06/2026 11:00,44845.87,48433.54,229
J100019,27/06/2026 11:30,44846.41,48434.12,220
J100019,27/06/2026 12:00,44846.94,48434.7,222
J100019,27/06/2026 12:30,44847.47,48435.27,220
J100019,27/06/2026 13:00,44848.01,48435.85,231
J100019,27/06/2026 13:30,44848.54,48436.42,235
J100019,27/06/2026 14:00,44849.07,48437,228
J100019,27/06/2026 14:30,44849.6,48437.57,239
J100019,27/06/2026 15:00,44850.14,48438.15,236
J100019,27/06/2026 15:30,44850.67,48438.72,220
J100019,27/06/2026 16:00,44851.2,48439.3,238
J100019,27/06/2026 16:30,44851.73,48439.87,220
J100019,27/06/2026 17:00,44852.27,48440.45,224
J100019,27/06/2026 17:30,44852.8,48441.02,234
J100019,27/06/2026 18:00,44853.33,48441.6,227
J100019,27/06/2026 18:30,44853.86,48442.17,235
J100019,27/06/2026 19:00,44854.4,48442.75,227
J100019,27/06/2026 19:30,44854.93,48443.32,225
J100019,27/06/2026 20:00,44855.46,48443.9,224
J100019,27/06/2026 20:30,44855.99,48444.47,237
J100019,27/06/2026 21:00,44856.53,48445.05,223
J100019,27/06/2026 21:30,44857.06,48445.62,221
J100019,27/06/2026 22:00,44857.59,48446.2,236
J100019,27/06/2026 22:30,44858.12,48446.77,226
J100019,27/06/2026 23:00,44858.66,48447.35,238
J100019,27/06/2026 23:30,44859.19,48447.92,227
J100019,28/06/2026 00:00,44859.72,48448.5,230
J100019,28/06/2026 00:30,44860.25,48449.07,232
J100019,28/06/2026 01:00,44860.79,48449.65,220
J100019,28/06/2026 01:30,44861.32,48450.22,226
J100019,28/06/2026 02:00,44861.85,48450.8,238
J100019,28/06/2026 02:30,44862.38,48451.37,232
J100019,28/06/2026 03:00,44862.92,48451.95,223
J100019,28/06/2026 03:30,44863.45,48452.53,225
J100019,28/06/2026 04:00,44863.98,48453.1,228
J100019,28/06/2026 04:30,44864.51,48453.68,239
J100019,28/06/2026 05:00,44865.05,48454.25,232
J100019,28/06/2026 05:30,44865.58,48454.83,234
J100019,28/06/2026 06:00,44866.11,48455.4,222
J100019,28/06/2026 06:30,44866.64,48455.98,221
J100019,28/06/2026 07:00,44867.18,48456.55,229
J100019,28/06/2026 07:30,44867.71,48457.13,235
J100019,28/06/2026 08:00,44868.24,48457.7,225
J100019,28/06/2026 08:30,44868.77,48458.28,221
J100019,28/06/2026 09:00,44869.31,48458.85,228
J100019,28/06/2026 09:30,44869.84,48459.43,226
J100019,28/06/2026 10:00,44870.37,48460,235
J100019,28/06/2026 10:30,44870.9,48460.58,222
J100019,28/06/2026 11:00,44871.44,48461.15,232
J100019,28/06/2026 11:30,44871.97,48461.73,229
J100019,28/06/2026 12:00,44872.5,48462.3,228
J100019,28/06/2026 12:30,44873.04,48462.88,239
J100019,28/06/2026 13:00,44873.57,48463.45,225
J100019,28/06/2026 13:30,44874.1,48464.03,238
J100019,28/06/2026 14:00,44874.63,48464.6,238
J100019,28/06/2026 14:30,44875.17,48465.18,235
J100019,28/06/2026 15:00,44875.7,48465.75,224
J100019,28/06/2026 15:30,44876.23,48466.33,236
J100019,28/06/2026 16:00,44876.76,48466.9,225
J100019,28/06/2026 16:30,44877.3,48467.48,227
J100019,28/06/2026 17:00,44877.83,48468.05,234
J100019,28/06/2026 17:30,44878.36,48468.63,233
J100019,28/06/2026 18:00,44878.89,48469.2,230
J100019,28/06/2026 18:30,44879.43,48469.78,223
J100019,28/06/2026 19:00,44879.96,48470.35,231
J100019,28/06/2026 19:30,44880.49,48470.93,238
J100019,28/06/2026 20:00,44881.02,48471.51,227
J100019,28/06/2026 20:30,44881.56,48472.08,240
J100019,28/06/2026 21:00,44882.09,48472.66,231
J100019,28/06/2026 21:30,44882.62,48473.23,221
J100019,28/06/2026 22:00,44883.15,48473.81,227
J100019,28/06/2026 22:30,44883.69,48474.38,224
J100019,28/06/2026 23:00,44884.22,48474.96,229
J100019,28/06/2026 23:30,44884.75,48475.53,237
J100019,29/06/2026 00:00,44885.28,48476.11,234
J100019,29/06/2026 00:30,44885.82,48476.68,240
J100019,29/06/2026 01:00,44886.35,48477.26,229
J100019,29/06/2026 01:30,44886.88,48477.83,231
J100019,29/06/2026 02:00,44887.41,48478.41,238
J100019,29/06/2026 02:30,44887.95,48478.98,232
J100019,29/06/2026 03:00,44888.48,48479.56,237
J100019,29/06/2026 03:30,44889.01,48480.13,234
J100019,29/06/2026 04:00,44889.54,48480.71,239
J100019,29/06/2026 04:30,44890.08,48481.28,225
J100019,29/06/2026 05:00,44890.61,48481.86,225
J100019,29/06/2026 05:30,44891.14,48482.43,235
J100019,29/06/2026 06:00,44891.67,48483.01,239
J100019,29/06/2026 06:30,44892.21,48483.58,230
J100019,29/06/2026 07:00,44892.74,48484.16,231
J100019,29/06/2026 07:30,44893.27,48484.73,226
J100019,29/06/2026 08:00,44893.8,48485.31,233
J100019,29/06/2026 08:30,44894.34,48485.88,232
J100019,29/06/2026 09:00,44894.87,48486.46,228
J100019,29/06/2026 09:30,44895.4,48487.03,223
J100019,29/06/2026 10:00,44895.93,48487.61,229
J100019,29/06/2026 10:30,44896.47,48488.18,232
J100019,29/06/2026 11:00,44897,48488.76,237
J100019,29/06/2026 11:30,44897.53,48489.34,239
J100019,29/06/2026 12:00,44898.07,48489.91,236
J100019,29/06/2026 12:30,44898.6,48490.49,239
J100019,29/06/2026 13:00,44899.13,48491.06,225
J100019,29/06/2026 13:30,44899.66,48491.64,238
J100019,29/06/2026 14:00,44900.2,48492.21,240
J100019,29/06/2026 14:30,44900.73,48492.79,236
J100019,29/06/2026 15:00,44901.26,48493.36,223
J100019,29/06/2026 15:30,44901.79,48493.94,231
J100019,29/06/2026 16:00,44902.33,48494.51,221
J100019,29/06/2026 16:30,44902.86,48495.09,223
J100019,29/06/2026 17:00,44903.39,48495.66,239
J100019,29/06/2026 17:30,44903.92,48496.24,222
J100019,29/06/2026 18:00,44904.46,48496.81,221
J100019,29/06/2026 18:30,44904.99,48497.39,233
J100019,29/06/2026 19:00,44905.52,48497.96,222
J100019,29/06/2026 19:30,44906.05,48498.54,231
J100019,29/06/2026 20:00,44906.59,48499.11,236
J100019,29/06/2026 20:30,44907.12,48499.69,233
J100019,29/06/2026 21:00,44907.65,48500.26,228
J100019,29/06/2026 21:30,44908.18,48500.84,227
J100019,29/06/2026 22:00,44908.72,48501.41,234
J100019,29/06/2026 22:30,44909.25,48501.99,239
J100019,29/06/2026 23:00,44909.78,48502.56,229
J100019,29/06/2026 23:30,44910.31,48503.14,236
J100019,30/06/2026 00:00,44910.85,48503.71,233
J100019,30/06/2026 00:30,44911.38,48504.29,237
J100019,30/06/2026 01:00,44911.91,48504.86,235
J100019,30/06/2026 01:30,44912.44,48505.44,233
J100019,30/06/2026 02:00,44912.98,48506.01,230
J100019,30/06/2026 02:30,44913.51,48506.59,234
J100019,30/06/2026 03:00,44914.04,48507.16,229
J100019,30/06/2026 03:30,44914.57,48507.74,223
J100019,30/06/2026 04:00,44915.11,48508.32,223
J100019,30/06/2026 04:30,44915.64,48508.89,228
J100019,30/06/2026 05:00,44916.17,48509.47,229
J100019,30/06/2026 05:30,44916.7,48510.04,237
J100019,30/06/2026 06:00,44917.24,48510.62,222
J100019,30/06/2026 06:30,44917.77,48511.19,230
J100019,30/06/2026 07:00,44918.3,48511.77,227
J100019,30/06/2026 07:30,44918.83,48512.34,237
J100019,30/06/2026 08:00,44919.37,48512.92,231
J100019,30/06/2026 08:30,44919.9,48513.49,232
J100019,30/06/2026 09:00,44920.43,48514.07,237
J100019,30/06/2026 09:30,44920.96,48514.64,227
J100019,30/06/2026 10:00,44921.5,48515.22,229
J100019,30/06/2026 10:30,44922.03,48515.79,231
J100019,30/06/2026 11:00,44922.56,48516.37,220
J100019,30/06/2026 11:30,44923.1,48516.94,221
J100019,30/06/2026 12:00,44923.63,48517.52,227
J100019,30/06/2026 12:30,44924.16,48518.09,235
J100019,30/06/2026 13:00,44924.69,48518.67,222
J100019,30/06/2026 13:30,44925.23,48519.24,220
J100019,30/06/2026 14:00,44925.76,48519.82,232
J100019,30/06/2026 14:30,44926.29,48520.39,225
J100019,30/06/2026 15:00,44926.82,48520.97,222
J100019,30/06/2026 15:30,44927.36,48521.54,228
J100019,30/06/2026 16:00,44927.89,48522.12,220
J100019,30/06/2026 16:30,44928.42,48522.69,236
J100019,30/06/2026 17:00,44928.95,48523.27,230
J100019,30/06/2026 17:30,44929.49,48523.84,234
J100019,30/06/2026 18:00,44930.02,48524.42,237
J100019,30/06/2026 18:30,44930.55,48524.99,227
J100019,30/06/2026 19:00,44931.08,48525.57,224
J100019,30/06/2026 19:30,44931.62,48526.15,232
J100019,30/06/2026 20:00,44932.15,48526.72,235
J100019,30/06/2026 20:30,44932.68,48527.3,233
J100019,30/06/2026 21:00,44933.21,48527.87,235
J100019,30/06/2026 21:30,44933.75,48528.45,236
J100019,30/06/2026 22:00,44934.28,48529.02,226
J100019,30/06/2026 22:30,44934.81,48529.6,221
J100019,30/06/2026 23:00,44935.34,48530.17,220
J100019,30/06/2026 23:30,44935.88,48530.75,227
J100020,23/06/2026 23:30,17717.54,19134.95,220
J100020,24/06/2026 00:00,17718.07,19135.52,223
J100020,24/06/2026 00:30,17718.6,19136.08,225
J100020,24/06/2026 01:00,17719.12,19136.65,224
J100020,24/06/2026 01:30,17719.65,19137.22,235
J100020,24/06/2026 02:00,17720.18,19137.79,232
J100020,24/06/2026 02:30,17720.7,19138.36,223
J100020,24/06/2026 03:00,17721.23,19138.93,223
J100020,24/06/2026 03:30,17721.76,19139.5,224
J100020,24/06/2026 04:00,17722.28,19140.07,239
J100020,24/06/2026 04:30,17722.81,19140.64,239
J100020,24/06/2026 05:00,17723.34,19141.21,233
J100020,24/06/2026 05:30,17723.86,19141.77,226
J100020,24/06/2026 06:00,17724.39,19142.34,237
J100020,24/06/2026 06:30,17724.92,19142.91,232
J100020,24/06/2026 07:00,17725.45,19143.48,237
J100020,24/06/2026 07:30,17725.97,19144.05,226
J100020,24/06/2026 08:00,17726.5,19144.62,239
J100020,24/06/2026 08:30,17727.03,19145.19,229
J100020,24/06/2026 09:00,17727.55,19145.76,239
J100020,24/06/2026 09:30,17728.08,19146.33,234
J100020,24/06/2026 10:00,17728.61,19146.89,232
J100020,24/06/2026 10:30,17729.13,19147.46,229
J100020,24/06/2026 11:00,17729.66,19148.03,230
J100020,24/06/2026 11:30,17730.19,19148.6,229
J100020,24/06/2026 12:00,17730.71,19149.17,233
J100020,24/06/2026 12:30,17731.24,19149.74,225
J100020,24/06/2026 13:00,17731.77,19150.31,238
J100020,24/06/2026 13:30,17732.29,19150.88,231
J100020,24/06/2026 14:00,17732.82,19151.45,227
J100020,24/06/2026 14:30,17733.35,19152.01,230
J100020,24/06/2026 15:00,17733.87,19152.58,235
J100020,24/06/2026 15:30,17734.4,19153.15,221
J100020,24/06/2026 16:00,17734.93,19153.72,233
J100020,24/06/2026 16:30,17735.45,19154.29,223
J100020,24/06/2026 17:00,17735.98,19154.86,236
J100020,24/06/2026 17:30,17736.51,19155.43,235
J100020,24/06/2026 18:00,17737.03,19156,220
J100020,24/06/2026 18:30,17737.56,19156.57,228
J100020,24/06/2026 19:00,17738.09,19157.13,224
J100020,24/06/2026 19:30,17738.61,19157.7,236
J100020,24/06/2026 20:00,17739.14,19158.27,232
J100020,24/06/2026 20:30,17739.67,19158.84,229
J100020,24/06/2026 21:00,17740.19,19159.41,224
J100020,24/06/2026 21:30,17740.72,19159.98,225
J100020,24/06/2026 22:00,17741.25,19160.55,237
J100020,24/06/2026 22:30,17741.77,19161.12,234
J100020,24/06/2026 23:00,17742.3,19161.69,223
J100020,24/06/2026 23:30,17742.83,19162.25,227
J100020,25/06/2026 00:00,17743.35,19162.82,227
J100020,25/06/2026 00:30,17743.88,19163.39,229
J100020,25/06/2026 01:00,17744.41,19163.96,222
J100020,25/06/2026 01:30,17744.94,19164.53,240
J100020,25/06/2026 02:00,17745.46,19165.1,240
J100020,25/06/2026 02:30,17745.99,19165.67,230
J100020,25/06/2026 03:00,17746.52,19166.24,235
J100020,25/06/2026 03:30,17747.04,19166.81,232
J100020,25/06/2026 04:00,17747.57,19167.37,239
J100020,25/06/2026 04:30,17748.1,19167.94,229
J100020,25/06/2026 05:00,17748.62,19168.51,231
J100020,25/06/2026 05:30,17749.15,19169.08,226
J100020,25/06/2026 06:00,17749.68,19169.65,226
J100020,25/06/2026 06:30,17750.2,19170.22,225
J100020,25/06/2026 07:00,17750.73,19170.79,221
J100020,25/06/2026 07:30,17751.26,19171.36,236
J100020,25/06/2026 08:00,17751.78,19171.93,224
J100020,25/06/2026 08:30,17752.31,19172.49,223
J100020,25/06/2026 09:00,17752.84,19173.06,232
J100020,25/06/2026 09:30,17753.36,19173.63,222
J100020,25/06/2026 10:00,17753.89,19174.2,231
J100020,25/06/2026 10:30,17754.42,19174.77,229
J100020,25/06/2026 11:00,17754.94,19175.34,223
J100020,25/06/2026 11:30,17755.47,19175.91,226
J100020,25/06/2026 12:00,17756,19176.48,222
J100020,25/06/2026 12:30,17756.52,19177.05,223
J100020,25/06/2026 13:00,17757.05,19177.61,223
J100020,25/06/2026 13:30,17757.58,19178.18,222
J100020,25/06/2026 14:00,17758.1,19178.75,233
J100020,25/06/2026 14:30,17758.63,19179.32,239
J100020,25/06/2026 15:00,17759.16,19179.89,233
J100020,25/06/2026 15:30,17759.68,19180.46,232
J100020,25/06/2026 16:00,17760.21,19181.03,239
J100020,25/06/2026 16:30,17760.74,19181.6,236
J100020,25/06/2026 17:00,17761.26,19182.17,223
J100020,25/06/2026 17:30,17761.79,19182.73,221
J100020,25/06/2026 18:00,17762.32,19183.3,238
J100020,25/06/2026 18:30,17762.85,19183.87,239
J100020,25/06/2026 19:00,17763.37,19184.44,225
J100020,25/06/2026 19:30,17763.9,19185.01,224
J100020,25/06/2026 20:00,17764.43,19185.58,238
J100020,25/06/2026 20:30,17764.95,19186.15,232
J100020,25/06/2026 21:00,17765.48,19186.72,225
J100020,25/06/2026 21:30,17766.01,19187.29,232
J100020,25/06/2026 22:00,17766.53,19187.85,226
J100020,25/06/2026 22:30,17767.06,19188.42,223
J100020,25/06/2026 23:00,17767.59,19188.99,226
J100020,25/06/2026 23:30,17768.11,19189.56,227
J100020,26/06/2026 00:00,17768.64,19190.13,227
J100020,26/06/2026 00:30,17769.17,19190.7,227
J100020,26/06/2026 01:00,17769.69,19191.27,225
J100020,26/06/2026 01:30,17770.22,19191.84,229
J100020,26/06/2026 02:00,17770.75,19192.41,237
J100020,26/06/2026 02:30,17771.27,19192.98,225
J100020,26/06/2026 03:00,17771.8,19193.54,224
J100020,26/06/2026 03:30,17772.33,19194.11,231
J100020,26/06/2026 04:00,17772.85,19194.68,228
J100020,26/06/2026 04:30,17773.38,19195.25,237
J100020,26/06/2026 05:00,17773.91,19195.82,224
J100020,26/06/2026 05:30,17774.43,19196.39,231
J100020,26/06/2026 06:00,17774.96,19196.96,223
J100020,26/06/2026 06:30,17775.49,19197.53,224
J100020,26/06/2026 07:00,17776.01,19198.1,236
J100020,26/06/2026 07:30,17776.54,19198.66,239
J100020,26/06/2026 08:00,17777.07,19199.23,234
J100020,26/06/2026 08:30,17777.59,19199.8,237
J100020,26/06/2026 09:00,17778.12,19200.37,233
J100020,26/06/2026 09:30,17778.65,19200.94,223
J100020,26/06/2026 10:00,17779.17,19201.51,221
J100020,26/06/2026 10:30,17779.7,19202.08,232
J100020,26/06/2026 11:00,17780.23,19202.65,232
J100020,26/06/2026 11:30,17780.75,19203.22,228
J100020,26/06/2026 12:00,17781.28,19203.78,235
J100020,26/06/2026 12:30,17781.81,19204.35,231
J100020,26/06/2026 13:00,17782.34,19204.92,223
J100020,26/06/2026 13:30,17782.86,19205.49,235
J100020,26/06/2026 14:00,17783.39,19206.06,237
J100020,26/06/2026 14:30,17783.92,19206.63,239
J100020,26/06/2026 15:00,17784.44,19207.2,235
J100020,26/06/2026 15:30,17784.97,19207.77,223
J100020,26/06/2026 16:00,17785.5,19208.34,223
J100020,26/06/2026 16:30,17786.02,19208.9,226
J100020,26/06/2026 17:00,17786.55,19209.47,233
J100020,26/06/2026 17:30,17787.08,19210.04,221
J100020,26/06/2026 18:00,17787.6,19210.61,226
J100020,26/06/2026 18:30,17788.13,19211.18,226
J100020,26/06/2026 19:00,17788.66,19211.75,221
J100020,26/06/2026 19:30,17789.18,19212.32,224
J100020,26/06/2026 20:00,17789.71,19212.89,230
J100020,26/06/2026 20:30,17790.24,19213.46,226
J100020,26/06/2026 21:00,17790.76,19214.02,224
J100020,26/06/2026 21:30,17791.29,19214.59,237
J100020,26/06/2026 22:00,17791.82,19215.16,234
J100020,26/06/2026 22:30,17792.34,19215.73,233
J100020,26/06/2026 23:00,17792.87,19216.3,224
J100020,26/06/2026 23:30,17793.4,19216.87,237
J100020,27/06/2026 00:00,17793.92,19217.44,227
J100020,27/06/2026 00:30,17794.45,19218.01,228
J100020,27/06/2026 01:00,17794.98,19218.58,233
J100020,27/06/2026 01:30,17795.5,19219.14,222
J100020,27/06/2026 02:00,17796.03,19219.71,226
J100020,27/06/2026 02:30,17796.56,19220.28,239
J100020,27/06/2026 03:00,17797.08,19220.85,228
J100020,27/06/2026 03:30,17797.61,19221.42,232
J100020,27/06/2026 04:00,17798.14,19221.99,231
J100020,27/06/2026 04:30,17798.66,19222.56,227
J100020,27/06/2026 05:00,17799.19,19223.13,240
J100020,27/06/2026 05:30,17799.72,19223.7,232
J100020,27/06/2026 06:00,17800.25,19224.26,224
J100020,27/06/2026 06:30,17800.77,19224.83,229
J100020,27/06/2026 07:00,17801.3,19225.4,225
J100020,27/06/2026 07:30,17801.83,19225.97,224
J100020,27/06/2026 08:00,17802.35,19226.54,224
J100020,27/06/2026 08:30,17802.88,19227.11,223
J100020,27/06/2026 09:00,17803.41,19227.68,223
J100020,27/06/2026 09:30,17803.93,19228.25,228
J100020,27/06/2026 10:00,17804.46,19228.82,223
J100020,27/06/2026 10:30,17804.99,19229.38,238
J100020,27/06/2026 11:00,17805.51,19229.95,230
J100020,27/06/2026 11:30,17806.04,19230.52,232
J100020,27/06/2026 12:00,17806.57,19231.09,236
J100020,27/06/2026 12:30,17807.09,19231.66,234
J100020,27/06/2026 13:00,17807.62,19232.23,230
J100020,27/06/2026 13:30,17808.15,19232.8,229
J100020,27/06/2026 14:00,17808.67,19233.37,225
J100020,27/06/2026 14:30,17809.2,19233.94,240
J100020,27/06/2026 15:00,17809.73,19234.5,225
J100020,27/06/2026 15:30,17810.25,19235.07,221
J100020,27/06/2026 16:00,17810.78,19235.64,240
J100020,27/06/2026 16:30,17811.31,19236.21,239
J100020,27/06/2026 17:00,17811.83,19236.78,237
J100020,27/06/2026 17:30,17812.36,19237.35,230
J100020,27/06/2026 18:00,17812.89,19237.92,238
J100020,27/06/2026 18:30,17813.41,19238.49,222
J100020,27/06/2026 19:00,17813.94,19239.06,236
J100020,27/06/2026 19:30,17814.47,19239.62,228
J100020,27/06/2026 20:00,17814.99,19240.19,233
J100020,27/06/2026 20:30,17815.52,19240.76,226
J100020,27/06/2026 21:00,17816.05,19241.33,232
J100020,27/06/2026 21:30,17816.57,19241.9,235
J100020,27/06/2026 22:00,17817.1,19242.47,237
J100020,27/06/2026 22:30,17817.63,19243.04,224
J100020,27/06/2026 23:00,17818.15,19243.61,222
J100020,27/06/2026 23:30,17818.68,19244.18,226
J100020,28/06/2026 00:00,17819.21,19244.75,234
J100020,28/06/2026 00:30,17819.74,19245.31,232
J100020,28/06/2026 01:00,17820.26,19245.88,230
J100020,28/06/2026 01:30,17820.79,19246.45,226
J100020,28/06/2026 02:00,17821.32,19247.02,222
J100020,28/06/2026 02:30,17821.84,19247.59,222
J100020,28/06/2026 03:00,17822.37,19248.16,225
J100020,28/06/2026 03:30,17822.9,19248.73,233
J100020,28/06/2026 04:00,17823.42,19249.3,224
J100020,28/06/2026 04:30,17823.95,19249.87,223
J100020,28/06/2026 05:00,17824.48,19250.43,224
J100020,28/06/2026 05:30,17825,19251,237
J100020,28/06/2026 06:00,17825.53,19251.57,233
J100020,28/06/2026 06:30,17826.06,19252.14,227
J100020,28/06/2026 07:00,17826.58,19252.71,240
J100020,28/06/2026 07:30,17827.11,19253.28,240
J100020,28/06/2026 08:00,17827.64,19253.85,230
J100020,28/06/2026 08:30,17828.16,19254.42,235
J100020,28/06/2026 09:00,17828.69,19254.99,221
J100020,28/06/2026 09:30,17829.22,19255.55,229
J100020,28/06/2026 10:00,17829.74,19256.12,224
J100020,28/06/2026 10:30,17830.27,19256.69,224
J100020,28/06/2026 11:00,17830.8,19257.26,231
J100020,28/06/2026 11:30,17831.32,19257.83,231
J100020,28/06/2026 12:00,17831.85,19258.4,222
J100020,28/06/2026 12:30,17832.38,19258.97,221
J100020,28/06/2026 13:00,17832.9,19259.54,230
J100020,28/06/2026 13:30,17833.43,19260.11,233
J100020,28/06/2026 14:00,17833.96,19260.67,232
J100020,28/06/2026 14:30,17834.48,19261.24,224
J100020,28/06/2026 15:00,17835.01,19261.81,233
J100020,28/06/2026 15:30,17835.54,19262.38,238
J100020,28/06/2026 16:00,17836.06,19262.95,238
J100020,28/06/2026 16:30,17836.59,19263.52,233
J100020,28/06/2026 17:00,17837.12,19264.09,236
J100020,28/06/2026 17:30,17837.65,19264.66,239
J100020,28/06/2026 18:00,17838.17,19265.23,221
J100020,28/06/2026 18:30,17838.7,19265.79,236
J100020,28/06/2026 19:00,17839.23,19266.36,225
J100020,28/06/2026 19:30,17839.75,19266.93,229
J100020,28/06/2026 20:00,17840.28,19267.5,233
J100020,28/06/2026 20:30,17840.81,19268.07,239
J100020,28/06/2026 21:00,17841.33,19268.64,231
J100020,28/06/2026 21:30,17841.86,19269.21,228
J100020,28/06/2026 22:00,17842.39,19269.78,238
J100020,28/06/2026 22:30,17842.91,19270.35,228
J100020,28/06/2026 23:00,17843.44,19270.91,237
J100020,28/06/2026 23:30,17843.97,19271.48,222
J100020,29/06/2026 00:00,17844.49,19272.05,222
J100020,29/06/2026 00:30,17845.02,19272.62,227
J100020,29/06/2026 01:00,17845.55,19273.19,232
J100020,29/06/2026 01:30,17846.07,19273.76,235
J100020,29/06/2026 02:00,17846.6,19274.33,223
J100020,29/06/2026 02:30,17847.13,19274.9,239
J100020,29/06/2026 03:00,17847.65,19275.47,224
J100020,29/06/2026 03:30,17848.18,19276.03,223
J100020,29/06/2026 04:00,17848.71,19276.6,236
J100020,29/06/2026 04:30,17849.23,19277.17,235
J100020,29/06/2026 05:00,17849.76,19277.74,237
J100020,29/06/2026 05:30,17850.29,19278.31,229
J100020,29/06/2026 06:00,17850.81,19278.88,232
J100020,29/06/2026 06:30,17851.34,19279.45,236
J100020,29/06/2026 07:00,17851.87,19280.02,238
J100020,29/06/2026 07:30,17852.39,19280.59,226
J100020,29/06/2026 08:00,17852.92,19281.15,231
J100020,29/06/2026 08:30,17853.45,19281.72,231
J100020,29/06/2026 09:00,17853.97,19282.29,223
J100020,29/06/2026 09:30,17854.5,19282.86,228
J100020,29/06/2026 10:00,17855.03,19283.43,220
J100020,29/06/2026 10:30,17855.55,19284,228
J100020,29/06/2026 11:00,17856.08,19284.57,221
J100020,29/06/2026 11:30,17856.61,19285.14,233
J100020,29/06/2026 12:00,17857.14,19285.71,238
J100020,29/06/2026 12:30,17857.66,19286.27,223
J100020,29/06/2026 13:00,17858.19,19286.84,227
J100020,29/06/2026 13:30,17858.72,19287.41,224
J100020,29/06/2026 14:00,17859.24,19287.98,229
J100020,29/06/2026 14:30,17859.77,19288.55,234
J100020,29/06/2026 15:00,17860.3,19289.12,232
J100020,29/06/2026 15:30,17860.82,19289.69,236
J100020,29/06/2026 16:00,17861.35,19290.26,231
J100020,29/06/2026 16:30,17861.88,19290.83,237
J100020,29/06/2026 17:00,17862.4,19291.39,226
J100020,29/06/2026 17:30,17862.93,19291.96,238
J100020,29/06/2026 18:00,17863.46,19292.53,231
J100020,29/06/2026 18:30,17863.98,19293.1,234
J100020,29/06/2026 19:00,17864.51,19293.67,225
J100020,29/06/2026 19:30,17865.04,19294.24,234
J100020,29/06/2026 20:00,17865.56,19294.81,229
J100020,29/06/2026 20:30,17866.09,19295.38,232
J100020,29/06/2026 21:00,17866.62,19295.95,226
J100020,29/06/2026 21:30,17867.14,19296.52,232
J100020,29/06/2026 22:00,17867.67,19297.08,235
J100020,29/06/2026 22:30,17868.2,19297.65,228
J100020,29/06/2026 23:00,17868.72,19298.22,235
J100020,29/06/2026 23:30,17869.25,19298.79,226
J100020,30/06/2026 00:00,17869.78,19299.36,223
J100020,30/06/2026 00:30,17870.3,19299.93,226
J100020,30/06/2026 01:00,17870.83,19300.5,233
J100020,30/06/2026 01:30,17871.36,19301.07,226
J100020,30/06/2026 02:00,17871.88,19301.64,231
J100020,30/06/2026 02:30,17872.41,19302.2,232
J100020,30/06/2026 03:00,17872.94,19302.77,223
J100020,30/06/2026 03:30,17873.46,19303.34,235
J100020,30/06/2026 04:00,17873.99,19303.91,222
J100020,30/06/2026 04:30,17874.52,19304.48,236
J100020,30/06/2026 05:00,17875.05,19305.05,220
J100020,30/06/2026 05:30,17875.57,19305.62,225
J100020,30/06/2026 06:00,17876.1,19306.19,222
J100020,30/06/2026 06:30,17876.63,19306.76,224
J100020,30/06/2026 07:00,17877.15,19307.32,220
J100020,30/06/2026 07:30,17877.68,19307.89,228
J100020,30/06/2026 08:00,17878.21,19308.46,221
J100020,30/06/2026 08:30,17878.73,19309.03,235
J100020,30/06/2026 09:00,17879.26,19309.6,221
J100020,30/06/2026 09:30,17879.79,19310.17,237
J100020,30/06/2026 10:00,17880.31,19310.74,228
J100020,30/06/2026 10:30,17880.84,19311.31,221
J100020,30/06/2026 11:00,17881.37,19311.88,235
J100020,30/06/2026 11:30,17881.89,19312.44,235
J100020,30/06/2026 12:00,17882.42,19313.01,234
J100020,30/06/2026 12:30,17882.95,19313.58,231
J100020,30/06/2026 13:00,17883.47,19314.15,228
J100020,30/06/2026 13:30,17884,19314.72,228
J100020,30/06/2026 14:00,17884.53,19315.29,232
J100020,30/06/2026 14:30,17885.05,19315.86,235
J100020,30/06/2026 15:00,17885.58,19316.43,238
J100020,30/06/2026 15:30,17886.11,19317,229
J100020,30/06/2026 16:00,17886.63,19317.56,232
J100020,30/06/2026 16:30,17887.16,19318.13,239
J100020,30/06/2026 17:00,17887.69,19318.7,230
J100020,30/06/2026 17:30,17888.21,19319.27,236
J100020,30/06/2026 18:00,17888.74,19319.84,236
J100020,30/06/2026 18:30,17889.27,19320.41,235
J100020,30/06/2026 19:00,17889.79,19320.98,227
J100020,30/06/2026 19:30,17890.32,19321.55,233
J100020,30/06/2026 20:00,17890.85,19322.12,240
J100020,30/06/2026 20:30,17891.37,19322.68,234
J100020,30/06/2026 21:00,17891.9,19323.25,239
J100020,30/06/2026 21:30,17892.43,19323.82,222
J100020,30/06/2026 22:00,17892.95,19324.39,226
J100020,30/06/2026 22:30,17893.48,19324.96,228
J100020,30/06/2026 23:00,17894.01,19325.53,222
J100020,30/06/2026 23:30,17894.54,19326.1,222
J100021,23/06/2026 23:30,1659.43,1792.18,237
J100021,24/06/2026 00:00,1659.61,1792.38,222
J100021,24/06/2026 00:30,1659.8,1792.58,230
J100021,24/06/2026 01:00,1659.99,1792.79,236
J100021,24/06/2026 01:30,1660.17,1792.99,224
J100021,24/06/2026 02:00,1660.36,1793.19,226
J100021,24/06/2026 02:30,1660.55,1793.39,226
J100021,24/06/2026 03:00,1660.74,1793.59,225
J100021,24/06/2026 03:30,1660.92,1793.8,237
J100021,24/06/2026 04:00,1661.11,1794,234
J100021,24/06/2026 04:30,1661.3,1794.2,221
J100021,24/06/2026 05:00,1661.48,1794.4,232
J100021,24/06/2026 05:30,1661.67,1794.6,228
J100021,24/06/2026 06:00,1661.86,1794.81,225
J100021,24/06/2026 06:30,1662.04,1795.01,222
J100021,24/06/2026 07:00,1662.23,1795.21,220
J100021,24/06/2026 07:30,1662.42,1795.41,239
J100021,24/06/2026 08:00,1662.61,1795.61,234
J100021,24/06/2026 08:30,1662.79,1795.82,235
J100021,24/06/2026 09:00,1662.98,1796.02,239
J100021,24/06/2026 09:30,1663.17,1796.22,232
J100021,24/06/2026 10:00,1663.35,1796.42,238
J100021,24/06/2026 10:30,1663.54,1796.62,231
J100021,24/06/2026 11:00,1663.73,1796.83,231
J100021,24/06/2026 11:30,1663.91,1797.03,229
J100021,24/06/2026 12:00,1664.1,1797.23,231
J100021,24/06/2026 12:30,1664.29,1797.43,237
J100021,24/06/2026 13:00,1664.47,1797.63,229
J100021,24/06/2026 13:30,1664.66,1797.83,226
J100021,24/06/2026 14:00,1664.85,1798.04,233
J100021,24/06/2026 14:30,1665.04,1798.24,240
J100021,24/06/2026 15:00,1665.22,1798.44,222
J100021,24/06/2026 15:30,1665.41,1798.64,240
J100021,24/06/2026 16:00,1665.6,1798.84,228
J100021,24/06/2026 16:30,1665.78,1799.05,235
J100021,24/06/2026 17:00,1665.97,1799.25,226
J100021,24/06/2026 17:30,1666.16,1799.45,232
J100021,24/06/2026 18:00,1666.34,1799.65,222
J100021,24/06/2026 18:30,1666.53,1799.85,234
J100021,24/06/2026 19:00,1666.72,1800.06,234
J100021,24/06/2026 19:30,1666.91,1800.26,235
J100021,24/06/2026 20:00,1667.09,1800.46,232
J100021,24/06/2026 20:30,1667.28,1800.66,230
J100021,24/06/2026 21:00,1667.47,1800.86,239
J100021,24/06/2026 21:30,1667.65,1801.07,233
J100021,24/06/2026 22:00,1667.84,1801.27,223
J100021,24/06/2026 22:30,1668.03,1801.47,230
J100021,24/06/2026 23:00,1668.21,1801.67,226
J100021,24/06/2026 23:30,1668.4,1801.87,229
J100021,25/06/2026 00:00,1668.59,1802.08,237
J100021,25/06/2026 00:30,1668.78,1802.28,237
J100021,25/06/2026 01:00,1668.96,1802.48,223
J100021,25/06/2026 01:30,1669.15,1802.68,239
J100021,25/06/2026 02:00,1669.34,1802.88,237
J100021,25/06/2026 02:30,1669.52,1803.09,237
J100021,25/06/2026 03:00,1669.71,1803.29,237
J100021,25/06/2026 03:30,1669.9,1803.49,232
J100021,25/06/2026 04:00,1670.08,1803.69,229
J100021,25/06/2026 04:30,1670.27,1803.89,221
J100021,25/06/2026 05:00,1670.46,1804.1,230
J100021,25/06/2026 05:30,1670.65,1804.3,237
J100021,25/06/2026 06:00,1670.83,1804.5,233
J100021,25/06/2026 06:30,1671.02,1804.7,235
J100021,25/06/2026 07:00,1671.21,1804.9,223
J100021,25/06/2026 07:30,1671.39,1805.1,231
J100021,25/06/2026 08:00,1671.58,1805.31,221
J100021,25/06/2026 08:30,1671.77,1805.51,235
J100021,25/06/2026 09:00,1671.95,1805.71,221
J100021,25/06/2026 09:30,1672.14,1805.91,234
J100021,25/06/2026 10:00,1672.33,1806.11,221
J100021,25/06/2026 10:30,1672.52,1806.32,229
J100021,25/06/2026 11:00,1672.7,1806.52,233
J100021,25/06/2026 11:30,1672.89,1806.72,229
J100021,25/06/2026 12:00,1673.08,1806.92,234
J100021,25/06/2026 12:30,1673.26,1807.12,231
J100021,25/06/2026 13:00,1673.45,1807.33,223
J100021,25/06/2026 13:30,1673.64,1807.53,221
J100021,25/06/2026 14:00,1673.82,1807.73,240
J100021,25/06/2026 14:30,1674.01,1807.93,231
J100021,25/06/2026 15:00,1674.2,1808.13,231
J100021,25/06/2026 15:30,1674.38,1808.34,230
J100021,25/06/2026 16:00,1674.57,1808.54,233
J100021,25/06/2026 16:30,1674.76,1808.74,224
J100021,25/06/2026 17:00,1674.95,1808.94,224
J100021,25/06/2026 17:30,1675.13,1809.14,237
J100021,25/06/2026 18:00,1675.32,1809.35,229
J100021,25/06/2026 18:30,1675.51,1809.55,236
J100021,25/06/2026 19:00,1675.69,1809.75,230
J100021,25/06/2026 19:30,1675.88,1809.95,224
J100021,25/06/2026 20:00,1676.07,1810.15,237
J100021,25/06/2026 20:30,1676.25,1810.36,225
J100021,25/06/2026 21:00,1676.44,1810.56,224
J100021,25/06/2026 21:30,1676.63,1810.76,223
J100021,25/06/2026 22:00,1676.82,1810.96,222
J100021,25/06/2026 22:30,1677,1811.16,225
J100021,25/06/2026 23:00,1677.19,1811.36,222
J100021,25/06/2026 23:30,1677.38,1811.57,222
J100021,26/06/2026 00:00,1677.56,1811.77,233
J100021,26/06/2026 00:30,1677.75,1811.97,235
J100021,26/06/2026 01:00,1677.94,1812.17,239
J100021,26/06/2026 01:30,1678.12,1812.37,231
J100021,26/06/2026 02:00,1678.31,1812.58,224
J100021,26/06/2026 02:30,1678.5,1812.78,230
J100021,26/06/2026 03:00,1678.69,1812.98,230
J100021,26/06/2026 03:30,1678.87,1813.18,229
J100021,26/06/2026 04:00,1679.06,1813.38,232
J100021,26/06/2026 04:30,1679.25,1813.59,230
J100021,26/06/2026 05:00,1679.43,1813.79,237
J100021,26/06/2026 05:30,1679.62,1813.99,237
J100021,26/06/2026 06:00,1679.81,1814.19,225
J100021,26/06/2026 06:30,1679.99,1814.39,223
J100021,26/06/2026 07:00,1680.18,1814.6,226
J100021,26/06/2026 07:30,1680.37,1814.8,231
J100021,26/06/2026 08:00,1680.56,1815,226
J100021,26/06/2026 08:30,1680.74,1815.2,221
J100021,26/06/2026 09:00,1680.93,1815.4,221
J100021,26/06/2026 09:30,1681.12,1815.61,234
J100021,26/06/2026 10:00,1681.3,1815.81,222
J100021,26/06/2026 10:30,1681.49,1816.01,240
J100021,26/06/2026 11:00,1681.68,1816.21,230
J100021,26/06/2026 11:30,1681.86,1816.41,236
J100021,26/06/2026 12:00,1682.05,1816.62,228
J100021,26/06/2026 12:30,1682.24,1816.82,232
J100021,26/06/2026 13:00,1682.43,1817.02,230
J100021,26/06/2026 13:30,1682.61,1817.22,224
J100021,26/06/2026 14:00,1682.8,1817.42,235
J100021,26/06/2026 14:30,1682.99,1817.62,234
J100021,26/06/2026 15:00,1683.17,1817.83,239
J100021,26/06/2026 15:30,1683.36,1818.03,225
J100021,26/06/2026 16:00,1683.55,1818.23,222
J100021,26/06/2026 16:30,1683.73,1818.43,235
J100021,26/06/2026 17:00,1683.92,1818.63,235
J100021,26/06/2026 17:30,1684.11,1818.84,231
J100021,26/06/2026 18:00,1684.29,1819.04,236
J100021,26/06/2026 18:30,1684.48,1819.24,240
J100021,26/06/2026 19:00,1684.67,1819.44,229
J100021,26/06/2026 19:30,1684.86,1819.64,235
J100021,26/06/2026 20:00,1685.04,1819.85,231
J100021,26/06/2026 20:30,1685.23,1820.05,235
J100021,26/06/2026 21:00,1685.42,1820.25,226
J100021,26/06/2026 21:30,1685.6,1820.45,223
J100021,26/06/2026 22:00,1685.79,1820.65,226
J100021,26/06/2026 22:30,1685.98,1820.86,232
J100021,26/06/2026 23:00,1686.16,1821.06,227
J100021,26/06/2026 23:30,1686.35,1821.26,221
J100021,27/06/2026 00:00,1686.54,1821.46,230
J100021,27/06/2026 00:30,1686.73,1821.66,229
J100021,27/06/2026 01:00,1686.91,1821.87,224
J100021,27/06/2026 01:30,1687.1,1822.07,221
J100021,27/06/2026 02:00,1687.29,1822.27,233
J100021,27/06/2026 02:30,1687.47,1822.47,222
J100021,27/06/2026 03:00,1687.66,1822.67,237
J100021,27/06/2026 03:30,1687.85,1822.88,232
J100021,27/06/2026 04:00,1688.03,1823.08,228
J100021,27/06/2026 04:30,1688.22,1823.28,222
J100021,27/06/2026 05:00,1688.41,1823.48,234
J100021,27/06/2026 05:30,1688.6,1823.68,238
J100021,27/06/2026 06:00,1688.78,1823.89,233
J100021,27/06/2026 06:30,1688.97,1824.09,238
J100021,27/06/2026 07:00,1689.16,1824.29,230
J100021,27/06/2026 07:30,1689.34,1824.49,238
J100021,27/06/2026 08:00,1689.53,1824.69,234
J100021,27/06/2026 08:30,1689.72,1824.89,229
J100021,27/06/2026 09:00,1689.9,1825.1,235
J100021,27/06/2026 09:30,1690.09,1825.3,227
J100021,27/06/2026 10:00,1690.28,1825.5,237
J100021,27/06/2026 10:30,1690.47,1825.7,236
J100021,27/06/2026 11:00,1690.65,1825.9,227
J100021,27/06/2026 11:30,1690.84,1826.11,234
J100021,27/06/2026 12:00,1691.03,1826.31,221
J100021,27/06/2026 12:30,1691.21,1826.51,236
J100021,27/06/2026 13:00,1691.4,1826.71,239
J100021,27/06/2026 13:30,1691.59,1826.91,229
J100021,27/06/2026 14:00,1691.77,1827.12,230
J100021,27/06/2026 14:30,1691.96,1827.32,228
J100021,27/06/2026 15:00,1692.15,1827.52,226
J100021,27/06/2026 15:30,1692.34,1827.72,237
J100021,27/06/2026 16:00,1692.52,1827.92,238
J100021,27/06/2026 16:30,1692.71,1828.13,224
J100021,27/06/2026 17:00,1692.9,1828.33,229
J100021,27/06/2026 17:30,1693.08,1828.53,227
J100021,27/06/2026 18:00,1693.27,1828.73,230
J100021,27/06/2026 18:30,1693.46,1828.93,233
J100021,27/06/2026 19:00,1693.64,1829.14,225
J100021,27/06/2026 19:30,1693.83,1829.34,238
J100021,27/06/2026 20:00,1694.02,1829.54,238
J100021,27/06/2026 20:30,1694.2,1829.74,221
J100021,27/06/2026 21:00,1694.39,1829.94,227
J100021,27/06/2026 21:30,1694.58,1830.15,228
J100021,27/06/2026 22:00,1694.77,1830.35,230
J100021,27/06/2026 22:30,1694.95,1830.55,229
J100021,27/06/2026 23:00,1695.14,1830.75,230
J100021,27/06/2026 23:30,1695.33,1830.95,229
J100021,28/06/2026 00:00,1695.51,1831.15,225
J100021,28/06/2026 00:30,1695.7,1831.36,235
J100021,28/06/2026 01:00,1695.89,1831.56,238
J100021,28/06/2026 01:30,1696.07,1831.76,229
J100021,28/06/2026 02:00,1696.26,1831.96,225
J100021,28/06/2026 02:30,1696.45,1832.16,225
J100021,28/06/2026 03:00,1696.64,1832.37,225
J100021,28/06/2026 03:30,1696.82,1832.57,239
J100021,28/06/2026 04:00,1697.01,1832.77,228
J100021,28/06/2026 04:30,1697.2,1832.97,235
J100021,28/06/2026 05:00,1697.38,1833.17,233
J100021,28/06/2026 05:30,1697.57,1833.38,239
J100021,28/06/2026 06:00,1697.76,1833.58,229
J100021,28/06/2026 06:30,1697.94,1833.78,231
J100021,28/06/2026 07:00,1698.13,1833.98,234
J100021,28/06/2026 07:30,1698.32,1834.18,227
J100021,28/06/2026 08:00,1698.51,1834.39,234
J100021,28/06/2026 08:30,1698.69,1834.59,236
J100021,28/06/2026 09:00,1698.88,1834.79,238
J100021,28/06/2026 09:30,1699.07,1834.99,240
J100021,28/06/2026 10:00,1699.25,1835.19,238
J100021,28/06/2026 10:30,1699.44,1835.4,235
J100021,28/06/2026 11:00,1699.63,1835.6,226
J100021,28/06/2026 11:30,1699.81,1835.8,238
J100021,28/06/2026 12:00,1700,1836,239
J100021,28/06/2026 12:30,1700.19,1836.2,229
J100021,28/06/2026 13:00,1700.38,1836.41,237
J100021,28/06/2026 13:30,1700.56,1836.61,240
J100021,28/06/2026 14:00,1700.75,1836.81,224
J100021,28/06/2026 14:30,1700.94,1837.01,238
J100021,28/06/2026 15:00,1701.12,1837.21,236
J100021,28/06/2026 15:30,1701.31,1837.41,225
J100021,28/06/2026 16:00,1701.5,1837.62,227
J100021,28/06/2026 16:30,1701.68,1837.82,227
J100021,28/06/2026 17:00,1701.87,1838.02,232
J100021,28/06/2026 17:30,1702.06,1838.22,228
J100021,28/06/2026 18:00,1702.25,1838.42,224
J100021,28/06/2026 18:30,1702.43,1838.63,233
J100021,28/06/2026 19:00,1702.62,1838.83,238
J100021,28/06/2026 19:30,1702.81,1839.03,233
J100021,28/06/2026 20:00,1702.99,1839.23,221
J100021,28/06/2026 20:30,1703.18,1839.43,232
J100021,28/06/2026 21:00,1703.37,1839.64,231
J100021,28/06/2026 21:30,1703.55,1839.84,230
J100021,28/06/2026 22:00,1703.74,1840.04,237
J100021,28/06/2026 22:30,1703.93,1840.24,238
J100021,28/06/2026 23:00,1704.11,1840.44,238
J100021,28/06/2026 23:30,1704.3,1840.65,234
J100021,29/06/2026 00:00,1704.49,1840.85,240
J100021,29/06/2026 00:30,1704.68,1841.05,224
J100021,29/06/2026 01:00,1704.86,1841.25,231
J100021,29/06/2026 01:30,1705.05,1841.45,220
J100021,29/06/2026 02:00,1705.24,1841.66,226
J100021,29/06/2026 02:30,1705.42,1841.86,221
J100021,29/06/2026 03:00,1705.61,1842.06,228
J100021,29/06/2026 03:30,1705.8,1842.26,234
J100021,29/06/2026 04:00,1705.98,1842.46,229
J100021,29/06/2026 04:30,1706.17,1842.67,221
J100021,29/06/2026 05:00,1706.36,1842.87,230
J100021,29/06/2026 05:30,1706.55,1843.07,228
J100021,29/06/2026 06:00,1706.73,1843.27,221
J100021,29/06/2026 06:30,1706.92,1843.47,225
J100021,29/06/2026 07:00,1707.11,1843.68,233
J100021,29/06/2026 07:30,1707.29,1843.88,232
J100021,29/06/2026 08:00,1707.48,1844.08,222
J100021,29/06/2026 08:30,1707.67,1844.28,234
J100021,29/06/2026 09:00,1707.85,1844.48,229
J100021,29/06/2026 09:30,1708.04,1844.68,236
J100021,29/06/2026 10:00,1708.23,1844.89,240
J100021,29/06/2026 10:30,1708.42,1845.09,224
J100021,29/06/2026 11:00,1708.6,1845.29,228
J100021,29/06/2026 11:30,1708.79,1845.49,233
J100021,29/06/2026 12:00,1708.98,1845.69,224
J100021,29/06/2026 12:30,1709.16,1845.9,232
J100021,29/06/2026 13:00,1709.35,1846.1,238
J100021,29/06/2026 13:30,1709.54,1846.3,228
J100021,29/06/2026 14:00,1709.72,1846.5,223
J100021,29/06/2026 14:30,1709.91,1846.7,224
J100021,29/06/2026 15:00,1710.1,1846.91,236
J100021,29/06/2026 15:30,1710.29,1847.11,222
J100021,29/06/2026 16:00,1710.47,1847.31,233
J100021,29/06/2026 16:30,1710.66,1847.51,232
J100021,29/06/2026 17:00,1710.85,1847.71,233
J100021,29/06/2026 17:30,1711.03,1847.92,239
J100021,29/06/2026 18:00,1711.22,1848.12,221
J100021,29/06/2026 18:30,1711.41,1848.32,227
J100021,29/06/2026 19:00,1711.59,1848.52,224
J100021,29/06/2026 19:30,1711.78,1848.72,228
J100021,29/06/2026 20:00,1711.97,1848.93,224
J100021,29/06/2026 20:30,1712.16,1849.13,226
J100021,29/06/2026 21:00,1712.34,1849.33,232
J100021,29/06/2026 21:30,1712.53,1849.53,236
J100021,29/06/2026 22:00,1712.72,1849.73,233
J100021,29/06/2026 22:30,1712.9,1849.94,235
J100021,29/06/2026 23:00,1713.09,1850.14,234
J100021,29/06/2026 23:30,1713.28,1850.34,223
J100021,30/06/2026 00:00,1713.46,1850.54,238
J100021,30/06/2026 00:30,1713.65,1850.74,222
J100021,30/06/2026 01:00,1713.84,1850.94,233
J100021,30/06/2026 01:30,1714.02,1851.15,225
J100021,30/06/2026 02:00,1714.21,1851.35,231
J100021,30/06/2026 02:30,1714.4,1851.55,226
J100021,30/06/2026 03:00,1714.59,1851.75,234
J100021,30/06/2026 03:30,1714.77,1851.95,224
J100021,30/06/2026 04:00,1714.96,1852.16,238
J100021,30/06/2026 04:30,1715.15,1852.36,236
J100021,30/06/2026 05:00,1715.33,1852.56,235
J100021,30/06/2026 05:30,1715.52,1852.76,236
J100021,30/06/2026 06:00,1715.71,1852.96,237
J100021,30/06/2026 06:30,1715.89,1853.17,238
J100021,30/06/2026 07:00,1716.08,1853.37,225
J100021,30/06/2026 07:30,1716.27,1853.57,229
J100021,30/06/2026 08:00,1716.46,1853.77,227
J100021,30/06/2026 08:30,1716.64,1853.97,226
J100021,30/06/2026 09:00,1716.83,1854.18,223
J100021,30/06/2026 09:30,1717.02,1854.38,238
J100021,30/06/2026 10:00,1717.2,1854.58,236
J100021,30/06/2026 10:30,1717.39,1854.78,234
J100021,30/06/2026 11:00,1717.58,1854.98,226
J100021,30/06/2026 11:30,1717.76,1855.19,234
J100021,30/06/2026 12:00,1717.95,1855.39,220
J100021,30/06/2026 12:30,1718.14,1855.59,222
J100021,30/06/2026 13:00,1718.33,1855.79,229
J100021,30/06/2026 13:30,1718.51,1855.99,223
J100021,30/06/2026 14:00,1718.7,1856.2,229
J100021,30/06/2026 14:30,1718.89,1856.4,229
J100021,30/06/2026 15:00,1719.07,1856.6,233
J100021,30/06/2026 15:30,1719.26,1856.8,236
J100021,30/06/2026 16:00,1719.45,1857,226
J100021,30/06/2026 16:30,1719.63,1857.2,239
J100021,30/06/2026 17:00,1719.82,1857.41,234
J100021,30/06/2026 17:30,1720.01,1857.61,228
J100021,30/06/2026 18:00,1720.2,1857.81,224
J100021,30/06/2026 18:30,1720.38,1858.01,222
J100021,30/06/2026 19:00,1720.57,1858.21,238
J100021,30/06/2026 19:30,1720.76,1858.42,237
J100021,30/06/2026 20:00,1720.94,1858.62,238
J100021,30/06/2026 20:30,1721.13,1858.82,222
J100021,30/06/2026 21:00,1721.32,1859.02,227
J100021,30/06/2026 21:30,1721.5,1859.22,235
J100021,30/06/2026 22:00,1721.69,1859.43,238
J100021,30/06/2026 22:30,1721.88,1859.63,234
J100021,30/06/2026 23:00,1722.06,1859.83,228
J100021,30/06/2026 23:30,1722.25,1860.03,226
J100022,23/06/2026 23:30,46665.46,50398.7,226
J100022,24/06/2026 00:00,46665.72,50398.97,227
J100022,24/06/2026 00:30,46665.97,50399.25,228
J100022,24/06/2026 01:00,46666.22,50399.52,221
J100022,24/06/2026 01:30,46666.48,50399.8,239
J100022,24/06/2026 02:00,46666.73,50400.07,231
J100022,24/06/2026 02:30,46666.99,50400.35,234
J100022,24/06/2026 03:00,46667.24,50400.62,237
J100022,24/06/2026 03:30,46667.5,50400.89,230
J100022,24/06/2026 04:00,46667.75,50401.17,235
J100022,24/06/2026 04:30,46668,50401.44,236
J100022,24/06/2026 05:00,46668.26,50401.72,221
J100022,24/06/2026 05:30,46668.51,50401.99,224
J100022,24/06/2026 06:00,46668.77,50402.27,237
J100022,24/06/2026 06:30,46669.02,50402.54,240
J100022,24/06/2026 07:00,46669.27,50402.82,235
J100022,24/06/2026 07:30,46669.53,50403.09,232
J100022,24/06/2026 08:00,46669.78,50403.36,235
J100022,24/06/2026 08:30,46670.04,50403.64,221
J100022,24/06/2026 09:00,46670.29,50403.91,224
J100022,24/06/2026 09:30,46670.54,50404.19,227
J100022,24/06/2026 10:00,46670.8,50404.46,220
J100022,24/06/2026 10:30,46671.05,50404.74,239
J100022,24/06/2026 11:00,46671.31,50405.01,223
J100022,24/06/2026 11:30,46671.56,50405.28,226
J100022,24/06/2026 12:00,46671.81,50405.56,225
J100022,24/06/2026 12:30,46672.07,50405.83,236
J100022,24/06/2026 13:00,46672.32,50406.11,236
J100022,24/06/2026 13:30,46672.58,50406.38,230
J100022,24/06/2026 14:00,46672.83,50406.66,234
J100022,24/06/2026 14:30,46673.08,50406.93,231
J100022,24/06/2026 15:00,46673.34,50407.21,238
J100022,24/06/2026 15:30,46673.59,50407.48,237
J100022,24/06/2026 16:00,46673.85,50407.75,223
J100022,24/06/2026 16:30,46674.1,50408.03,240
J100022,24/06/2026 17:00,46674.35,50408.3,235
J100022,24/06/2026 17:30,46674.61,50408.58,225
J100022,24/06/2026 18:00,46674.86,50408.85,224
J100022,24/06/2026 18:30,46675.12,50409.13,237
J100022,24/06/2026 19:00,46675.37,50409.4,240
J100022,24/06/2026 19:30,46675.62,50409.67,233
J100022,24/06/2026 20:00,46675.88,50409.95,224
J100022,24/06/2026 20:30,46676.13,50410.22,236
J100022,24/06/2026 21:00,46676.39,50410.5,223
J100022,24/06/2026 21:30,46676.64,50410.77,231
J100022,24/06/2026 22:00,46676.89,50411.05,223
J100022,24/06/2026 22:30,46677.15,50411.32,235
J100022,24/06/2026 23:00,46677.4,50411.59,232
J100022,24/06/2026 23:30,46677.66,50411.87,238
J100022,25/06/2026 00:00,46677.91,50412.14,226
J100022,25/06/2026 00:30,46678.16,50412.42,234
J100022,25/06/2026 01:00,46678.42,50412.69,222
J100022,25/06/2026 01:30,46678.67,50412.97,232
J100022,25/06/2026 02:00,46678.93,50413.24,225
J100022,25/06/2026 02:30,46679.18,50413.52,222
J100022,25/06/2026 03:00,46679.44,50413.79,224
J100022,25/06/2026 03:30,46679.69,50414.06,225
J100022,25/06/2026 04:00,46679.94,50414.34,227
J100022,25/06/2026 04:30,46680.2,50414.61,226
J100022,25/06/2026 05:00,46680.45,50414.89,235
J100022,25/06/2026 05:30,46680.71,50415.16,236
J100022,25/06/2026 06:00,46680.96,50415.44,232
J100022,25/06/2026 06:30,46681.21,50415.71,233
J100022,25/06/2026 07:00,46681.47,50415.98,225
J100022,25/06/2026 07:30,46681.72,50416.26,232
J100022,25/06/2026 08:00,46681.98,50416.53,231
J100022,25/06/2026 08:30,46682.23,50416.81,225
J100022,25/06/2026 09:00,46682.48,50417.08,237
J100022,25/06/2026 09:30,46682.74,50417.36,231
J100022,25/06/2026 10:00,46682.99,50417.63,225
J100022,25/06/2026 10:30,46683.25,50417.91,237
J100022,25/06/2026 11:00,46683.5,50418.18,223
J100022,25/06/2026 11:30,46683.75,50418.45,238
J100022,25/06/2026 12:00,46684.01,50418.73,229
J100022,25/06/2026 12:30,46684.26,50419,233
J100022,25/06/2026 13:00,46684.52,50419.28,225
J100022,25/06/2026 13:30,46684.77,50419.55,238
J100022,25/06/2026 14:00,46685.02,50419.83,228
J100022,25/06/2026 14:30,46685.28,50420.1,223
J100022,25/06/2026 15:00,46685.53,50420.37,231
J100022,25/06/2026 15:30,46685.79,50420.65,232
J100022,25/06/2026 16:00,46686.04,50420.92,234
J100022,25/06/2026 16:30,46686.29,50421.2,223
J100022,25/06/2026 17:00,46686.55,50421.47,231
J100022,25/06/2026 17:30,46686.8,50421.75,236
J100022,25/06/2026 18:00,46687.06,50422.02,236
J100022,25/06/2026 18:30,46687.31,50422.3,235
J100022,25/06/2026 19:00,46687.56,50422.57,236
J100022,25/06/2026 19:30,46687.82,50422.84,240
J100022,25/06/2026 20:00,46688.07,50423.12,220
J100022,25/06/2026 20:30,46688.33,50423.39,227
J100022,25/06/2026 21:00,46688.58,50423.67,233
J100022,25/06/2026 21:30,46688.83,50423.94,221
J100022,25/06/2026 22:00,46689.09,50424.22,237
J100022,25/06/2026 22:30,46689.34,50424.49,231
J100022,25/06/2026 23:00,46689.6,50424.76,225
J100022,25/06/2026 23:30,46689.85,50425.04,234
J100022,26/06/2026 00:00,46690.1,50425.31,237
J100022,26/06/2026 00:30,46690.36,50425.59,223
J100022,26/06/2026 01:00,46690.61,50425.86,235
J100022,26/06/2026 01:30,46690.87,50426.14,239
J100022,26/06/2026 02:00,46691.12,50426.41,223
J100022,26/06/2026 02:30,46691.38,50426.69,230
J100022,26/06/2026 03:00,46691.63,50426.96,226
J100022,26/06/2026 03:30,46691.88,50427.23,230
J100022,26/06/2026 04:00,46692.14,50427.51,221
J100022,26/06/2026 04:30,46692.39,50427.78,232
J100022,26/06/2026 05:00,46692.65,50428.06,239
J100022,26/06/2026 05:30,46692.9,50428.33,239
J100022,26/06/2026 06:00,46693.15,50428.61,237
J100022,26/06/2026 06:30,46693.41,50428.88,233
J100022,26/06/2026 07:00,46693.66,50429.15,224
J100022,26/06/2026 07:30,46693.92,50429.43,226
J100022,26/06/2026 08:00,46694.17,50429.7,221
J100022,26/06/2026 08:30,46694.42,50429.98,226
J100022,26/06/2026 09:00,46694.68,50430.25,224
J100022,26/06/2026 09:30,46694.93,50430.53,222
J100022,26/06/2026 10:00,46695.19,50430.8,225
J100022,26/06/2026 10:30,46695.44,50431.07,236
J100022,26/06/2026 11:00,46695.69,50431.35,226
J100022,26/06/2026 11:30,46695.95,50431.62,221
J100022,26/06/2026 12:00,46696.2,50431.9,227
J100022,26/06/2026 12:30,46696.46,50432.17,222
J100022,26/06/2026 13:00,46696.71,50432.45,239
J100022,26/06/2026 13:30,46696.96,50432.72,231
J100022,26/06/2026 14:00,46697.22,50433,224
J100022,26/06/2026 14:30,46697.47,50433.27,228
J100022,26/06/2026 15:00,46697.73,50433.54,227
J100022,26/06/2026 15:30,46697.98,50433.82,228
J100022,26/06/2026 16:00,46698.23,50434.09,232
J100022,26/06/2026 16:30,46698.49,50434.37,222
J100022,26/06/2026 17:00,46698.74,50434.64,229
J100022,26/06/2026 17:30,46699,50434.92,232
J100022,26/06/2026 18:00,46699.25,50435.19,235
J100022,26/06/2026 18:30,46699.5,50435.46,240
J100022,26/06/2026 19:00,46699.76,50435.74,231
J100022,26/06/2026 19:30,46700.01,50436.01,221
J100022,26/06/2026 20:00,46700.27,50436.29,234
J100022,26/06/2026 20:30,46700.52,50436.56,234
J100022,26/06/2026 21:00,46700.77,50436.84,223
J100022,26/06/2026 21:30,46701.03,50437.11,236
J100022,26/06/2026 22:00,46701.28,50437.39,233
J100022,26/06/2026 22:30,46701.54,50437.66,226
J100022,26/06/2026 23:00,46701.79,50437.93,230
J100022,26/06/2026 23:30,46702.04,50438.21,237
J100022,27/06/2026 00:00,46702.3,50438.48,221
J100022,27/06/2026 00:30,46702.55,50438.76,236
J100022,27/06/2026 01:00,46702.81,50439.03,220
J100022,27/06/2026 01:30,46703.06,50439.31,238
J100022,27/06/2026 02:00,46703.32,50439.58,227
J100022,27/06/2026 02:30,46703.57,50439.85,231
J100022,27/06/2026 03:00,46703.82,50440.13,240
J100022,27/06/2026 03:30,46704.08,50440.4,227
J100022,27/06/2026 04:00,46704.33,50440.68,224
J100022,27/06/2026 04:30,46704.59,50440.95,237
J100022,27/06/2026 05:00,46704.84,50441.23,238
J100022,27/06/2026 05:30,46705.09,50441.5,223
J100022,27/06/2026 06:00,46705.35,50441.78,230
J100022,27/06/2026 06:30,46705.6,50442.05,240
J100022,27/06/2026 07:00,46705.86,50442.32,235
J100022,27/06/2026 07:30,46706.11,50442.6,230
J100022,27/06/2026 08:00,46706.36,50442.87,224
J100022,27/06/2026 08:30,46706.62,50443.15,231
J100022,27/06/2026 09:00,46706.87,50443.42,225
J100022,27/06/2026 09:30,46707.13,50443.7,221
J100022,27/06/2026 10:00,46707.38,50443.97,220
J100022,27/06/2026 10:30,46707.63,50444.24,239
J100022,27/06/2026 11:00,46707.89,50444.52,226
J100022,27/06/2026 11:30,46708.14,50444.79,232
J100022,27/06/2026 12:00,46708.4,50445.07,239
J100022,27/06/2026 12:30,46708.65,50445.34,225
J100022,27/06/2026 13:00,46708.9,50445.62,231
J100022,27/06/2026 13:30,46709.16,50445.89,222
J100022,27/06/2026 14:00,46709.41,50446.17,237
J100022,27/06/2026 14:30,46709.67,50446.44,231
J100022,27/06/2026 15:00,46709.92,50446.71,229
J100022,27/06/2026 15:30,46710.17,50446.99,227
J100022,27/06/2026 16:00,46710.43,50447.26,236
J100022,27/06/2026 16:30,46710.68,50447.54,235
J100022,27/06/2026 17:00,46710.94,50447.81,238
J100022,27/06/2026 17:30,46711.19,50448.09,230
J100022,27/06/2026 18:00,46711.44,50448.36,239
J100022,27/06/2026 18:30,46711.7,50448.63,234
J100022,27/06/2026 19:00,46711.95,50448.91,238
J100022,27/06/2026 19:30,46712.21,50449.18,229
J100022,27/06/2026 20:00,46712.46,50449.46,227
J100022,27/06/2026 20:30,46712.71,50449.73,226
J100022,27/06/2026 21:00,46712.97,50450.01,235
J100022,27/06/2026 21:30,46713.22,50450.28,235
J100022,27/06/2026 22:00,46713.48,50450.55,226
J100022,27/06/2026 22:30,46713.73,50450.83,240
J100022,27/06/2026 23:00,46713.98,50451.1,228
J100022,27/06/2026 23:30,46714.24,50451.38,234
J100022,28/06/2026 00:00,46714.49,50451.65,240
J100022,28/06/2026 00:30,46714.75,50451.93,225
J100022,28/06/2026 01:00,46715,50452.2,222
J100022,28/06/2026 01:30,46715.26,50452.48,221
J100022,28/06/2026 02:00,46715.51,50452.75,226
J100022,28/06/2026 02:30,46715.76,50453.02,221
J100022,28/06/2026 03:00,46716.02,50453.3,231
J100022,28/06/2026 03:30,46716.27,50453.57,237
J100022,28/06/2026 04:00,46716.53,50453.85,222
J100022,28/06/2026 04:30,46716.78,50454.12,233
J100022,28/06/2026 05:00,46717.03,50454.4,237
J100022,28/06/2026 05:30,46717.29,50454.67,228
J100022,28/06/2026 06:00,46717.54,50454.94,233
J100022,28/06/2026 06:30,46717.8,50455.22,239
J100022,28/06/2026 07:00,46718.05,50455.49,236
J100022,28/06/2026 07:30,46718.3,50455.77,237
J100022,28/06/2026 08:00,46718.56,50456.04,232
J100022,28/06/2026 08:30,46718.81,50456.32,223
J100022,28/06/2026 09:00,46719.07,50456.59,237
J100022,28/06/2026 09:30,46719.32,50456.87,224
J100022,28/06/2026 10:00,46719.57,50457.14,240
J100022,28/06/2026 10:30,46719.83,50457.41,226
J100022,28/06/2026 11:00,46720.08,50457.69,234
J100022,28/06/2026 11:30,46720.34,50457.96,240
J100022,28/06/2026 12:00,46720.59,50458.24,232
J100022,28/06/2026 12:30,46720.84,50458.51,227
J100022,28/06/2026 13:00,46721.1,50458.79,227
J100022,28/06/2026 13:30,46721.35,50459.06,238
J100022,28/06/2026 14:00,46721.61,50459.33,238
J100022,28/06/2026 14:30,46721.86,50459.61,227
J100022,28/06/2026 15:00,46722.11,50459.88,232
J100022,28/06/2026 15:30,46722.37,50460.16,233
J100022,28/06/2026 16:00,46722.62,50460.43,223
J100022,28/06/2026 16:30,46722.88,50460.71,239
J100022,28/06/2026 17:00,46723.13,50460.98,229
J100022,28/06/2026 17:30,46723.38,50461.26,233
J100022,28/06/2026 18:00,46723.64,50461.53,224
J100022,28/06/2026 18:30,46723.89,50461.8,232
J100022,28/06/2026 19:00,46724.15,50462.08,223
J100022,28/06/2026 19:30,46724.4,50462.35,222
J100022,28/06/2026 20:00,46724.65,50462.63,229
J100022,28/06/2026 20:30,46724.91,50462.9,235
J100022,28/06/2026 21:00,46725.16,50463.18,230
J100022,28/06/2026 21:30,46725.42,50463.45,225
J100022,28/06/2026 22:00,46725.67,50463.72,239
J100022,28/06/2026 22:30,46725.92,50464,227
J100022,28/06/2026 23:00,46726.18,50464.27,238
J100022,28/06/2026 23:30,46726.43,50464.55,231
J100022,29/06/2026 00:00,46726.69,50464.82,220
J100022,29/06/2026 00:30,46726.94,50465.1,237
J100022,29/06/2026 01:00,46727.2,50465.37,221
J100022,29/06/2026 01:30,46727.45,50465.64,232
J100022,29/06/2026 02:00,46727.7,50465.92,233
J100022,29/06/2026 02:30,46727.96,50466.19,230
J100022,29/06/2026 03:00,46728.21,50466.47,239
J100022,29/06/2026 03:30,46728.47,50466.74,233
J100022,29/06/2026 04:00,46728.72,50467.02,226
J100022,29/06/2026 04:30,46728.97,50467.29,233
J100022,29/06/2026 05:00,46729.23,50467.57,230
J100022,29/06/2026 05:30,46729.48,50467.84,234
J100022,29/06/2026 06:00,46729.74,50468.11,233
J100022,29/06/2026 06:30,46729.99,50468.39,237
J100022,29/06/2026 07:00,46730.24,50468.66,236
J100022,29/06/2026 07:30,46730.5,50468.94,221
J100022,29/06/2026 08:00,46730.75,50469.21,223
J100022,29/06/2026 08:30,46731.01,50469.49,231
J100022,29/06/2026 09:00,46731.26,50469.76,223
J100022,29/06/2026 09:30,46731.51,50470.03,232
J100022,29/06/2026 10:00,46731.77,50470.31,238
J100022,29/06/2026 10:30,46732.02,50470.58,236
J100022,29/06/2026 11:00,46732.28,50470.86,235
J100022,29/06/2026 11:30,46732.53,50471.13,231
J100022,29/06/2026 12:00,46732.78,50471.41,232
J100022,29/06/2026 12:30,46733.04,50471.68,224
J100022,29/06/2026 13:00,46733.29,50471.96,238
J100022,29/06/2026 13:30,46733.55,50472.23,228
J100022,29/06/2026 14:00,46733.8,50472.5,224
J100022,29/06/2026 14:30,46734.05,50472.78,236
J100022,29/06/2026 15:00,46734.31,50473.05,234
J100022,29/06/2026 15:30,46734.56,50473.33,230
J100022,29/06/2026 16:00,46734.82,50473.6,224
J100022,29/06/2026 16:30,46735.07,50473.88,231
J100022,29/06/2026 17:00,46735.32,50474.15,227
J100022,29/06/2026 17:30,46735.58,50474.42,225
J100022,29/06/2026 18:00,46735.83,50474.7,228
J100022,29/06/2026 18:30,46736.09,50474.97,239
J100022,29/06/2026 19:00,46736.34,50475.25,227
J100022,29/06/2026 19:30,46736.59,50475.52,235
J100022,29/06/2026 20:00,46736.85,50475.8,239
J100022,29/06/2026 20:30,46737.1,50476.07,222
J100022,29/06/2026 21:00,46737.36,50476.35,239
J100022,29/06/2026 21:30,46737.61,50476.62,227
J100022,29/06/2026 22:00,46737.86,50476.89,227
J100022,29/06/2026 22:30,46738.12,50477.17,238
J100022,29/06/2026 23:00,46738.37,50477.44,228
J100022,29/06/2026 23:30,46738.63,50477.72,228
J100022,30/06/2026 00:00,46738.88,50477.99,225
J100022,30/06/2026 00:30,46739.13,50478.27,235
J100022,30/06/2026 01:00,46739.39,50478.54,232
J100022,30/06/2026 01:30,46739.64,50478.81,227
J100022,30/06/2026 02:00,46739.9,50479.09,232
J100022,30/06/2026 02:30,46740.15,50479.36,227
J100022,30/06/2026 03:00,46740.41,50479.64,223
J100022,30/06/2026 03:30,46740.66,50479.91,236
J100022,30/06/2026 04:00,46740.91,50480.19,232
J100022,30/06/2026 04:30,46741.17,50480.46,233
J100022,30/06/2026 05:00,46741.42,50480.74,232
J100022,30/06/2026 05:30,46741.68,50481.01,227
J100022,30/06/2026 06:00,46741.93,50481.28,227
J100022,30/06/2026 06:30,46742.18,50481.56,228
J100022,30/06/2026 07:00,46742.44,50481.83,229
J100022,30/06/2026 07:30,46742.69,50482.11,237
J100022,30/06/2026 08:00,46742.95,50482.38,233
J100022,30/06/2026 08:30,46743.2,50482.66,238
J100022,30/06/2026 09:00,46743.45,50482.93,240
J100022,30/06/2026 09:30,46743.71,50483.2,223
J100022,30/06/2026 10:00,46743.96,50483.48,237
J100022,30/06/2026 10:30,46744.22,50483.75,227
J100022,30/06/2026 11:00,46744.47,50484.03,238
J100022,30/06/2026 11:30,46744.72,50484.3,233
J100022,30/06/2026 12:00,46744.98,50484.58,227
J100022,30/06/2026 12:30,46745.23,50484.85,226
J100022,30/06/2026 13:00,46745.49,50485.12,229
J100022,30/06/2026 13:30,46745.74,50485.4,235
J100022,30/06/2026 14:00,46745.99,50485.67,221
J100022,30/06/2026 14:30,46746.25,50485.95,231
J100022,30/06/2026 15:00,46746.5,50486.22,233
J100022,30/06/2026 15:30,46746.76,50486.5,225
J100022,30/06/2026 16:00,46747.01,50486.77,238
J100022,30/06/2026 16:30,46747.26,50487.05,239
J100022,30/06/2026 17:00,46747.52,50487.32,226
J100022,30/06/2026 17:30,46747.77,50487.59,235
J100022,30/06/2026 18:00,46748.03,50487.87,235
J100022,30/06/2026 18:30,46748.28,50488.14,232
J100022,30/06/2026 19:00,46748.53,50488.42,237
J100022,30/06/2026 19:30,46748.79,50488.69,224
J100022,30/06/2026 20:00,46749.04,50488.97,226
J100022,30/06/2026 20:30,46749.3,50489.24,221
J100022,30/06/2026 21:00,46749.55,50489.51,235
J100022,30/06/2026 21:30,46749.8,50489.79,238
J100022,30/06/2026 22:00,46750.06,50490.06,223
J100022,30/06/2026 22:30,46750.31,50490.34,229
J100022,30/06/2026 23:00,46750.57,50490.61,239
J100022,30/06/2026 23:30,46750.82,50490.89,238
J100023,23/06/2026 23:30,3609.85,3898.63,226
J100023,24/06/2026 00:00,3610.39,3899.22,225
J100023,24/06/2026 00:30,3610.93,3899.8,235
J100023,24/06/2026 01:00,3611.46,3900.38,225
J100023,24/06/2026 01:30,3612,3900.97,233
J100023,24/06/2026 02:00,3612.54,3901.55,226
J100023,24/06/2026 02:30,3613.08,3902.13,220
J100023,24/06/2026 03:00,3613.62,3902.71,222
J100023,24/06/2026 03:30,3614.16,3903.3,235
J100023,24/06/2026 04:00,3614.7,3903.88,235
J100023,24/06/2026 04:30,3615.24,3904.46,225
J100023,24/06/2026 05:00,3615.78,3905.05,226
J100023,24/06/2026 05:30,3616.32,3905.63,221
J100023,24/06/2026 06:00,3616.86,3906.21,224
J100023,24/06/2026 06:30,3617.4,3906.79,223
J100023,24/06/2026 07:00,3617.94,3907.38,234
J100023,24/06/2026 07:30,3618.48,3907.96,223
J100023,24/06/2026 08:00,3619.02,3908.54,226
J100023,24/06/2026 08:30,3619.56,3909.13,227
J100023,24/06/2026 09:00,3620.1,3909.71,230
J100023,24/06/2026 09:30,3620.64,3910.29,235
J100023,24/06/2026 10:00,3621.18,3910.87,223
J100023,24/06/2026 10:30,3621.72,3911.46,235
J100023,24/06/2026 11:00,3622.26,3912.04,227
J100023,24/06/2026 11:30,3622.8,3912.62,233
J100023,24/06/2026 12:00,3623.34,3913.21,236
J100023,24/06/2026 12:30,3623.88,3913.79,231
J100023,24/06/2026 13:00,3624.42,3914.37,227
J100023,24/06/2026 13:30,3624.96,3914.95,230
J100023,24/06/2026 14:00,3625.5,3915.54,220
J100023,24/06/2026 14:30,3626.04,3916.12,237
J100023,24/06/2026 15:00,3626.58,3916.7,229
J100023,24/06/2026 15:30,3627.12,3917.29,235
J100023,24/06/2026 16:00,3627.66,3917.87,225
J100023,24/06/2026 16:30,3628.2,3918.45,234
J100023,24/06/2026 17:00,3628.74,3919.03,224
J100023,24/06/2026 17:30,3629.28,3919.62,222
J100023,24/06/2026 18:00,3629.82,3920.2,236
J100023,24/06/2026 18:30,3630.36,3920.78,233
J100023,24/06/2026 19:00,3630.89,3921.37,233
J100023,24/06/2026 19:30,3631.43,3921.95,234
J100023,24/06/2026 20:00,3631.97,3922.53,230
J100023,24/06/2026 20:30,3632.51,3923.11,234
J100023,24/06/2026 21:00,3633.05,3923.7,229
J100023,24/06/2026 21:30,3633.59,3924.28,240
J100023,24/06/2026 22:00,3634.13,3924.86,233
J100023,24/06/2026 22:30,3634.67,3925.45,221
J100023,24/06/2026 23:00,3635.21,3926.03,233
J100023,24/06/2026 23:30,3635.75,3926.61,239
J100023,25/06/2026 00:00,3636.29,3927.2,224
J100023,25/06/2026 00:30,3636.83,3927.78,226
J100023,25/06/2026 01:00,3637.37,3928.36,224
J100023,25/06/2026 01:30,3637.91,3928.94,239
J100023,25/06/2026 02:00,3638.45,3929.53,221
J100023,25/06/2026 02:30,3638.99,3930.11,226
J100023,25/06/2026 03:00,3639.53,3930.69,240
J100023,25/06/2026 03:30,3640.07,3931.28,222
J100023,25/06/2026 04:00,3640.61,3931.86,235
J100023,25/06/2026 04:30,3641.15,3932.44,225
J100023,25/06/2026 05:00,3641.69,3933.02,229
J100023,25/06/2026 05:30,3642.23,3933.61,225
J100023,25/06/2026 06:00,3642.77,3934.19,222
J100023,25/06/2026 06:30,3643.31,3934.77,232
J100023,25/06/2026 07:00,3643.85,3935.36,232
J100023,25/06/2026 07:30,3644.39,3935.94,231
J100023,25/06/2026 08:00,3644.93,3936.52,230
J100023,25/06/2026 08:30,3645.47,3937.1,238
J100023,25/06/2026 09:00,3646.01,3937.69,228
J100023,25/06/2026 09:30,3646.55,3938.27,222
J100023,25/06/2026 10:00,3647.09,3938.85,225
J100023,25/06/2026 10:30,3647.63,3939.44,240
J100023,25/06/2026 11:00,3648.17,3940.02,234
J100023,25/06/2026 11:30,3648.71,3940.6,227
J100023,25/06/2026 12:00,3649.25,3941.18,235
J100023,25/06/2026 12:30,3649.78,3941.77,237
J100023,25/06/2026 13:00,3650.32,3942.35,227
J100023,25/06/2026 13:30,3650.86,3942.93,238
J100023,25/06/2026 14:00,3651.4,3943.52,233
J100023,25/06/2026 14:30,3651.94,3944.1,238
J100023,25/06/2026 15:00,3652.48,3944.68,223
J100023,25/06/2026 15:30,3653.02,3945.26,229
J100023,25/06/2026 16:00,3653.56,3945.85,226
J100023,25/06/2026 16:30,3654.1,3946.43,237
J100023,25/06/2026 17:00,3654.64,3947.01,224
J100023,25/06/2026 17:30,3655.18,3947.6,239
J100023,25/06/2026 18:00,3655.72,3948.18,230
J100023,25/06/2026 18:30,3656.26,3948.76,229
J100023,25/06/2026 19:00,3656.8,3949.35,233
J100023,25/06/2026 19:30,3657.34,3949.93,229
J100023,25/06/2026 20:00,3657.88,3950.51,230
J100023,25/06/2026 20:30,3658.42,3951.09,240
J100023,25/06/2026 21:00,3658.96,3951.68,224
J100023,25/06/2026 21:30,3659.5,3952.26,223
J100023,25/06/2026 22:00,3660.04,3952.84,225
J100023,25/06/2026 22:30,3660.58,3953.43,237
J100023,25/06/2026 23:00,3661.12,3954.01,240
J100023,25/06/2026 23:30,3661.66,3954.59,236
J100023,26/06/2026 00:00,3662.2,3955.17,229
J100023,26/06/2026 00:30,3662.74,3955.76,240
J100023,26/06/2026 01:00,3663.28,3956.34,228
J100023,26/06/2026 01:30,3663.82,3956.92,236
J100023,26/06/2026 02:00,3664.36,3957.51,238
J100023,26/06/2026 02:30,3664.9,3958.09,230
J100023,26/06/2026 03:00,3665.44,3958.67,227
J100023,26/06/2026 03:30,3665.98,3959.25,221
J100023,26/06/2026 04:00,3666.52,3959.84,224
J100023,26/06/2026 04:30,3667.06,3960.42,237
J100023,26/06/2026 05:00,3667.6,3961,230
J100023,26/06/2026 05:30,3668.14,3961.59,226
J100023,26/06/2026 06:00,3668.67,3962.17,226
J100023,26/06/2026 06:30,3669.21,3962.75,221
J100023,26/06/2026 07:00,3669.75,3963.33,234
J100023,26/06/2026 07:30,3670.29,3963.92,224
J100023,26/06/2026 08:00,3670.83,3964.5,230
J100023,26/06/2026 08:30,3671.37,3965.08,234
J100023,26/06/2026 09:00,3671.91,3965.67,225
J100023,26/06/2026 09:30,3672.45,3966.25,223
J100023,26/06/2026 10:00,3672.99,3966.83,229
J100023,26/06/2026 10:30,3673.53,3967.41,229
J100023,26/06/2026 11:00,3674.07,3968,232
J100023,26/06/2026 11:30,3674.61,3968.58,232
J100023,26/06/2026 12:00,3675.15,3969.16,234
J100023,26/06/2026 12:30,3675.69,3969.75,226
J100023,26/06/2026 13:00,3676.23,3970.33,235
J100023,26/06/2026 13:30,3676.77,3970.91,239
J100023,26/06/2026 14:00,3677.31,3971.5,239
J100023,26/06/2026 14:30,3677.85,3972.08,239
J100023,26/06/2026 15:00,3678.39,3972.66,230
J100023,26/06/2026 15:30,3678.93,3973.24,224
J100023,26/06/2026 16:00,3679.47,3973.83,222
J100023,26/06/2026 16:30,3680.01,3974.41,232
J100023,26/06/2026 17:00,3680.55,3974.99,227
J100023,26/06/2026 17:30,3681.09,3975.58,229
J100023,26/06/2026 18:00,3681.63,3976.16,232
J100023,26/06/2026 18:30,3682.17,3976.74,226
J100023,26/06/2026 19:00,3682.71,3977.32,237
J100023,26/06/2026 19:30,3683.25,3977.91,225
J100023,26/06/2026 20:00,3683.79,3978.49,224
J100023,26/06/2026 20:30,3684.33,3979.07,234
J100023,26/06/2026 21:00,3684.87,3979.66,231
J100023,26/06/2026 21:30,3685.41,3980.24,224
J100023,26/06/2026 22:00,3685.95,3980.82,237
J100023,26/06/2026 22:30,3686.49,3981.4,226
J100023,26/06/2026 23:00,3687.03,3981.99,223
J100023,26/06/2026 23:30,3687.56,3982.57,239
J100023,27/06/2026 00:00,3688.1,3983.15,232
J100023,27/06/2026 00:30,3688.64,3983.74,234
J100023,27/06/2026 01:00,3689.18,3984.32,228
J100023,27/06/2026 01:30,3689.72,3984.9,233
J100023,27/06/2026 02:00,3690.26,3985.48,227
J100023,27/06/2026 02:30,3690.8,3986.07,230
J100023,27/06/2026 03:00,3691.34,3986.65,236
J100023,27/06/2026 03:30,3691.88,3987.23,223
J100023,27/06/2026 04:00,3692.42,3987.82,240
J100023,27/06/2026 04:30,3692.96,3988.4,222
J100023,27/06/2026 05:00,3693.5,3988.98,232
J100023,27/06/2026 05:30,3694.04,3989.56,226
J100023,27/06/2026 06:00,3694.58,3990.15,238
J100023,27/06/2026 06:30,3695.12,3990.73,228
J100023,27/06/2026 07:00,3695.66,3991.31,237
J100023,27/06/2026 07:30,3696.2,3991.9,222
J100023,27/06/2026 08:00,3696.74,3992.48,226
J100023,27/06/2026 08:30,3697.28,3993.06,223
J100023,27/06/2026 09:00,3697.82,3993.64,232
J100023,27/06/2026 09:30,3698.36,3994.23,225
J100023,27/06/2026 10:00,3698.9,3994.81,227
J100023,27/06/2026 10:30,3699.44,3995.39,237
J100023,27/06/2026 11:00,3699.98,3995.98,222
J100023,27/06/2026 11:30,3700.52,3996.56,232
J100023,27/06/2026 12:00,3701.06,3997.14,228
J100023,27/06/2026 12:30,3701.6,3997.73,227
J100023,27/06/2026 13:00,3702.14,3998.31,239
J100023,27/06/2026 13:30,3702.68,3998.89,240
J100023,27/06/2026 14:00,3703.22,3999.47,236
J100023,27/06/2026 14:30,3703.76,4000.06,224
J100023,27/06/2026 15:00,3704.3,4000.64,221
J100023,27/06/2026 15:30,3704.84,4001.22,223
J100023,27/06/2026 16:00,3705.38,4001.81,232
J100023,27/06/2026 16:30,3705.92,4002.39,233
J100023,27/06/2026 17:00,3706.45,4002.97,225
J100023,27/06/2026 17:30,3706.99,4003.55,234
J100023,27/06/2026 18:00,3707.53,4004.14,239
J100023,27/06/2026 18:30,3708.07,4004.72,237
J100023,27/06/2026 19:00,3708.61,4005.3,233
J100023,27/06/2026 19:30,3709.15,4005.89,236
J100023,27/06/2026 20:00,3709.69,4006.47,231
J100023,27/06/2026 20:30,3710.23,4007.05,239
J100023,27/06/2026 21:00,3710.77,4007.63,239
J100023,27/06/2026 21:30,3711.31,4008.22,232
J100023,27/06/2026 22:00,3711.85,4008.8,236
J100023,27/06/2026 22:30,3712.39,4009.38,236
J100023,27/06/2026 23:00,3712.93,4009.97,236
J100023,27/06/2026 23:30,3713.47,4010.55,225
J100023,28/06/2026 00:00,3714.01,4011.13,226
J100023,28/06/2026 00:30,3714.55,4011.71,235
J100023,28/06/2026 01:00,3715.09,4012.3,237
J100023,28/06/2026 01:30,3715.63,4012.88,240
J100023,28/06/2026 02:00,3716.17,4013.46,233
J100023,28/06/2026 02:30,3716.71,4014.05,226
J100023,28/06/2026 03:00,3717.25,4014.63,233
J100023,28/06/2026 03:30,3717.79,4015.21,230
J100023,28/06/2026 04:00,3718.33,4015.79,228
J100023,28/06/2026 04:30,3718.87,4016.38,222
J100023,28/06/2026 05:00,3719.41,4016.96,229
J100023,28/06/2026 05:30,3719.95,4017.54,238
J100023,28/06/2026 06:00,3720.49,4018.13,222
J100023,28/06/2026 06:30,3721.03,4018.71,238
J100023,28/06/2026 07:00,3721.57,4019.29,225
J100023,28/06/2026 07:30,3722.11,4019.88,233
J100023,28/06/2026 08:00,3722.65,4020.46,237
J100023,28/06/2026 08:30,3723.19,4021.04,238
J100023,28/06/2026 09:00,3723.73,4021.62,240
J100023,28/06/2026 09:30,3724.27,4022.21,223
J100023,28/06/2026 10:00,3724.81,4022.79,226
J100023,28/06/2026 10:30,3725.34,4023.37,225
J100023,28/06/2026 11:00,3725.88,4023.96,238
J100023,28/06/2026 11:30,3726.42,4024.54,238
J100023,28/06/2026 12:00,3726.96,4025.12,220
J100023,28/06/2026 12:30,3727.5,4025.7,221
J100023,28/06/2026 13:00,3728.04,4026.29,222
J100023,28/06/2026 13:30,3728.58,4026.87,231
J100023,28/06/2026 14:00,3729.12,4027.45,227
J100023,28/06/2026 14:30,3729.66,4028.04,232
J100023,28/06/2026 15:00,3730.2,4028.62,226
J100023,28/06/2026 15:30,3730.74,4029.2,231
J100023,28/06/2026 16:00,3731.28,4029.78,239
J100023,28/06/2026 16:30,3731.82,4030.37,235
J100023,28/06/2026 17:00,3732.36,4030.95,233
J100023,28/06/2026 17:30,3732.9,4031.53,239
J100023,28/06/2026 18:00,3733.44,4032.12,239
J100023,28/06/2026 18:30,3733.98,4032.7,239
J100023,28/06/2026 19:00,3734.52,4033.28,227
J100023,28/06/2026 19:30,3735.06,4033.86,226
J100023,28/06/2026 20:00,3735.6,4034.45,239
J100023,28/06/2026 20:30,3736.14,4035.03,237
J100023,28/06/2026 21:00,3736.68,4035.61,223
J100023,28/06/2026 21:30,3737.22,4036.2,228
J100023,28/06/2026 22:00,3737.76,4036.78,228
J100023,28/06/2026 22:30,3738.3,4037.36,230
J100023,28/06/2026 23:00,3738.84,4037.94,228
J100023,28/06/2026 23:30,3739.38,4038.53,237
J100023,29/06/2026 00:00,3739.92,4039.11,232
J100023,29/06/2026 00:30,3740.46,4039.69,231
J100023,29/06/2026 01:00,3741,4040.28,230
J100023,29/06/2026 01:30,3741.54,4040.86,231
J100023,29/06/2026 02:00,3742.08,4041.44,230
J100023,29/06/2026 02:30,3742.62,4042.03,226
J100023,29/06/2026 03:00,3743.16,4042.61,236
J100023,29/06/2026 03:30,3743.7,4043.19,224
J100023,29/06/2026 04:00,3744.23,4043.77,222
J100023,29/06/2026 04:30,3744.77,4044.36,224
J100023,29/06/2026 05:00,3745.31,4044.94,229
J100023,29/06/2026 05:30,3745.85,4045.52,224
J100023,29/06/2026 06:00,3746.39,4046.11,223
J100023,29/06/2026 06:30,3746.93,4046.69,227
J100023,29/06/2026 07:00,3747.47,4047.27,234
J100023,29/06/2026 07:30,3748.01,4047.85,231
J100023,29/06/2026 08:00,3748.55,4048.44,224
J100023,29/06/2026 08:30,3749.09,4049.02,233
J100023,29/06/2026 09:00,3749.63,4049.6,234
J100023,29/06/2026 09:30,3750.17,4050.19,229
J100023,29/06/2026 10:00,3750.71,4050.77,234
J100023,29/06/2026 10:30,3751.25,4051.35,234
J100023,29/06/2026 11:00,3751.79,4051.93,223
J100023,29/06/2026 11:30,3752.33,4052.52,227
J100023,29/06/2026 12:00,3752.87,4053.1,231
J100023,29/06/2026 12:30,3753.41,4053.68,234
J100023,29/06/2026 13:00,3753.95,4054.27,228
J100023,29/06/2026 13:30,3754.49,4054.85,223
J100023,29/06/2026 14:00,3755.03,4055.43,225
J100023,29/06/2026 14:30,3755.57,4056.01,235
J100023,29/06/2026 15:00,3756.11,4056.6,234
J100023,29/06/2026 15:30,3756.65,4057.18,238
J100023,29/06/2026 16:00,3757.19,4057.76,225
J100023,29/06/2026 16:30,3757.73,4058.35,232
J100023,29/06/2026 17:00,3758.27,4058.93,224
J100023,29/06/2026 17:30,3758.81,4059.51,227
J100023,29/06/2026 18:00,3759.35,4060.09,231
J100023,29/06/2026 18:30,3759.89,4060.68,234
J100023,29/06/2026 19:00,3760.43,4061.26,226
J100023,29/06/2026 19:30,3760.97,4061.84,237
J100023,29/06/2026 20:00,3761.51,4062.43,228
J100023,29/06/2026 20:30,3762.05,4063.01,237
J100023,29/06/2026 21:00,3762.59,4063.59,240
J100023,29/06/2026 21:30,3763.13,4064.18,236
J100023,29/06/2026 22:00,3763.66,4064.76,230
J100023,29/06/2026 22:30,3764.2,4065.34,230
J100023,29/06/2026 23:00,3764.74,4065.92,235
J100023,29/06/2026 23:30,3765.28,4066.51,233
J100023,30/06/2026 00:00,3765.82,4067.09,228
J100023,30/06/2026 00:30,3766.36,4067.67,222
J100023,30/06/2026 01:00,3766.9,4068.26,230
J100023,30/06/2026 01:30,3767.44,4068.84,236
J100023,30/06/2026 02:00,3767.98,4069.42,226
J100023,30/06/2026 02:30,3768.52,4070,238
J100023,30/06/2026 03:00,3769.06,4070.59,228
J100023,30/06/2026 03:30,3769.6,4071.17,238
J100023,30/06/2026 04:00,3770.14,4071.75,228
J100023,30/06/2026 04:30,3770.68,4072.34,228
J100023,30/06/2026 05:00,3771.22,4072.92,225
J100023,30/06/2026 05:30,3771.76,4073.5,226
J100023,30/06/2026 06:00,3772.3,4074.08,227
J100023,30/06/2026 06:30,3772.84,4074.67,237
J100023,30/06/2026 07:00,3773.38,4075.25,227
J100023,30/06/2026 07:30,3773.92,4075.83,237
J100023,30/06/2026 08:00,3774.46,4076.42,237
J100023,30/06/2026 08:30,3775,4077,225
J100023,30/06/2026 09:00,3775.54,4077.58,237
J100023,30/06/2026 09:30,3776.08,4078.16,233
J100023,30/06/2026 10:00,3776.62,4078.75,226
J100023,30/06/2026 10:30,3777.16,4079.33,224
J100023,30/06/2026 11:00,3777.7,4079.91,239
J100023,30/06/2026 11:30,3778.24,4080.5,231
J100023,30/06/2026 12:00,3778.78,4081.08,234
J100023,30/06/2026 12:30,3779.32,4081.66,235
J100023,30/06/2026 13:00,3779.86,4082.24,238
J100023,30/06/2026 13:30,3780.4,4082.83,234
J100023,30/06/2026 14:00,3780.94,4083.41,225
J100023,30/06/2026 14:30,3781.48,4083.99,236
J100023,30/06/2026 15:00,3782.02,4084.58,232
J100023,30/06/2026 15:30,3782.55,4085.16,228
J100023,30/06/2026 16:00,3783.09,4085.74,225
J100023,30/06/2026 16:30,3783.63,4086.32,232
J100023,30/06/2026 17:00,3784.17,4086.91,233
J100023,30/06/2026 17:30,3784.71,4087.49,239
J100023,30/06/2026 18:00,3785.25,4088.07,224
J100023,30/06/2026 18:30,3785.79,4088.66,224
J100023,30/06/2026 19:00,3786.33,4089.24,223
J100023,30/06/2026 19:30,3786.87,4089.82,221
J100023,30/06/2026 20:00,3787.41,4090.41,225
J100023,30/06/2026 20:30,3787.95,4090.99,228
J100023,30/06/2026 21:00,3788.49,4091.57,232
J100023,30/06/2026 21:30,3789.03,4092.15,232
J100023,30/06/2026 22:00,3789.57,4092.74,226
J100023,30/06/2026 22:30,3790.11,4093.32,235
J100023,30/06/2026 23:00,3790.65,4093.9,225
J100023,30/06/2026 23:30,3791.19,4094.49,225
J100024,23/06/2026 23:30,36026.38,38908.49,220
J100024,24/06/2026 00:00,36026.74,38908.88,240
J100024,24/06/2026 00:30,36027.11,38909.28,234
J100024,24/06/2026 01:00,36027.48,38909.68,228
J100024,24/06/2026 01:30,36027.84,38910.07,228
J100024,24/06/2026 02:00,36028.21,38910.47,224
J100024,24/06/2026 02:30,36028.58,38910.87,238
J100024,24/06/2026 03:00,36028.95,38911.26,223
J100024,24/06/2026 03:30,36029.31,38911.66,227
J100024,24/06/2026 04:00,36029.68,38912.06,227
J100024,24/06/2026 04:30,36030.05,38912.45,227
J100024,24/06/2026 05:00,36030.42,38912.85,221
J100024,24/06/2026 05:30,36030.78,38913.24,228
J100024,24/06/2026 06:00,36031.15,38913.64,222
J100024,24/06/2026 06:30,36031.52,38914.04,233
J100024,24/06/2026 07:00,36031.88,38914.43,239
J100024,24/06/2026 07:30,36032.25,38914.83,225
J100024,24/06/2026 08:00,36032.62,38915.23,233
J100024,24/06/2026 08:30,36032.99,38915.62,230
J100024,24/06/2026 09:00,36033.35,38916.02,229
J100024,24/06/2026 09:30,36033.72,38916.42,220
J100024,24/06/2026 10:00,36034.09,38916.81,225
J100024,24/06/2026 10:30,36034.45,38917.21,240
J100024,24/06/2026 11:00,36034.82,38917.61,233
J100024,24/06/2026 11:30,36035.19,38918,231
J100024,24/06/2026 12:00,36035.56,38918.4,236
J100024,24/06/2026 12:30,36035.92,38918.8,227
J100024,24/06/2026 13:00,36036.29,38919.19,225
J100024,24/06/2026 13:30,36036.66,38919.59,223
J100024,24/06/2026 14:00,36037.02,38919.99,231
J100024,24/06/2026 14:30,36037.39,38920.38,233
J100024,24/06/2026 15:00,36037.76,38920.78,231
J100024,24/06/2026 15:30,36038.13,38921.18,235
J100024,24/06/2026 16:00,36038.49,38921.57,222
J100024,24/06/2026 16:30,36038.86,38921.97,236
J100024,24/06/2026 17:00,36039.23,38922.37,227
J100024,24/06/2026 17:30,36039.59,38922.76,239
J100024,24/06/2026 18:00,36039.96,38923.16,225
J100024,24/06/2026 18:30,36040.33,38923.56,222
J100024,24/06/2026 19:00,36040.7,38923.95,231
J100024,24/06/2026 19:30,36041.06,38924.35,232
J100024,24/06/2026 20:00,36041.43,38924.75,226
J100024,24/06/2026 20:30,36041.8,38925.14,237
J100024,24/06/2026 21:00,36042.17,38925.54,234
J100024,24/06/2026 21:30,36042.53,38925.93,234
J100024,24/06/2026 22:00,36042.9,38926.33,238
J100024,24/06/2026 22:30,36043.27,38926.73,233
J100024,24/06/2026 23:00,36043.63,38927.12,234
J100024,24/06/2026 23:30,36044,38927.52,238
J100024,25/06/2026 00:00,36044.37,38927.92,223
J100024,25/06/2026 00:30,36044.74,38928.31,226
J100024,25/06/2026 01:00,36045.1,38928.71,232
J100024,25/06/2026 01:30,36045.47,38929.11,235
J100024,25/06/2026 02:00,36045.84,38929.5,232
J100024,25/06/2026 02:30,36046.2,38929.9,221
J100024,25/06/2026 03:00,36046.57,38930.3,234
J100024,25/06/2026 03:30,36046.94,38930.69,221
J100024,25/06/2026 04:00,36047.31,38931.09,233
J100024,25/06/2026 04:30,36047.67,38931.49,233
J100024,25/06/2026 05:00,36048.04,38931.88,228
J100024,25/06/2026 05:30,36048.41,38932.28,238
J100024,25/06/2026 06:00,36048.77,38932.68,235
J100024,25/06/2026 06:30,36049.14,38933.07,225
J100024,25/06/2026 07:00,36049.51,38933.47,220
J100024,25/06/2026 07:30,36049.88,38933.87,235
J100024,25/06/2026 08:00,36050.24,38934.26,240
J100024,25/06/2026 08:30,36050.61,38934.66,240
J100024,25/06/2026 09:00,36050.98,38935.06,221
J100024,25/06/2026 09:30,36051.34,38935.45,222
J100024,25/06/2026 10:00,36051.71,38935.85,233
J100024,25/06/2026 10:30,36052.08,38936.25,230
J100024,25/06/2026 11:00,36052.45,38936.64,230
J100024,25/06/2026 11:30,36052.81,38937.04,224
J100024,25/06/2026 12:00,36053.18,38937.44,231
J100024,25/06/2026 12:30,36053.55,38937.83,226
J100024,25/06/2026 13:00,36053.92,38938.23,232
J100024,25/06/2026 13:30,36054.28,38938.62,234
J100024,25/06/2026 14:00,36054.65,38939.02,231
J100024,25/06/2026 14:30,36055.02,38939.42,231
J100024,25/06/2026 15:00,36055.38,38939.81,220
J100024,25/06/2026 15:30,36055.75,38940.21,235
J100024,25/06/2026 16:00,36056.12,38940.61,227
J100024,25/06/2026 16:30,36056.49,38941,238
J100024,25/06/2026 17:00,36056.85,38941.4,239
J100024,25/06/2026 17:30,36057.22,38941.8,221
J100024,25/06/2026 18:00,36057.59,38942.19,230
J100024,25/06/2026 18:30,36057.95,38942.59,221
J100024,25/06/2026 19:00,36058.32,38942.99,238
J100024,25/06/2026 19:30,36058.69,38943.38,225
J100024,25/06/2026 20:00,36059.06,38943.78,226
J100024,25/06/2026 20:30,36059.42,38944.18,224
J100024,25/06/2026 21:00,36059.79,38944.57,229
J100024,25/06/2026 21:30,36060.16,38944.97,222
J100024,25/06/2026 22:00,36060.52,38945.37,233
J100024,25/06/2026 22:30,36060.89,38945.76,239
J100024,25/06/2026 23:00,36061.26,38946.16,236
J100024,25/06/2026 23:30,36061.63,38946.56,222
J100024,26/06/2026 00:00,36061.99,38946.95,239
J100024,26/06/2026 00:30,36062.36,38947.35,223
J100024,26/06/2026 01:00,36062.73,38947.75,223
J100024,26/06/2026 01:30,36063.09,38948.14,235
J100024,26/06/2026 02:00,36063.46,38948.54,235
J100024,26/06/2026 02:30,36063.83,38948.94,231
J100024,26/06/2026 03:00,36064.2,38949.33,235
J100024,26/06/2026 03:30,36064.56,38949.73,232
J100024,26/06/2026 04:00,36064.93,38950.13,223
J100024,26/06/2026 04:30,36065.3,38950.52,236
J100024,26/06/2026 05:00,36065.67,38950.92,240
J100024,26/06/2026 05:30,36066.03,38951.31,231
J100024,26/06/2026 06:00,36066.4,38951.71,229
J100024,26/06/2026 06:30,36066.77,38952.11,222
J100024,26/06/2026 07:00,36067.13,38952.5,223
J100024,26/06/2026 07:30,36067.5,38952.9,238
J100024,26/06/2026 08:00,36067.87,38953.3,235
J100024,26/06/2026 08:30,36068.24,38953.69,228
J100024,26/06/2026 09:00,36068.6,38954.09,233
J100024,26/06/2026 09:30,36068.97,38954.49,224
J100024,26/06/2026 10:00,36069.34,38954.88,236
J100024,26/06/2026 10:30,36069.7,38955.28,225
J100024,26/06/2026 11:00,36070.07,38955.68,235
J100024,26/06/2026 11:30,36070.44,38956.07,236
J100024,26/06/2026 12:00,36070.81,38956.47,240
J100024,26/06/2026 12:30,36071.17,38956.87,226
J100024,26/06/2026 13:00,36071.54,38957.26,234
J100024,26/06/2026 13:30,36071.91,38957.66,230
J100024,26/06/2026 14:00,36072.27,38958.06,222
J100024,26/06/2026 14:30,36072.64,38958.45,232
J100024,26/06/2026 15:00,36073.01,38958.85,224
J100024,26/06/2026 15:30,36073.38,38959.25,229
J100024,26/06/2026 16:00,36073.74,38959.64,235
J100024,26/06/2026 16:30,36074.11,38960.04,231
J100024,26/06/2026 17:00,36074.48,38960.44,221
J100024,26/06/2026 17:30,36074.84,38960.83,236
J100024,26/06/2026 18:00,36075.21,38961.23,228
J100024,26/06/2026 18:30,36075.58,38961.63,238
J100024,26/06/2026 19:00,36075.95,38962.02,222
J100024,26/06/2026 19:30,36076.31,38962.42,233
J100024,26/06/2026 20:00,36076.68,38962.82,224
J100024,26/06/2026 20:30,36077.05,38963.21,222
J100024,26/06/2026 21:00,36077.42,38963.61,237
J100024,26/06/2026 21:30,36077.78,38964,233
J100024,26/06/2026 22:00,36078.15,38964.4,238
J100024,26/06/2026 22:30,36078.52,38964.8,226
J100024,26/06/2026 23:00,36078.88,38965.19,222
J100024,26/06/2026 23:30,36079.25,38965.59,237
J100024,27/06/2026 00:00,36079.62,38965.99,231
J100024,27/06/2026 00:30,36079.99,38966.38,232
J100024,27/06/2026 01:00,36080.35,38966.78,226
J100024,27/06/2026 01:30,36080.72,38967.18,238
J100024,27/06/2026 02:00,36081.09,38967.57,234
J100024,27/06/2026 02:30,36081.45,38967.97,224
J100024,27/06/2026 03:00,36081.82,38968.37,233
J100024,27/06/2026 03:30,36082.19,38968.76,232
J100024,27/06/2026 04:00,36082.56,38969.16,237
J100024,27/06/2026 04:30,36082.92,38969.56,239
J100024,27/06/2026 05:00,36083.29,38969.95,235
J100024,27/06/2026 05:30,36083.66,38970.35,230
J100024,27/06/2026 06:00,36084.02,38970.75,226
J100024,27/06/2026 06:30,36084.39,38971.14,230
J100024,27/06/2026 07:00,36084.76,38971.54,232
J100024,27/06/2026 07:30,36085.13,38971.94,220
J100024,27/06/2026 08:00,36085.49,38972.33,239
J100024,27/06/2026 08:30,36085.86,38972.73,229
J100024,27/06/2026 09:00,36086.23,38973.13,233
J100024,27/06/2026 09:30,36086.59,38973.52,223
J100024,27/06/2026 10:00,36086.96,38973.92,235
J100024,27/06/2026 10:30,36087.33,38974.32,228
J100024,27/06/2026 11:00,36087.7,38974.71,222
J100024,27/06/2026 11:30,36088.06,38975.11,232
J100024,27/06/2026 12:00,36088.43,38975.51,237
J100024,27/06/2026 12:30,36088.8,38975.9,237
J100024,27/06/2026 13:00,36089.17,38976.3,222
J100024,27/06/2026 13:30,36089.53,38976.69,231
J100024,27/06/2026 14:00,36089.9,38977.09,230
J100024,27/06/2026 14:30,36090.27,38977.49,237
J100024,27/06/2026 15:00,36090.63,38977.88,240
J100024,27/06/2026 15:30,36091,38978.28,224
J100024,27/06/2026 16:00,36091.37,38978.68,227
J100024,27/06/2026 16:30,36091.74,38979.07,235
J100024,27/06/2026 17:00,36092.1,38979.47,230
J100024,27/06/2026 17:30,36092.47,38979.87,232
J100024,27/06/2026 18:00,36092.84,38980.26,231
J100024,27/06/2026 18:30,36093.2,38980.66,224
J100024,27/06/2026 19:00,36093.57,38981.06,222
J100024,27/06/2026 19:30,36093.94,38981.45,227
J100024,27/06/2026 20:00,36094.31,38981.85,234
J100024,27/06/2026 20:30,36094.67,38982.25,222
J100024,27/06/2026 21:00,36095.04,38982.64,233
J100024,27/06/2026 21:30,36095.41,38983.04,234
J100024,27/06/2026 22:00,36095.77,38983.44,233
J100024,27/06/2026 22:30,36096.14,38983.83,230
J100024,27/06/2026 23:00,36096.51,38984.23,223
J100024,27/06/2026 23:30,36096.88,38984.63,230
J100024,28/06/2026 00:00,36097.24,38985.02,232
J100024,28/06/2026 00:30,36097.61,38985.42,234
J100024,28/06/2026 01:00,36097.98,38985.82,223
J100024,28/06/2026 01:30,36098.34,38986.21,232
J100024,28/06/2026 02:00,36098.71,38986.61,224
J100024,28/06/2026 02:30,36099.08,38987.01,231
J100024,28/06/2026 03:00,36099.45,38987.4,233
J100024,28/06/2026 03:30,36099.81,38987.8,232
J100024,28/06/2026 04:00,36100.18,38988.2,220
J100024,28/06/2026 04:30,36100.55,38988.59,228
J100024,28/06/2026 05:00,36100.92,38988.99,235
J100024,28/06/2026 05:30,36101.28,38989.38,227
J100024,28/06/2026 06:00,36101.65,38989.78,227
J100024,28/06/2026 06:30,36102.02,38990.18,235
J100024,28/06/2026 07:00,36102.38,38990.57,237
J100024,28/06/2026 07:30,36102.75,38990.97,222
J100024,28/06/2026 08:00,36103.12,38991.37,224
J100024,28/06/2026 08:30,36103.49,38991.76,220
J100024,28/06/2026 09:00,36103.85,38992.16,230
J100024,28/06/2026 09:30,36104.22,38992.56,230
J100024,28/06/2026 10:00,36104.59,38992.95,237
J100024,28/06/2026 10:30,36104.95,38993.35,226
J100024,28/06/2026 11:00,36105.32,38993.75,221
J100024,28/06/2026 11:30,36105.69,38994.14,227
J100024,28/06/2026 12:00,36106.06,38994.54,228
J100024,28/06/2026 12:30,36106.42,38994.94,225
J100024,28/06/2026 13:00,36106.79,38995.33,231
J100024,28/06/2026 13:30,36107.16,38995.73,233
J100024,28/06/2026 14:00,36107.52,38996.13,235
J100024,28/06/2026 14:30,36107.89,38996.52,239
J100024,28/06/2026 15:00,36108.26,38996.92,227
J100024,28/06/2026 15:30,36108.63,38997.32,233
J100024,28/06/2026 16:00,36108.99,38997.71,239
J100024,28/06/2026 16:30,36109.36,38998.11,226
J100024,28/06/2026 17:00,36109.73,38998.51,238
J100024,28/06/2026 17:30,36110.09,38998.9,233
J100024,28/06/2026 18:00,36110.46,38999.3,224
J100024,28/06/2026 18:30,36110.83,38999.7,226
J100024,28/06/2026 19:00,36111.2,39000.09,230
J100024,28/06/2026 19:30,36111.56,39000.49,235
J100024,28/06/2026 20:00,36111.93,39000.89,222
J100024,28/06/2026 20:30,36112.3,39001.28,240
J100024,28/06/2026 21:00,36112.67,39001.68,235
J100024,28/06/2026 21:30,36113.03,39002.07,220
J100024,28/06/2026 22:00,36113.4,39002.47,221
J100024,28/06/2026 22:30,36113.77,39002.87,222
J100024,28/06/2026 23:00,36114.13,39003.26,231
J100024,28/06/2026 23:30,36114.5,39003.66,226
J100024,29/06/2026 00:00,36114.87,39004.06,223
J100024,29/06/2026 00:30,36115.24,39004.45,228
J100024,29/06/2026 01:00,36115.6,39004.85,235
J100024,29/06/2026 01:30,36115.97,39005.25,233
J100024,29/06/2026 02:00,36116.34,39005.64,229
J100024,29/06/2026 02:30,36116.7,39006.04,225
J100024,29/06/2026 03:00,36117.07,39006.44,236
J100024,29/06/2026 03:30,36117.44,39006.83,238
J100024,29/06/2026 04:00,36117.81,39007.23,230
J100024,29/06/2026 04:30,36118.17,39007.63,222
J100024,29/06/2026 05:00,36118.54,39008.02,237
J100024,29/06/2026 05:30,36118.91,39008.42,237
J100024,29/06/2026 06:00,36119.27,39008.82,222
J100024,29/06/2026 06:30,36119.64,39009.21,228
J100024,29/06/2026 07:00,36120.01,39009.61,239
J100024,29/06/2026 07:30,36120.38,39010.01,235
J100024,29/06/2026 08:00,36120.74,39010.4,233
J100024,29/06/2026 08:30,36121.11,39010.8,233
J100024,29/06/2026 09:00,36121.48,39011.2,233
J100024,29/06/2026 09:30,36121.84,39011.59,237
J100024,29/06/2026 10:00,36122.21,39011.99,221
J100024,29/06/2026 10:30,36122.58,39012.39,221
J100024,29/06/2026 11:00,36122.95,39012.78,236
J100024,29/06/2026 11:30,36123.31,39013.18,220
J100024,29/06/2026 12:00,36123.68,39013.58,224
J100024,29/06/2026 12:30,36124.05,39013.97,231
J100024,29/06/2026 13:00,36124.42,39014.37,229
J100024,29/06/2026 13:30,36124.78,39014.77,222
J100024,29/06/2026 14:00,36125.15,39015.16,236
J100024,29/06/2026 14:30,36125.52,39015.56,232
J100024,29/06/2026 15:00,36125.88,39015.95,230
J100024,29/06/2026 15:30,36126.25,39016.35,220
J100024,29/06/2026 16:00,36126.62,39016.75,223
J100024,29/06/2026 16:30,36126.99,39017.14,225
J100024,29/06/2026 17:00,36127.35,39017.54,233
J100024,29/06/2026 17:30,36127.72,39017.94,227
J100024,29/06/2026 18:00,36128.09,39018.33,225
J100024,29/06/2026 18:30,36128.45,39018.73,231
J100024,29/06/2026 19:00,36128.82,39019.13,232
J100024,29/06/2026 19:30,36129.19,39019.52,239
J100024,29/06/2026 20:00,36129.56,39019.92,227
J100024,29/06/2026 20:30,36129.92,39020.32,237
J100024,29/06/2026 21:00,36130.29,39020.71,228
J100024,29/06/2026 21:30,36130.66,39021.11,222
J100024,29/06/2026 22:00,36131.02,39021.51,227
J100024,29/06/2026 22:30,36131.39,39021.9,226
J100024,29/06/2026 23:00,36131.76,39022.3,236
J100024,29/06/2026 23:30,36132.13,39022.7,224
J100024,30/06/2026 00:00,36132.49,39023.09,227
J100024,30/06/2026 00:30,36132.86,39023.49,237
J100024,30/06/2026 01:00,36133.23,39023.89,235
J100024,30/06/2026 01:30,36133.59,39024.28,237
J100024,30/06/2026 02:00,36133.96,39024.68,226
J100024,30/06/2026 02:30,36134.33,39025.08,228
J100024,30/06/2026 03:00,36134.7,39025.47,230
J100024,30/06/2026 03:30,36135.06,39025.87,232
J100024,30/06/2026 04:00,36135.43,39026.27,222
J100024,30/06/2026 04:30,36135.8,39026.66,232
J100024,30/06/2026 05:00,36136.17,39027.06,237
J100024,30/06/2026 05:30,36136.53,39027.46,223
J100024,30/06/2026 06:00,36136.9,39027.85,239
J100024,30/06/2026 06:30,36137.27,39028.25,237
J100024,30/06/2026 07:00,36137.63,39028.64,234
J100024,30/06/2026 07:30,36138,39029.04,236
J100024,30/06/2026 08:00,36138.37,39029.44,238
J100024,30/06/2026 08:30,36138.74,39029.83,235
J100024,30/06/2026 09:00,36139.1,39030.23,230
J100024,30/06/2026 09:30,36139.47,39030.63,225
J100024,30/06/2026 10:00,36139.84,39031.02,235
J100024,30/06/2026 10:30,36140.2,39031.42,226
J100024,30/06/2026 11:00,36140.57,39031.82,224
J100024,30/06/2026 11:30,36140.94,39032.21,226
J100024,30/06/2026 12:00,36141.31,39032.61,239
J100024,30/06/2026 12:30,36141.67,39033.01,221
J100024,30/06/2026 13:00,36142.04,39033.4,223
J100024,30/06/2026 13:30,36142.41,39033.8,228
J100024,30/06/2026 14:00,36142.77,39034.2,222
J100024,30/06/2026 14:30,36143.14,39034.59,224
J100024,30/06/2026 15:00,36143.51,39034.99,234
J100024,30/06/2026 15:30,36143.88,39035.39,230
J100024,30/06/2026 16:00,36144.24,39035.78,220
J100024,30/06/2026 16:30,36144.61,39036.18,220
J100024,30/06/2026 17:00,36144.98,39036.58,226
J100024,30/06/2026 17:30,36145.34,39036.97,232
J100024,30/06/2026 18:00,36145.71,39037.37,221
J100024,30/06/2026 18:30,36146.08,39037.77,239
J100024,30/06/2026 19:00,36146.45,39038.16,224
J100024,30/06/2026 19:30,36146.81,39038.56,224
J100024,30/06/2026 20:00,36147.18,39038.96,225
J100024,30/06/2026 20:30,36147.55,39039.35,230
J100024,30/06/2026 21:00,36147.92,39039.75,229
J100024,30/06/2026 21:30,36148.28,39040.15,231
J100024,30/06/2026 22:00,36148.65,39040.54,226
J100024,30/06/2026 22:30,36149.02,39040.94,232
J100024,30/06/2026 23:00,36149.38,39041.33,227
J100024,30/06/2026 23:30,36149.75,39041.73,232
J100025,23/06/2026 23:30,48228.18,52086.43,221
J100025,24/06/2026 00:00,48228.39,52086.66,221
J100025,24/06/2026 00:30,48228.6,52086.89,233
J100025,24/06/2026 01:00,48228.81,52087.12,232
J100025,24/06/2026 01:30,48229.03,52087.35,233
J100025,24/06/2026 02:00,48229.24,52087.58,225
J100025,24/06/2026 02:30,48229.45,52087.81,227
J100025,24/06/2026 03:00,48229.66,52088.04,233
J100025,24/06/2026 03:30,48229.87,52088.26,233
J100025,24/06/2026 04:00,48230.09,52088.49,227
J100025,24/06/2026 04:30,48230.3,52088.72,223
J100025,24/06/2026 05:00,48230.51,52088.95,226
J100025,24/06/2026 05:30,48230.72,52089.18,229
J100025,24/06/2026 06:00,48230.93,52089.41,224
J100025,24/06/2026 06:30,48231.15,52089.64,229
J100025,24/06/2026 07:00,48231.36,52089.87,227
J100025,24/06/2026 07:30,48231.57,52090.1,235
J100025,24/06/2026 08:00,48231.78,52090.33,230
J100025,24/06/2026 08:30,48232,52090.55,239
J100025,24/06/2026 09:00,48232.21,52090.78,227
J100025,24/06/2026 09:30,48232.42,52091.01,237
J100025,24/06/2026 10:00,48232.63,52091.24,239
J100025,24/06/2026 10:30,48232.84,52091.47,232
J100025,24/06/2026 11:00,48233.06,52091.7,238
J100025,24/06/2026 11:30,48233.27,52091.93,225
J100025,24/06/2026 12:00,48233.48,52092.16,236
J100025,24/06/2026 12:30,48233.69,52092.39,230
J100025,24/06/2026 13:00,48233.9,52092.62,224
J100025,24/06/2026 13:30,48234.12,52092.85,236
J100025,24/06/2026 14:00,48234.33,52093.07,222
J100025,24/06/2026 14:30,48234.54,52093.3,233
J100025,24/06/2026 15:00,48234.75,52093.53,229
J100025,24/06/2026 15:30,48234.96,52093.76,224
J100025,24/06/2026 16:00,48235.18,52093.99,224
J100025,24/06/2026 16:30,48235.39,52094.22,232
J100025,24/06/2026 17:00,48235.6,52094.45,233
J100025,24/06/2026 17:30,48235.81,52094.68,227
J100025,24/06/2026 18:00,48236.03,52094.91,231
J100025,24/06/2026 18:30,48236.24,52095.14,235
J100025,24/06/2026 19:00,48236.45,52095.37,230
J100025,24/06/2026 19:30,48236.66,52095.59,224
J100025,24/06/2026 20:00,48236.87,52095.82,222
J100025,24/06/2026 20:30,48237.09,52096.05,224
J100025,24/06/2026 21:00,48237.3,52096.28,229
J100025,24/06/2026 21:30,48237.51,52096.51,222
J100025,24/06/2026 22:00,48237.72,52096.74,223
J100025,24/06/2026 22:30,48237.93,52096.97,228
J100025,24/06/2026 23:00,48238.15,52097.2,230
J100025,24/06/2026 23:30,48238.36,52097.43,236
J100025,25/06/2026 00:00,48238.57,52097.66,233
J100025,25/06/2026 00:30,48238.78,52097.89,238
J100025,25/06/2026 01:00,48239,52098.11,226
J100025,25/06/2026 01:30,48239.21,52098.34,228
J100025,25/06/2026 02:00,48239.42,52098.57,233
J100025,25/06/2026 02:30,48239.63,52098.8,220
J100025,25/06/2026 03:00,48239.84,52099.03,227
J100025,25/06/2026 03:30,48240.06,52099.26,220
J100025,25/06/2026 04:00,48240.27,52099.49,226
J100025,25/06/2026 04:30,48240.48,52099.72,237
J100025,25/06/2026 05:00,48240.69,52099.95,233
J100025,25/06/2026 05:30,48240.9,52100.18,237
J100025,25/06/2026 06:00,48241.12,52100.41,226
J100025,25/06/2026 06:30,48241.33,52100.63,233
J100025,25/06/2026 07:00,48241.54,52100.86,234
J100025,25/06/2026 07:30,48241.75,52101.09,236
J100025,25/06/2026 08:00,48241.96,52101.32,224
J100025,25/06/2026 08:30,48242.18,52101.55,230
J100025,25/06/2026 09:00,48242.39,52101.78,220
J100025,25/06/2026 09:30,48242.6,52102.01,229
J100025,25/06/2026 10:00,48242.81,52102.24,234
J100025,25/06/2026 10:30,48243.03,52102.47,220
J100025,25/06/2026 11:00,48243.24,52102.7,231
J100025,25/06/2026 11:30,48243.45,52102.93,226
J100025,25/06/2026 12:00,48243.66,52103.15,239
J100025,25/06/2026 12:30,48243.87,52103.38,222
J100025,25/06/2026 13:00,48244.09,52103.61,227
J100025,25/06/2026 13:30,48244.3,52103.84,228
J100025,25/06/2026 14:00,48244.51,52104.07,222
J100025,25/06/2026 14:30,48244.72,52104.3,234
J100025,25/06/2026 15:00,48244.93,52104.53,231
J100025,25/06/2026 15:30,48245.15,52104.76,233
J100025,25/06/2026 16:00,48245.36,52104.99,223
J100025,25/06/2026 16:30,48245.57,52105.22,234
J100025,25/06/2026 17:00,48245.78,52105.45,230
J100025,25/06/2026 17:30,48246,52105.67,238
J100025,25/06/2026 18:00,48246.21,52105.9,225
J100025,25/06/2026 18:30,48246.42,52106.13,221
J100025,25/06/2026 19:00,48246.63,52106.36,233
J100025,25/06/2026 19:30,48246.84,52106.59,234
J100025,25/06/2026 20:00,48247.06,52106.82,234
J100025,25/06/2026 20:30,48247.27,52107.05,237
J100025,25/06/2026 21:00,48247.48,52107.28,224
J100025,25/06/2026 21:30,48247.69,52107.51,227
J100025,25/06/2026 22:00,48247.9,52107.74,232
J100025,25/06/2026 22:30,48248.12,52107.97,226
J100025,25/06/2026 23:00,48248.33,52108.19,233
J100025,25/06/2026 23:30,48248.54,52108.42,231
J100025,26/06/2026 00:00,48248.75,52108.65,227
J100025,26/06/2026 00:30,48248.96,52108.88,236
J100025,26/06/2026 01:00,48249.18,52109.11,230
J100025,26/06/2026 01:30,48249.39,52109.34,221
J100025,26/06/2026 02:00,48249.6,52109.57,236
J100025,26/06/2026 02:30,48249.81,52109.8,223
J100025,26/06/2026 03:00,48250.03,52110.03,231
J100025,26/06/2026 03:30,48250.24,52110.26,223
J100025,26/06/2026 04:00,48250.45,52110.49,222
J100025,26/06/2026 04:30,48250.66,52110.71,232
J100025,26/06/2026 05:00,48250.87,52110.94,225
J100025,26/06/2026 05:30,48251.09,52111.17,235
J100025,26/06/2026 06:00,48251.3,52111.4,238
J100025,26/06/2026 06:30,48251.51,52111.63,240
J100025,26/06/2026 07:00,48251.72,52111.86,224
J100025,26/06/2026 07:30,48251.93,52112.09,221
J100025,26/06/2026 08:00,48252.15,52112.32,236
J100025,26/06/2026 08:30,48252.36,52112.55,239
J100025,26/06/2026 09:00,48252.57,52112.78,236
J100025,26/06/2026 09:30,48252.78,52113.01,224
J100025,26/06/2026 10:00,48252.99,52113.23,228
J100025,26/06/2026 10:30,48253.21,52113.46,236
J100025,26/06/2026 11:00,48253.42,52113.69,230
J100025,26/06/2026 11:30,48253.63,52113.92,228
J100025,26/06/2026 12:00,48253.84,52114.15,234
J100025,26/06/2026 12:30,48254.06,52114.38,238
J100025,26/06/2026 13:00,48254.27,52114.61,221
J100025,26/06/2026 13:30,48254.48,52114.84,229
J100025,26/06/2026 14:00,48254.69,52115.07,231
J100025,26/06/2026 14:30,48254.9,52115.3,234
J100025,26/06/2026 15:00,48255.12,52115.53,228
J100025,26/06/2026 15:30,48255.33,52115.75,237
J100025,26/06/2026 16:00,48255.54,52115.98,224
J100025,26/06/2026 16:30,48255.75,52116.21,231
J100025,26/06/2026 17:00,48255.96,52116.44,233
J100025,26/06/2026 17:30,48256.18,52116.67,227
J100025,26/06/2026 18:00,48256.39,52116.9,220
J100025,26/06/2026 18:30,48256.6,52117.13,233
J100025,26/06/2026 19:00,48256.81,52117.36,231
J100025,26/06/2026 19:30,48257.03,52117.59,238
J100025,26/06/2026 20:00,48257.24,52117.82,221
J100025,26/06/2026 20:30,48257.45,52118.05,222
J100025,26/06/2026 21:00,48257.66,52118.27,225
J100025,26/06/2026 21:30,48257.87,52118.5,240
J100025,26/06/2026 22:00,48258.09,52118.73,235
J100025,26/06/2026 22:30,48258.3,52118.96,237
J100025,26/06/2026 23:00,48258.51,52119.19,236
J100025,26/06/2026 23:30,48258.72,52119.42,237
J100025,27/06/2026 00:00,48258.93,52119.65,227
J100025,27/06/2026 00:30,48259.15,52119.88,233
J100025,27/06/2026 01:00,48259.36,52120.11,234
J100025,27/06/2026 01:30,48259.57,52120.34,230
J100025,27/06/2026 02:00,48259.78,52120.57,237
J100025,27/06/2026 02:30,48259.99,52120.79,237
J100025,27/06/2026 03:00,48260.21,52121.02,232
J100025,27/06/2026 03:30,48260.42,52121.25,226
J100025,27/06/2026 04:00,48260.63,52121.48,228
J100025,27/06/2026 04:30,48260.84,52121.71,238
J100025,27/06/2026 05:00,48261.06,52121.94,230
J100025,27/06/2026 05:30,48261.27,52122.17,222
J100025,27/06/2026 06:00,48261.48,52122.4,224
J100025,27/06/2026 06:30,48261.69,52122.63,231
J100025,27/06/2026 07:00,48261.9,52122.86,230
J100025,27/06/2026 07:30,48262.12,52123.09,220
J100025,27/06/2026 08:00,48262.33,52123.31,239
J100025,27/06/2026 08:30,48262.54,52123.54,233
J100025,27/06/2026 09:00,48262.75,52123.77,233
J100025,27/06/2026 09:30,48262.96,52124,220
J100025,27/06/2026 10:00,48263.18,52124.23,229
J100025,27/06/2026 10:30,48263.39,52124.46,222
J100025,27/06/2026 11:00,48263.6,52124.69,224
J100025,27/06/2026 11:30,48263.81,52124.92,233
J100025,27/06/2026 12:00,48264.03,52125.15,229
J100025,27/06/2026 12:30,48264.24,52125.38,223
J100025,27/06/2026 13:00,48264.45,52125.61,231
J100025,27/06/2026 13:30,48264.66,52125.83,240
J100025,27/06/2026 14:00,48264.87,52126.06,239
J100025,27/06/2026 14:30,48265.09,52126.29,221
J100025,27/06/2026 15:00,48265.3,52126.52,223
J100025,27/06/2026 15:30,48265.51,52126.75,223
J100025,27/06/2026 16:00,48265.72,52126.98,226
J100025,27/06/2026 16:30,48265.93,52127.21,228
J100025,27/06/2026 17:00,48266.15,52127.44,236
J100025,27/06/2026 17:30,48266.36,52127.67,226
J100025,27/06/2026 18:00,48266.57,52127.9,233
J100025,27/06/2026 18:30,48266.78,52128.13,230
J100025,27/06/2026 19:00,48266.99,52128.35,225
J100025,27/06/2026 19:30,48267.21,52128.58,231
J100025,27/06/2026 20:00,48267.42,52128.81,222
J100025,27/06/2026 20:30,48267.63,52129.04,225
J100025,27/06/2026 21:00,48267.84,52129.27,226
J100025,27/06/2026 21:30,48268.06,52129.5,226
J100025,27/06/2026 22:00,48268.27,52129.73,222
J100025,27/06/2026 22:30,48268.48,52129.96,224
J100025,27/06/2026 23:00,48268.69,52130.19,235
J100025,27/06/2026 23:30,48268.9,52130.42,233
J100025,28/06/2026 00:00,48269.12,52130.65,225
J100025,28/06/2026 00:30,48269.33,52130.87,229
J100025,28/06/2026 01:00,48269.54,52131.1,225
J100025,28/06/2026 01:30,48269.75,52131.33,233
J100025,28/06/2026 02:00,48269.96,52131.56,220
J100025,28/06/2026 02:30,48270.18,52131.79,236
J100025,28/06/2026 03:00,48270.39,52132.02,236
J100025,28/06/2026 03:30,48270.6,52132.25,224
J100025,28/06/2026 04:00,48270.81,52132.48,224
J100025,28/06/2026 04:30,48271.02,52132.71,234
J100025,28/06/2026 05:00,48271.24,52132.94,220
J100025,28/06/2026 05:30,48271.45,52133.17,234
J100025,28/06/2026 06:00,48271.66,52133.39,224
J100025,28/06/2026 06:30,48271.87,52133.62,232
J100025,28/06/2026 07:00,48272.09,52133.85,239
J100025,28/06/2026 07:30,48272.3,52134.08,227
J100025,28/06/2026 08:00,48272.51,52134.31,232
J100025,28/06/2026 08:30,48272.72,52134.54,222
J100025,28/06/2026 09:00,48272.93,52134.77,225
J100025,28/06/2026 09:30,48273.15,52135,228
J100025,28/06/2026 10:00,48273.36,52135.23,237
J100025,28/06/2026 10:30,48273.57,52135.46,239
J100025,28/06/2026 11:00,48273.78,52135.68,225
J100025,28/06/2026 11:30,48273.99,52135.91,225
J100025,28/06/2026 12:00,48274.21,52136.14,236
J100025,28/06/2026 12:30,48274.42,52136.37,235
J100025,28/06/2026 13:00,48274.63,52136.6,231
J100025,28/06/2026 13:30,48274.84,52136.83,221
J100025,28/06/2026 14:00,48275.06,52137.06,229
J100025,28/06/2026 14:30,48275.27,52137.29,229
J100025,28/06/2026 15:00,48275.48,52137.52,225
J100025,28/06/2026 15:30,48275.69,52137.75,221
J100025,28/06/2026 16:00,48275.9,52137.98,223
J100025,28/06/2026 16:30,48276.12,52138.2,225
J100025,28/06/2026 17:00,48276.33,52138.43,230
J100025,28/06/2026 17:30,48276.54,52138.66,224
J100025,28/06/2026 18:00,48276.75,52138.89,236
J100025,28/06/2026 18:30,48276.96,52139.12,238
J100025,28/06/2026 19:00,48277.18,52139.35,236
J100025,28/06/2026 19:30,48277.39,52139.58,237
J100025,28/06/2026 20:00,48277.6,52139.81,230
J100025,28/06/2026 20:30,48277.81,52140.04,234
J100025,28/06/2026 21:00,48278.02,52140.27,232
J100025,28/06/2026 21:30,48278.24,52140.5,226
J100025,28/06/2026 22:00,48278.45,52140.72,224
J100025,28/06/2026 22:30,48278.66,52140.95,236
J100025,28/06/2026 23:00,48278.87,52141.18,235
J100025,28/06/2026 23:30,48279.09,52141.41,226
J100025,29/06/2026 00:00,48279.3,52141.64,221
J100025,29/06/2026 00:30,48279.51,52141.87,225
J100025,29/06/2026 01:00,48279.72,52142.1,230
J100025,29/06/2026 01:30,48279.93,52142.33,237
J100025,29/06/2026 02:00,48280.15,52142.56,222
J100025,29/06/2026 02:30,48280.36,52142.79,234
J100025,29/06/2026 03:00,48280.57,52143.02,220
J100025,29/06/2026 03:30,48280.78,52143.24,227
J100025,29/06/2026 04:00,48280.99,52143.47,228
J100025,29/06/2026 04:30,48281.21,52143.7,229
J100025,29/06/2026 05:00,48281.42,52143.93,232
J100025,29/06/2026 05:30,48281.63,52144.16,233
J100025,29/06/2026 06:00,48281.84,52144.39,235
J100025,29/06/2026 06:30,48282.05,52144.62,220
J100025,29/06/2026 07:00,48282.27,52144.85,231
J100025,29/06/2026 07:30,48282.48,52145.08,231
J100025,29/06/2026 08:00,48282.69,52145.31,233
J100025,29/06/2026 08:30,48282.9,52145.54,229
J100025,29/06/2026 09:00,48283.12,52145.76,235
J100025,29/06/2026 09:30,48283.33,52145.99,235
J100025,29/06/2026 10:00,48283.54,52146.22,220
J100025,29/06/2026 10:30,48283.75,52146.45,238
J100025,29/06/2026 11:00,48283.96,52146.68,236
J100025,29/06/2026 11:30,48284.18,52146.91,237
J100025,29/06/2026 12:00,48284.39,52147.14,228
J100025,29/06/2026 12:30,48284.6,52147.37,220
J100025,29/06/2026 13:00,48284.81,52147.6,227
J100025,29/06/2026 13:30,48285.02,52147.83,229
J100025,29/06/2026 14:00,48285.24,52148.06,233
J100025,29/06/2026 14:30,48285.45,52148.28,236
J100025,29/06/2026 15:00,48285.66,52148.51,226
J100025,29/06/2026 15:30,48285.87,52148.74,230
J100025,29/06/2026 16:00,48286.09,52148.97,238
J100025,29/06/2026 16:30,48286.3,52149.2,221
J100025,29/06/2026 17:00,48286.51,52149.43,220
J100025,29/06/2026 17:30,48286.72,52149.66,236
J100025,29/06/2026 18:00,48286.93,52149.89,237
J100025,29/06/2026 18:30,48287.15,52150.12,239
J100025,29/06/2026 19:00,48287.36,52150.35,224
J100025,29/06/2026 19:30,48287.57,52150.58,227
J100025,29/06/2026 20:00,48287.78,52150.8,221
J100025,29/06/2026 20:30,48287.99,52151.03,227
J100025,29/06/2026 21:00,48288.21,52151.26,233
J100025,29/06/2026 21:30,48288.42,52151.49,229
J100025,29/06/2026 22:00,48288.63,52151.72,236
J100025,29/06/2026 22:30,48288.84,52151.95,228
J100025,29/06/2026 23:00,48289.05,52152.18,227
J100025,29/06/2026 23:30,48289.27,52152.41,228
J100025,30/06/2026 00:00,48289.48,52152.64,230
J100025,30/06/2026 00:30,48289.69,52152.87,221
J100025,30/06/2026 01:00,48289.9,52153.1,220
J100025,30/06/2026 01:30,48290.12,52153.32,239
J100025,30/06/2026 02:00,48290.33,52153.55,235
J100025,30/06/2026 02:30,48290.54,52153.78,230
J100025,30/06/2026 03:00,48290.75,52154.01,234
J100025,30/06/2026 03:30,48290.96,52154.24,229
J100025,30/06/2026 04:00,48291.18,52154.47,223
J100025,30/06/2026 04:30,48291.39,52154.7,239
J100025,30/06/2026 05:00,48291.6,52154.93,238
J100025,30/06/2026 05:30,48291.81,52155.16,223
J100025,30/06/2026 06:00,48292.02,52155.39,222
J100025,30/06/2026 06:30,48292.24,52155.62,236
J100025,30/06/2026 07:00,48292.45,52155.84,229
J100025,30/06/2026 07:30,48292.66,52156.07,222
J100025,30/06/2026 08:00,48292.87,52156.3,235
J100025,30/06/2026 08:30,48293.09,52156.53,238
J100025,30/06/2026 09:00,48293.3,52156.76,220
J100025,30/06/2026 09:30,48293.51,52156.99,222
J100025,30/06/2026 10:00,48293.72,52157.22,233
J100025,30/06/2026 10:30,48293.93,52157.45,224
J100025,30/06/2026 11:00,48294.15,52157.68,221
J100025,30/06/2026 11:30,48294.36,52157.91,237
J100025,30/06/2026 12:00,48294.57,52158.14,222
J100025,30/06/2026 12:30,48294.78,52158.36,226
J100025,30/06/2026 13:00,48294.99,52158.59,224
J100025,30/06/2026 13:30,48295.21,52158.82,230
J100025,30/06/2026 14:00,48295.42,52159.05,221
J100025,30/06/2026 14:30,48295.63,52159.28,236
J100025,30/06/2026 15:00,48295.84,52159.51,232
J100025,30/06/2026 15:30,48296.05,52159.74,225
J100025,30/06/2026 16:00,48296.27,52159.97,230
J100025,30/06/2026 16:30,48296.48,52160.2,228
J100025,30/06/2026 17:00,48296.69,52160.43,226
J100025,30/06/2026 17:30,48296.9,52160.66,226
J100025,30/06/2026 18:00,48297.12,52160.88,234
J100025,30/06/2026 18:30,48297.33,52161.11,228
J100025,30/06/2026 19:00,48297.54,52161.34,223
J100025,30/06/2026 19:30,48297.75,52161.57,228
J100025,30/06/2026 20:00,48297.96,52161.8,229
J100025,30/06/2026 20:30,48298.18,52162.03,234
J100025,30/06/2026 21:00,48298.39,52162.26,224
J100025,30/06/2026 21:30,48298.6,52162.49,239
J100025,30/06/2026 22:00,48298.81,52162.72,220
J100025,30/06/2026 22:30,48299.02,52162.95,239
J100025,30/06/2026 23:00,48299.24,52163.18,234
J100025,30/06/2026 23:30,48299.45,52163.4,234
J100026,23/06/2026 23:30,18401.18,19873.28,227
J100026,24/06/2026 00:00,18401.49,19873.61,224
J100026,24/06/2026 00:30,18401.8,19873.95,229
J100026,24/06/2026 01:00,18402.11,19874.28,222
J100026,24/06/2026 01:30,18402.42,19874.61,238
J100026,24/06/2026 02:00,18402.73,19874.95,228
J100026,24/06/2026 02:30,18403.04,19875.28,237
J100026,24/06/2026 03:00,18403.35,19875.61,232
J100026,24/06/2026 03:30,18403.66,19875.95,232
J100026,24/06/2026 04:00,18403.96,19876.28,236
J100026,24/06/2026 04:30,18404.27,19876.62,226
J100026,24/06/2026 05:00,18404.58,19876.95,229
J100026,24/06/2026 05:30,18404.89,19877.28,226
J100026,24/06/2026 06:00,18405.2,19877.62,238
J100026,24/06/2026 06:30,18405.51,19877.95,225
J100026,24/06/2026 07:00,18405.82,19878.28,233
J100026,24/06/2026 07:30,18406.13,19878.62,236
J100026,24/06/2026 08:00,18406.44,19878.95,231
J100026,24/06/2026 08:30,18406.75,19879.29,235
J100026,24/06/2026 09:00,18407.06,19879.62,235
J100026,24/06/2026 09:30,18407.36,19879.95,227
J100026,24/06/2026 10:00,18407.67,19880.29,233
J100026,24/06/2026 10:30,18407.98,19880.62,229
J100026,24/06/2026 11:00,18408.29,19880.95,228
J100026,24/06/2026 11:30,18408.6,19881.29,236
J100026,24/06/2026 12:00,18408.91,19881.62,239
J100026,24/06/2026 12:30,18409.22,19881.96,226
J100026,24/06/2026 13:00,18409.53,19882.29,225
J100026,24/06/2026 13:30,18409.84,19882.62,233
J100026,24/06/2026 14:00,18410.15,19882.96,220
J100026,24/06/2026 14:30,18410.45,19883.29,224
J100026,24/06/2026 15:00,18410.76,19883.63,235
J100026,24/06/2026 15:30,18411.07,19883.96,224
J100026,24/06/2026 16:00,18411.38,19884.29,224
J100026,24/06/2026 16:30,18411.69,19884.63,228
J100026,24/06/2026 17:00,18412,19884.96,228
J100026,24/06/2026 17:30,18412.31,19885.29,238
J100026,24/06/2026 18:00,18412.62,19885.63,237
J100026,24/06/2026 18:30,18412.93,19885.96,239
J100026,24/06/2026 19:00,18413.24,19886.3,224
J100026,24/06/2026 19:30,18413.55,19886.63,231
J100026,24/06/2026 20:00,18413.85,19886.96,237
J100026,24/06/2026 20:30,18414.16,19887.3,239
J100026,24/06/2026 21:00,18414.47,19887.63,235
J100026,24/06/2026 21:30,18414.78,19887.96,227
J100026,24/06/2026 22:00,18415.09,19888.3,239
J100026,24/06/2026 22:30,18415.4,19888.63,221
J100026,24/06/2026 23:00,18415.71,19888.97,239
J100026,24/06/2026 23:30,18416.02,19889.3,234
J100026,25/06/2026 00:00,18416.33,19889.63,239
J100026,25/06/2026 00:30,18416.64,19889.97,232
J100026,25/06/2026 01:00,18416.94,19890.3,228
J100026,25/06/2026 01:30,18417.25,19890.63,238
J100026,25/06/2026 02:00,18417.56,19890.97,238
J100026,25/06/2026 02:30,18417.87,19891.3,222
J100026,25/06/2026 03:00,18418.18,19891.64,234
J100026,25/06/2026 03:30,18418.49,19891.97,228
J100026,25/06/2026 04:00,18418.8,19892.3,225
J100026,25/06/2026 04:30,18419.11,19892.64,239
J100026,25/06/2026 05:00,18419.42,19892.97,222
J100026,25/06/2026 05:30,18419.73,19893.3,226
J100026,25/06/2026 06:00,18420.04,19893.64,228
J100026,25/06/2026 06:30,18420.34,19893.97,234
J100026,25/06/2026 07:00,18420.65,19894.31,232
J100026,25/06/2026 07:30,18420.96,19894.64,224
J100026,25/06/2026 08:00,18421.27,19894.97,224
J100026,25/06/2026 08:30,18421.58,19895.31,222
J100026,25/06/2026 09:00,18421.89,19895.64,239
J100026,25/06/2026 09:30,18422.2,19895.97,232
J100026,25/06/2026 10:00,18422.51,19896.31,238
J100026,25/06/2026 10:30,18422.82,19896.64,225
J100026,25/06/2026 11:00,18423.13,19896.98,221
J100026,25/06/2026 11:30,18423.43,19897.31,236
J100026,25/06/2026 12:00,18423.74,19897.64,233
J100026,25/06/2026 12:30,18424.05,19897.98,238
J100026,25/06/2026 13:00,18424.36,19898.31,235
J100026,25/06/2026 13:30,18424.67,19898.64,223
J100026,25/06/2026 14:00,18424.98,19898.98,236
J100026,25/06/2026 14:30,18425.29,19899.31,227
J100026,25/06/2026 15:00,18425.6,19899.65,228
J100026,25/06/2026 15:30,18425.91,19899.98,223
J100026,25/06/2026 16:00,18426.22,19900.31,230
J100026,25/06/2026 16:30,18426.53,19900.65,228
J100026,25/06/2026 17:00,18426.83,19900.98,220
J100026,25/06/2026 17:30,18427.14,19901.31,229
J100026,25/06/2026 18:00,18427.45,19901.65,226
J100026,25/06/2026 18:30,18427.76,19901.98,239
J100026,25/06/2026 19:00,18428.07,19902.32,234
J100026,25/06/2026 19:30,18428.38,19902.65,231
J100026,25/06/2026 20:00,18428.69,19902.98,237
J100026,25/06/2026 20:30,18429,19903.32,232
J100026,25/06/2026 21:00,18429.31,19903.65,224
J100026,25/06/2026 21:30,18429.62,19903.98,234
J100026,25/06/2026 22:00,18429.92,19904.32,225
J100026,25/06/2026 22:30,18430.23,19904.65,236
J100026,25/06/2026 23:00,18430.54,19904.99,229
J100026,25/06/2026 23:30,18430.85,19905.32,227
J100026,26/06/2026 00:00,18431.16,19905.65,226
J100026,26/06/2026 00:30,18431.47,19905.99,231
J100026,26/06/2026 01:00,18431.78,19906.32,225
J100026,26/06/2026 01:30,18432.09,19906.65,236
J100026,26/06/2026 02:00,18432.4,19906.99,227
J100026,26/06/2026 02:30,18432.71,19907.32,240
J100026,26/06/2026 03:00,18433.02,19907.66,238
J100026,26/06/2026 03:30,18433.32,19907.99,233
J100026,26/06/2026 04:00,18433.63,19908.32,231
J100026,26/06/2026 04:30,18433.94,19908.66,231
J100026,26/06/2026 05:00,18434.25,19908.99,233
J100026,26/06/2026 05:30,18434.56,19909.33,230
J100026,26/06/2026 06:00,18434.87,19909.66,226
J100026,26/06/2026 06:30,18435.18,19909.99,226
J100026,26/06/2026 07:00,18435.49,19910.33,231
J100026,26/06/2026 07:30,18435.8,19910.66,231
J100026,26/06/2026 08:00,18436.11,19910.99,226
J100026,26/06/2026 08:30,18436.41,19911.33,227
J100026,26/06/2026 09:00,18436.72,19911.66,221
J100026,26/06/2026 09:30,18437.03,19912,222
J100026,26/06/2026 10:00,18437.34,19912.33,237
J100026,26/06/2026 10:30,18437.65,19912.66,224
J100026,26/06/2026 11:00,18437.96,19913,231
J100026,26/06/2026 11:30,18438.27,19913.33,222
J100026,26/06/2026 12:00,18438.58,19913.66,233
J100026,26/06/2026 12:30,18438.89,19914,230
J100026,26/06/2026 13:00,18439.2,19914.33,229
J100026,26/06/2026 13:30,18439.5,19914.67,230
J100026,26/06/2026 14:00,18439.81,19915,221
J100026,26/06/2026 14:30,18440.12,19915.33,227
J100026,26/06/2026 15:00,18440.43,19915.67,226
J100026,26/06/2026 15:30,18440.74,19916,222
J100026,26/06/2026 16:00,18441.05,19916.33,234
J100026,26/06/2026 16:30,18441.36,19916.67,238
J100026,26/06/2026 17:00,18441.67,19917,224
J100026,26/06/2026 17:30,18441.98,19917.34,235
J100026,26/06/2026 18:00,18442.29,19917.67,238
J100026,26/06/2026 18:30,18442.6,19918,234
J100026,26/06/2026 19:00,18442.9,19918.34,224
J100026,26/06/2026 19:30,18443.21,19918.67,231
J100026,26/06/2026 20:00,18443.52,19919,233
J100026,26/06/2026 20:30,18443.83,19919.34,221
J100026,26/06/2026 21:00,18444.14,19919.67,240
J100026,26/06/2026 21:30,18444.45,19920.01,224
J100026,26/06/2026 22:00,18444.76,19920.34,221
J100026,26/06/2026 22:30,18445.07,19920.67,220
J100026,26/06/2026 23:00,18445.38,19921.01,223
J100026,26/06/2026 23:30,18445.69,19921.34,232
J100026,27/06/2026 00:00,18445.99,19921.67,236
J100026,27/06/2026 00:30,18446.3,19922.01,233
J100026,27/06/2026 01:00,18446.61,19922.34,222
J100026,27/06/2026 01:30,18446.92,19922.68,232
J100026,27/06/2026 02:00,18447.23,19923.01,235
J100026,27/06/2026 02:30,18447.54,19923.34,222
J100026,27/06/2026 03:00,18447.85,19923.68,239
J100026,27/06/2026 03:30,18448.16,19924.01,230
J100026,27/06/2026 04:00,18448.47,19924.34,226
J100026,27/06/2026 04:30,18448.78,19924.68,230
J100026,27/06/2026 05:00,18449.09,19925.01,234
J100026,27/06/2026 05:30,18449.39,19925.35,231
J100026,27/06/2026 06:00,18449.7,19925.68,239
J100026,27/06/2026 06:30,18450.01,19926.01,233
J100026,27/06/2026 07:00,18450.32,19926.35,229
J100026,27/06/2026 07:30,18450.63,19926.68,231
J100026,27/06/2026 08:00,18450.94,19927.01,232
J100026,27/06/2026 08:30,18451.25,19927.35,234
J100026,27/06/2026 09:00,18451.56,19927.68,234
J100026,27/06/2026 09:30,18451.87,19928.02,228
J100026,27/06/2026 10:00,18452.18,19928.35,226
J100026,27/06/2026 10:30,18452.48,19928.68,228
J100026,27/06/2026 11:00,18452.79,19929.02,221
J100026,27/06/2026 11:30,18453.1,19929.35,222
J100026,27/06/2026 12:00,18453.41,19929.68,237
J100026,27/06/2026 12:30,18453.72,19930.02,236
J100026,27/06/2026 13:00,18454.03,19930.35,235
J100026,27/06/2026 13:30,18454.34,19930.69,232
J100026,27/06/2026 14:00,18454.65,19931.02,221
J100026,27/06/2026 14:30,18454.96,19931.35,229
J100026,27/06/2026 15:00,18455.27,19931.69,237
J100026,27/06/2026 15:30,18455.58,19932.02,232
J100026,27/06/2026 16:00,18455.88,19932.35,234
J100026,27/06/2026 16:30,18456.19,19932.69,234
J100026,27/06/2026 17:00,18456.5,19933.02,230
J100026,27/06/2026 17:30,18456.81,19933.36,226
J100026,27/06/2026 18:00,18457.12,19933.69,224
J100026,27/06/2026 18:30,18457.43,19934.02,224
J100026,27/06/2026 19:00,18457.74,19934.36,239
J100026,27/06/2026 19:30,18458.05,19934.69,225
J100026,27/06/2026 20:00,18458.36,19935.03,239
J100026,27/06/2026 20:30,18458.67,19935.36,231
J100026,27/06/2026 21:00,18458.97,19935.69,223
J100026,27/06/2026 21:30,18459.28,19936.03,221
J100026,27/06/2026 22:00,18459.59,19936.36,226
J100026,27/06/2026 22:30,18459.9,19936.69,230
J100026,27/06/2026 23:00,18460.21,19937.03,221
J100026,27/06/2026 23:30,18460.52,19937.36,236
J100026,28/06/2026 00:00,18460.83,19937.7,238
J100026,28/06/2026 00:30,18461.14,19938.03,232
J100026,28/06/2026 01:00,18461.45,19938.36,234
J100026,28/06/2026 01:30,18461.76,19938.7,229
J100026,28/06/2026 02:00,18462.07,19939.03,228
J100026,28/06/2026 02:30,18462.37,19939.36,228
J100026,28/06/2026 03:00,18462.68,19939.7,233
J100026,28/06/2026 03:30,18462.99,19940.03,228
J100026,28/06/2026 04:00,18463.3,19940.37,224
J100026,28/06/2026 04:30,18463.61,19940.7,224
J100026,28/06/2026 05:00,18463.92,19941.03,228
J100026,28/06/2026 05:30,18464.23,19941.37,227
J100026,28/06/2026 06:00,18464.54,19941.7,233
J100026,28/06/2026 06:30,18464.85,19942.03,230
J100026,28/06/2026 07:00,18465.16,19942.37,228
J100026,28/06/2026 07:30,18465.46,19942.7,227
J100026,28/06/2026 08:00,18465.77,19943.04,237
J100026,28/06/2026 08:30,18466.08,19943.37,231
J100026,28/06/2026 09:00,18466.39,19943.7,225
J100026,28/06/2026 09:30,18466.7,19944.04,238
J100026,28/06/2026 10:00,18467.01,19944.37,232
J100026,28/06/2026 10:30,18467.32,19944.7,229
J100026,28/06/2026 11:00,18467.63,19945.04,237
J100026,28/06/2026 11:30,18467.94,19945.37,234
J100026,28/06/2026 12:00,18468.25,19945.71,236
J100026,28/06/2026 12:30,18468.55,19946.04,231
J100026,28/06/2026 13:00,18468.86,19946.37,235
J100026,28/06/2026 13:30,18469.17,19946.71,238
J100026,28/06/2026 14:00,18469.48,19947.04,232
J100026,28/06/2026 14:30,18469.79,19947.37,230
J100026,28/06/2026 15:00,18470.1,19947.71,234
J100026,28/06/2026 15:30,18470.41,19948.04,234
J100026,28/06/2026 16:00,18470.72,19948.38,225
J100026,28/06/2026 16:30,18471.03,19948.71,227
J100026,28/06/2026 17:00,18471.34,19949.04,228
J100026,28/06/2026 17:30,18471.65,19949.38,240
J100026,28/06/2026 18:00,18471.95,19949.71,237
J100026,28/06/2026 18:30,18472.26,19950.04,221
J100026,28/06/2026 19:00,18472.57,19950.38,229
J100026,28/06/2026 19:30,18472.88,19950.71,239
J100026,28/06/2026 20:00,18473.19,19951.05,225
J100026,28/06/2026 20:30,18473.5,19951.38,233
J100026,28/06/2026 21:00,18473.81,19951.71,224
J100026,28/06/2026 21:30,18474.12,19952.05,225
J100026,28/06/2026 22:00,18474.43,19952.38,234
J100026,28/06/2026 22:30,18474.74,19952.71,226
J100026,28/06/2026 23:00,18475.04,19953.05,237
J100026,28/06/2026 23:30,18475.35,19953.38,232
J100026,29/06/2026 00:00,18475.66,19953.72,231
J100026,29/06/2026 00:30,18475.97,19954.05,237
J100026,29/06/2026 01:00,18476.28,19954.38,240
J100026,29/06/2026 01:30,18476.59,19954.72,224
J100026,29/06/2026 02:00,18476.9,19955.05,233
J100026,29/06/2026 02:30,18477.21,19955.38,223
J100026,29/06/2026 03:00,18477.52,19955.72,240
J100026,29/06/2026 03:30,18477.83,19956.05,232
J100026,29/06/2026 04:00,18478.14,19956.39,233
J100026,29/06/2026 04:30,18478.44,19956.72,232
J100026,29/06/2026 05:00,18478.75,19957.05,228
J100026,29/06/2026 05:30,18479.06,19957.39,230
J100026,29/06/2026 06:00,18479.37,19957.72,231
J100026,29/06/2026 06:30,18479.68,19958.05,238
J100026,29/06/2026 07:00,18479.99,19958.39,231
J100026,29/06/2026 07:30,18480.3,19958.72,227
J100026,29/06/2026 08:00,18480.61,19959.06,234
J100026,29/06/2026 08:30,18480.92,19959.39,234
J100026,29/06/2026 09:00,18481.23,19959.72,224
J100026,29/06/2026 09:30,18481.53,19960.06,226
J100026,29/06/2026 10:00,18481.84,19960.39,220
J100026,29/06/2026 10:30,18482.15,19960.73,222
J100026,29/06/2026 11:00,18482.46,19961.06,229
J100026,29/06/2026 11:30,18482.77,19961.39,236
J100026,29/06/2026 12:00,18483.08,19961.73,227
J100026,29/06/2026 12:30,18483.39,19962.06,227
J100026,29/06/2026 13:00,18483.7,19962.39,238
J100026,29/06/2026 13:30,18484.01,19962.73,233
J100026,29/06/2026 14:00,18484.32,19963.06,231
J100026,29/06/2026 14:30,18484.63,19963.4,233
J100026,29/06/2026 15:00,18484.93,19963.73,228
J100026,29/06/2026 15:30,18485.24,19964.06,229
J100026,29/06/2026 16:00,18485.55,19964.4,238
J100026,29/06/2026 16:30,18485.86,19964.73,238
J100026,29/06/2026 17:00,18486.17,19965.06,222
J100026,29/06/2026 17:30,18486.48,19965.4,222
J100026,29/06/2026 18:00,18486.79,19965.73,230
J100026,29/06/2026 18:30,18487.1,19966.07,228
J100026,29/06/2026 19:00,18487.41,19966.4,234
J100026,29/06/2026 19:30,18487.72,19966.73,236
J100026,29/06/2026 20:00,18488.02,19967.07,233
J100026,29/06/2026 20:30,18488.33,19967.4,231
J100026,29/06/2026 21:00,18488.64,19967.73,235
J100026,29/06/2026 21:30,18488.95,19968.07,227
J100026,29/06/2026 22:00,18489.26,19968.4,230
J100026,29/06/2026 22:30,18489.57,19968.74,223
J100026,29/06/2026 23:00,18489.88,19969.07,227
J100026,29/06/2026 23:30,18490.19,19969.4,233
J100026,30/06/2026 00:00,18490.5,19969.74,228
J100026,30/06/2026 00:30,18490.81,19970.07,225
J100026,30/06/2026 01:00,18491.12,19970.4,222
J100026,30/06/2026 01:30,18491.42,19970.74,224
J100026,30/06/2026 02:00,18491.73,19971.07,231
J100026,30/06/2026 02:30,18492.04,19971.41,232
J100026,30/06/2026 03:00,18492.35,19971.74,237
J100026,30/06/2026 03:30,18492.66,19972.07,220
J100026,30/06/2026 04:00,18492.97,19972.41,236
J100026,30/06/2026 04:30,18493.28,19972.74,237
J100026,30/06/2026 05:00,18493.59,19973.07,236
J100026,30/06/2026 05:30,18493.9,19973.41,224
J100026,30/06/2026 06:00,18494.21,19973.74,227
J100026,30/06/2026 06:30,18494.51,19974.08,231
J100026,30/06/2026 07:00,18494.82,19974.41,238
J100026,30/06/2026 07:30,18495.13,19974.74,224
J100026,30/06/2026 08:00,18495.44,19975.08,234
J100026,30/06/2026 08:30,18495.75,19975.41,232
J100026,30/06/2026 09:00,18496.06,19975.74,238
J100026,30/06/2026 09:30,18496.37,19976.08,231
J100026,30/06/2026 10:00,18496.68,19976.41,236
J100026,30/06/2026 10:30,18496.99,19976.75,221
J100026,30/06/2026 11:00,18497.3,19977.08,227
J100026,30/06/2026 11:30,18497.61,19977.41,221
J100026,30/06/2026 12:00,18497.91,19977.75,237
J100026,30/06/2026 12:30,18498.22,19978.08,231
J100026,30/06/2026 13:00,18498.53,19978.41,237
J100026,30/06/2026 13:30,18498.84,19978.75,232
J100026,30/06/2026 14:00,18499.15,19979.08,229
J100026,30/06/2026 14:30,18499.46,19979.42,240
J100026,30/06/2026 15:00,18499.77,19979.75,236
J100026,30/06/2026 15:30,18500.08,19980.08,231
J100026,30/06/2026 16:00,18500.39,19980.42,226
J100026,30/06/2026 16:30,18500.7,19980.75,233
J100026,30/06/2026 17:00,18501,19981.08,235
J100026,30/06/2026 17:30,18501.31,19981.42,222
J100026,30/06/2026 18:00,18501.62,19981.75,230
J100026,30/06/2026 18:30,18501.93,19982.09,224
J100026,30/06/2026 19:00,18502.24,19982.42,222
J100026,30/06/2026 19:30,18502.55,19982.75,237
J100026,30/06/2026 20:00,18502.86,19983.09,228
J100026,30/06/2026 20:30,18503.17,19983.42,237
J100026,30/06/2026 21:00,18503.48,19983.75,238
J100026,30/06/2026 21:30,18503.79,19984.09,221
J100026,30/06/2026 22:00,18504.09,19984.42,223
J100026,30/06/2026 22:30,18504.4,19984.76,234
J100026,30/06/2026 23:00,18504.71,19985.09,236
J100026,30/06/2026 23:30,18505.02,19985.42,224
J100027,23/06/2026 23:30,18821.57,20327.3,228
J100027,24/06/2026 00:00,18821.92,20327.68,221
J100027,24/06/2026 00:30,18822.28,20328.06,229
J100027,24/06/2026 01:00,18822.63,20328.44,234
J100027,24/06/2026 01:30,18822.98,20328.82,239
J100027,24/06/2026 02:00,18823.33,20329.19,227
J100027,24/06/2026 02:30,18823.68,20329.57,239
J100027,24/06/2026 03:00,18824.03,20329.95,240
J100027,24/06/2026 03:30,18824.38,20330.33,230
J100027,24/06/2026 04:00,18824.73,20330.71,233
J100027,24/06/2026 04:30,18825.08,20331.09,236
J100027,24/06/2026 05:00,18825.43,20331.47,236
J100027,24/06/2026 05:30,18825.79,20331.85,228
J100027,24/06/2026 06:00,18826.14,20332.23,226
J100027,24/06/2026 06:30,18826.49,20332.61,228
J100027,24/06/2026 07:00,18826.84,20332.99,222
J100027,24/06/2026 07:30,18827.19,20333.37,228
J100027,24/06/2026 08:00,18827.54,20333.74,237
J100027,24/06/2026 08:30,18827.89,20334.12,231
J100027,24/06/2026 09:00,18828.24,20334.5,228
J100027,24/06/2026 09:30,18828.59,20334.88,229
J100027,24/06/2026 10:00,18828.95,20335.26,233
J100027,24/06/2026 10:30,18829.3,20335.64,235
J100027,24/06/2026 11:00,18829.65,20336.02,232
J100027,24/06/2026 11:30,18830,20336.4,225
J100027,24/06/2026 12:00,18830.35,20336.78,221
J100027,24/06/2026 12:30,18830.7,20337.16,225
J100027,24/06/2026 13:00,18831.05,20337.54,224
J100027,24/06/2026 13:30,18831.4,20337.91,220
J100027,24/06/2026 14:00,18831.75,20338.29,238
J100027,24/06/2026 14:30,18832.1,20338.67,231
J100027,24/06/2026 15:00,18832.46,20339.05,239
J100027,24/06/2026 15:30,18832.81,20339.43,235
J100027,24/06/2026 16:00,18833.16,20339.81,228
J100027,24/06/2026 16:30,18833.51,20340.19,221
J100027,24/06/2026 17:00,18833.86,20340.57,221
J100027,24/06/2026 17:30,18834.21,20340.95,222
J100027,24/06/2026 18:00,18834.56,20341.33,231
J100027,24/06/2026 18:30,18834.91,20341.71,221
J100027,24/06/2026 19:00,18835.26,20342.09,225
J100027,24/06/2026 19:30,18835.62,20342.46,232
J100027,24/06/2026 20:00,18835.97,20342.84,230
J100027,24/06/2026 20:30,18836.32,20343.22,227
J100027,24/06/2026 21:00,18836.67,20343.6,227
J100027,24/06/2026 21:30,18837.02,20343.98,224
J100027,24/06/2026 22:00,18837.37,20344.36,223
J100027,24/06/2026 22:30,18837.72,20344.74,229
J100027,24/06/2026 23:00,18838.07,20345.12,225
J100027,24/06/2026 23:30,18838.42,20345.5,221
J100027,25/06/2026 00:00,18838.77,20345.88,238
J100027,25/06/2026 00:30,18839.13,20346.26,224
J100027,25/06/2026 01:00,18839.48,20346.64,230
J100027,25/06/2026 01:30,18839.83,20347.01,224
J100027,25/06/2026 02:00,18840.18,20347.39,238
J100027,25/06/2026 02:30,18840.53,20347.77,228
J100027,25/06/2026 03:00,18840.88,20348.15,224
J100027,25/06/2026 03:30,18841.23,20348.53,235
J100027,25/06/2026 04:00,18841.58,20348.91,226
J100027,25/06/2026 04:30,18841.93,20349.29,232
J100027,25/06/2026 05:00,18842.29,20349.67,234
J100027,25/06/2026 05:30,18842.64,20350.05,240
J100027,25/06/2026 06:00,18842.99,20350.43,230
J100027,25/06/2026 06:30,18843.34,20350.81,228
J100027,25/06/2026 07:00,18843.69,20351.19,239
J100027,25/06/2026 07:30,18844.04,20351.56,222
J100027,25/06/2026 08:00,18844.39,20351.94,238
J100027,25/06/2026 08:30,18844.74,20352.32,226
J100027,25/06/2026 09:00,18845.09,20352.7,226
J100027,25/06/2026 09:30,18845.45,20353.08,221
J100027,25/06/2026 10:00,18845.8,20353.46,235
J100027,25/06/2026 10:30,18846.15,20353.84,229
J100027,25/06/2026 11:00,18846.5,20354.22,227
J100027,25/06/2026 11:30,18846.85,20354.6,239
J100027,25/06/2026 12:00,18847.2,20354.98,228
J100027,25/06/2026 12:30,18847.55,20355.36,238
J100027,25/06/2026 13:00,18847.9,20355.73,230
J100027,25/06/2026 13:30,18848.25,20356.11,222
J100027,25/06/2026 14:00,18848.6,20356.49,221
J100027,25/06/2026 14:30,18848.96,20356.87,234
J100027,25/06/2026 15:00,18849.31,20357.25,237
J100027,25/06/2026 15:30,18849.66,20357.63,225
J100027,25/06/2026 16:00,18850.01,20358.01,227
J100027,25/06/2026 16:30,18850.36,20358.39,235
J100027,25/06/2026 17:00,18850.71,20358.77,225
J100027,25/06/2026 17:30,18851.06,20359.15,226
J100027,25/06/2026 18:00,18851.41,20359.53,235
J100027,25/06/2026 18:30,18851.76,20359.91,233
J100027,25/06/2026 19:00,18852.12,20360.28,232
J100027,25/06/2026 19:30,18852.47,20360.66,237
J100027,25/06/2026 20:00,18852.82,20361.04,224
J100027,25/06/2026 20:30,18853.17,20361.42,227
J100027,25/06/2026 21:00,18853.52,20361.8,232
J100027,25/06/2026 21:30,18853.87,20362.18,223
J100027,25/06/2026 22:00,18854.22,20362.56,231
J100027,25/06/2026 22:30,18854.57,20362.94,225
J100027,25/06/2026 23:00,18854.92,20363.32,232
J100027,25/06/2026 23:30,18855.27,20363.7,236
J100027,26/06/2026 00:00,18855.63,20364.08,224
J100027,26/06/2026 00:30,18855.98,20364.46,235
J100027,26/06/2026 01:00,18856.33,20364.83,235
J100027,26/06/2026 01:30,18856.68,20365.21,226
J100027,26/06/2026 02:00,18857.03,20365.59,239
J100027,26/06/2026 02:30,18857.38,20365.97,232
J100027,26/06/2026 03:00,18857.73,20366.35,232
J100027,26/06/2026 03:30,18858.08,20366.73,238
J100027,26/06/2026 04:00,18858.43,20367.11,236
J100027,26/06/2026 04:30,18858.79,20367.49,236
J100027,26/06/2026 05:00,18859.14,20367.87,239
J100027,26/06/2026 05:30,18859.49,20368.25,224
J100027,26/06/2026 06:00,18859.84,20368.63,222
J100027,26/06/2026 06:30,18860.19,20369,238
J100027,26/06/2026 07:00,18860.54,20369.38,229
J100027,26/06/2026 07:30,18860.89,20369.76,229
J100027,26/06/2026 08:00,18861.24,20370.14,224
J100027,26/06/2026 08:30,18861.59,20370.52,236
J100027,26/06/2026 09:00,18861.95,20370.9,236
J100027,26/06/2026 09:30,18862.3,20371.28,223
J100027,26/06/2026 10:00,18862.65,20371.66,230
J100027,26/06/2026 10:30,18863,20372.04,238
J100027,26/06/2026 11:00,18863.35,20372.42,232
J100027,26/06/2026 11:30,18863.7,20372.8,232
J100027,26/06/2026 12:00,18864.05,20373.18,222
J100027,26/06/2026 12:30,18864.4,20373.55,222
J100027,26/06/2026 13:00,18864.75,20373.93,238
J100027,26/06/2026 13:30,18865.1,20374.31,232
J100027,26/06/2026 14:00,18865.46,20374.69,227
J100027,26/06/2026 14:30,18865.81,20375.07,239
J100027,26/06/2026 15:00,18866.16,20375.45,230
J100027,26/06/2026 15:30,18866.51,20375.83,233
J100027,26/06/2026 16:00,18866.86,20376.21,230
J100027,26/06/2026 16:30,18867.21,20376.59,233
J100027,26/06/2026 17:00,18867.56,20376.97,232
J100027,26/06/2026 17:30,18867.91,20377.35,234
J100027,26/06/2026 18:00,18868.26,20377.73,232
J100027,26/06/2026 18:30,18868.62,20378.1,233
J100027,26/06/2026 19:00,18868.97,20378.48,233
J100027,26/06/2026 19:30,18869.32,20378.86,236
J100027,26/06/2026 20:00,18869.67,20379.24,224
J100027,26/06/2026 20:30,18870.02,20379.62,224
J100027,26/06/2026 21:00,18870.37,20380,225
J100027,26/06/2026 21:30,18870.72,20380.38,226
J100027,26/06/2026 22:00,18871.07,20380.76,225
J100027,26/06/2026 22:30,18871.42,20381.14,227
J100027,26/06/2026 23:00,18871.77,20381.52,229
J100027,26/06/2026 23:30,18872.13,20381.9,236
J100027,27/06/2026 00:00,18872.48,20382.28,223
J100027,27/06/2026 00:30,18872.83,20382.65,237
J100027,27/06/2026 01:00,18873.18,20383.03,227
J100027,27/06/2026 01:30,18873.53,20383.41,236
J100027,27/06/2026 02:00,18873.88,20383.79,224
J100027,27/06/2026 02:30,18874.23,20384.17,228
J100027,27/06/2026 03:00,18874.58,20384.55,235
J100027,27/06/2026 03:30,18874.93,20384.93,232
J100027,27/06/2026 04:00,18875.29,20385.31,232
J100027,27/06/2026 04:30,18875.64,20385.69,226
J100027,27/06/2026 05:00,18875.99,20386.07,232
J100027,27/06/2026 05:30,18876.34,20386.45,238
J100027,27/06/2026 06:00,18876.69,20386.82,234
J100027,27/06/2026 06:30,18877.04,20387.2,237
J100027,27/06/2026 07:00,18877.39,20387.58,221
J100027,27/06/2026 07:30,18877.74,20387.96,240
J100027,27/06/2026 08:00,18878.09,20388.34,239
J100027,27/06/2026 08:30,18878.45,20388.72,234
J100027,27/06/2026 09:00,18878.8,20389.1,225
J100027,27/06/2026 09:30,18879.15,20389.48,222
J100027,27/06/2026 10:00,18879.5,20389.86,227
J100027,27/06/2026 10:30,18879.85,20390.24,235
J100027,27/06/2026 11:00,18880.2,20390.62,227
J100027,27/06/2026 11:30,18880.55,20391,228
J100027,27/06/2026 12:00,18880.9,20391.37,227
J100027,27/06/2026 12:30,18881.25,20391.75,229
J100027,27/06/2026 13:00,18881.6,20392.13,221
J100027,27/06/2026 13:30,18881.96,20392.51,237
J100027,27/06/2026 14:00,18882.31,20392.89,225
J100027,27/06/2026 14:30,18882.66,20393.27,234
J100027,27/06/2026 15:00,18883.01,20393.65,225
J100027,27/06/2026 15:30,18883.36,20394.03,227
J100027,27/06/2026 16:00,18883.71,20394.41,227
J100027,27/06/2026 16:30,18884.06,20394.79,223
J100027,27/06/2026 17:00,18884.41,20395.17,224
J100027,27/06/2026 17:30,18884.76,20395.55,224
J100027,27/06/2026 18:00,18885.12,20395.92,238
J100027,27/06/2026 18:30,18885.47,20396.3,239
J100027,27/06/2026 19:00,18885.82,20396.68,233
J100027,27/06/2026 19:30,18886.17,20397.06,227
J100027,27/06/2026 20:00,18886.52,20397.44,229
J100027,27/06/2026 20:30,18886.87,20397.82,237
J100027,27/06/2026 21:00,18887.22,20398.2,221
J100027,27/06/2026 21:30,18887.57,20398.58,227
J100027,27/06/2026 22:00,18887.92,20398.96,229
J100027,27/06/2026 22:30,18888.27,20399.34,223
J100027,27/06/2026 23:00,18888.63,20399.72,230
J100027,27/06/2026 23:30,18888.98,20400.1,229
J100027,28/06/2026 00:00,18889.33,20400.47,226
J100027,28/06/2026 00:30,18889.68,20400.85,239
J100027,28/06/2026 01:00,18890.03,20401.23,229
J100027,28/06/2026 01:30,18890.38,20401.61,227
J100027,28/06/2026 02:00,18890.73,20401.99,229
J100027,28/06/2026 02:30,18891.08,20402.37,224
J100027,28/06/2026 03:00,18891.43,20402.75,224
J100027,28/06/2026 03:30,18891.79,20403.13,220
J100027,28/06/2026 04:00,18892.14,20403.51,224
J100027,28/06/2026 04:30,18892.49,20403.89,236
J100027,28/06/2026 05:00,18892.84,20404.27,233
J100027,28/06/2026 05:30,18893.19,20404.64,231
J100027,28/06/2026 06:00,18893.54,20405.02,229
J100027,28/06/2026 06:30,18893.89,20405.4,235
J100027,28/06/2026 07:00,18894.24,20405.78,228
J100027,28/06/2026 07:30,18894.59,20406.16,230
J100027,28/06/2026 08:00,18894.94,20406.54,235
J100027,28/06/2026 08:30,18895.3,20406.92,222
J100027,28/06/2026 09:00,18895.65,20407.3,223
J100027,28/06/2026 09:30,18896,20407.68,232
J100027,28/06/2026 10:00,18896.35,20408.06,226
J100027,28/06/2026 10:30,18896.7,20408.44,234
J100027,28/06/2026 11:00,18897.05,20408.82,220
J100027,28/06/2026 11:30,18897.4,20409.19,233
J100027,28/06/2026 12:00,18897.75,20409.57,231
J100027,28/06/2026 12:30,18898.1,20409.95,221
J100027,28/06/2026 13:00,18898.46,20410.33,226
J100027,28/06/2026 13:30,18898.81,20410.71,234
J100027,28/06/2026 14:00,18899.16,20411.09,225
J100027,28/06/2026 14:30,18899.51,20411.47,228
J100027,28/06/2026 15:00,18899.86,20411.85,229
J100027,28/06/2026 15:30,18900.21,20412.23,229
J100027,28/06/2026 16:00,18900.56,20412.61,235
J100027,28/06/2026 16:30,18900.91,20412.99,234
J100027,28/06/2026 17:00,18901.26,20413.37,235
J100027,28/06/2026 17:30,18901.62,20413.74,233
J100027,28/06/2026 18:00,18901.97,20414.12,222
J100027,28/06/2026 18:30,18902.32,20414.5,227
J100027,28/06/2026 19:00,18902.67,20414.88,229
J100027,28/06/2026 19:30,18903.02,20415.26,236
J100027,28/06/2026 20:00,18903.37,20415.64,220
J100027,28/06/2026 20:30,18903.72,20416.02,220
J100027,28/06/2026 21:00,18904.07,20416.4,238
J100027,28/06/2026 21:30,18904.42,20416.78,239
J100027,28/06/2026 22:00,18904.77,20417.16,223
J100027,28/06/2026 22:30,18905.13,20417.54,239
J100027,28/06/2026 23:00,18905.48,20417.91,229
J100027,28/06/2026 23:30,18905.83,20418.29,226
J100027,29/06/2026 00:00,18906.18,20418.67,233
J100027,29/06/2026 00:30,18906.53,20419.05,225
J100027,29/06/2026 01:00,18906.88,20419.43,237
J100027,29/06/2026 01:30,18907.23,20419.81,220
J100027,29/06/2026 02:00,18907.58,20420.19,239
J100027,29/06/2026 02:30,18907.93,20420.57,225
J100027,29/06/2026 03:00,18908.29,20420.95,239
J100027,29/06/2026 03:30,18908.64,20421.33,222
J100027,29/06/2026 04:00,18908.99,20421.71,223
J100027,29/06/2026 04:30,18909.34,20422.09,230
J100027,29/06/2026 05:00,18909.69,20422.46,229
J100027,29/06/2026 05:30,18910.04,20422.84,222
J100027,29/06/2026 06:00,18910.39,20423.22,237
J100027,29/06/2026 06:30,18910.74,20423.6,227
J100027,29/06/2026 07:00,18911.09,20423.98,236
J100027,29/06/2026 07:30,18911.44,20424.36,224
J100027,29/06/2026 08:00,18911.8,20424.74,232
J100027,29/06/2026 08:30,18912.15,20425.12,234
J100027,29/06/2026 09:00,18912.5,20425.5,220
J100027,29/06/2026 09:30,18912.85,20425.88,224
J100027,29/06/2026 10:00,18913.2,20426.26,232
J100027,29/06/2026 10:30,18913.55,20426.64,228
J100027,29/06/2026 11:00,18913.9,20427.01,229
J100027,29/06/2026 11:30,18914.25,20427.39,222
J100027,29/06/2026 12:00,18914.6,20427.77,228
J100027,29/06/2026 12:30,18914.96,20428.15,222
J100027,29/06/2026 13:00,18915.31,20428.53,233
J100027,29/06/2026 13:30,18915.66,20428.91,239
J100027,29/06/2026 14:00,18916.01,20429.29,229
J100027,29/06/2026 14:30,18916.36,20429.67,224
J100027,29/06/2026 15:00,18916.71,20430.05,220
J100027,29/06/2026 15:30,18917.06,20430.43,232
J100027,29/06/2026 16:00,18917.41,20430.81,230
J100027,29/06/2026 16:30,18917.76,20431.19,225
J100027,29/06/2026 17:00,18918.12,20431.56,232
J100027,29/06/2026 17:30,18918.47,20431.94,238
J100027,29/06/2026 18:00,18918.82,20432.32,226
J100027,29/06/2026 18:30,18919.17,20432.7,236
J100027,29/06/2026 19:00,18919.52,20433.08,230
J100027,29/06/2026 19:30,18919.87,20433.46,224
J100027,29/06/2026 20:00,18920.22,20433.84,224
J100027,29/06/2026 20:30,18920.57,20434.22,236
J100027,29/06/2026 21:00,18920.92,20434.6,228
J100027,29/06/2026 21:30,18921.27,20434.98,236
J100027,29/06/2026 22:00,18921.63,20435.36,237
J100027,29/06/2026 22:30,18921.98,20435.73,236
J100027,29/06/2026 23:00,18922.33,20436.11,228
J100027,29/06/2026 23:30,18922.68,20436.49,222
J100027,30/06/2026 00:00,18923.03,20436.87,225
J100027,30/06/2026 00:30,18923.38,20437.25,236
J100027,30/06/2026 01:00,18923.73,20437.63,221
J100027,30/06/2026 01:30,18924.08,20438.01,235
J100027,30/06/2026 02:00,18924.43,20438.39,238
J100027,30/06/2026 02:30,18924.79,20438.77,221
J100027,30/06/2026 03:00,18925.14,20439.15,233
J100027,30/06/2026 03:30,18925.49,20439.53,238
J100027,30/06/2026 04:00,18925.84,20439.91,230
J100027,30/06/2026 04:30,18926.19,20440.28,238
J100027,30/06/2026 05:00,18926.54,20440.66,222
J100027,30/06/2026 05:30,18926.89,20441.04,224
J100027,30/06/2026 06:00,18927.24,20441.42,224
J100027,30/06/2026 06:30,18927.59,20441.8,221
J100027,30/06/2026 07:00,18927.94,20442.18,223
J100027,30/06/2026 07:30,18928.3,20442.56,228
J100027,30/06/2026 08:00,18928.65,20442.94,240
J100027,30/06/2026 08:30,18929,20443.32,222
J100027,30/06/2026 09:00,18929.35,20443.7,229
J100027,30/06/2026 09:30,18929.7,20444.08,227
J100027,30/06/2026 10:00,18930.05,20444.46,229
J100027,30/06/2026 10:30,18930.4,20444.83,237
J100027,30/06/2026 11:00,18930.75,20445.21,232
J100027,30/06/2026 11:30,18931.1,20445.59,234
J100027,30/06/2026 12:00,18931.46,20445.97,232
J100027,30/06/2026 12:30,18931.81,20446.35,230
J100027,30/06/2026 13:00,18932.16,20446.73,228
J100027,30/06/2026 13:30,18932.51,20447.11,231
J100027,30/06/2026 14:00,18932.86,20447.49,223
J100027,30/06/2026 14:30,18933.21,20447.87,230
J100027,30/06/2026 15:00,18933.56,20448.25,225
J100027,30/06/2026 15:30,18933.91,20448.63,223
J100027,30/06/2026 16:00,18934.26,20449.01,237
J100027,30/06/2026 16:30,18934.62,20449.38,220
J100027,30/06/2026 17:00,18934.97,20449.76,239
J100027,30/06/2026 17:30,18935.32,20450.14,223
J100027,30/06/2026 18:00,18935.67,20450.52,234
J100027,30/06/2026 18:30,18936.02,20450.9,230
J100027,30/06/2026 19:00,18936.37,20451.28,231
J100027,30/06/2026 19:30,18936.72,20451.66,237
J100027,30/06/2026 20:00,18937.07,20452.04,240
J100027,30/06/2026 20:30,18937.42,20452.42,236
J100027,30/06/2026 21:00,18937.77,20452.8,225
J100027,30/06/2026 21:30,18938.13,20453.18,226
J100027,30/06/2026 22:00,18938.48,20453.55,235
J100027,30/06/2026 22:30,18938.83,20453.93,234
J100027,30/06/2026 23:00,18939.18,20454.31,233
J100027,30/06/2026 23:30,18939.53,20454.69,221
J100028,23/06/2026 23:30,34266.84,37008.18,226
J100028,24/06/2026 00:00,34267.17,37008.55,239
J100028,24/06/2026 00:30,34267.51,37008.91,227
J100028,24/06/2026 01:00,34267.85,37009.27,236
J100028,24/06/2026 01:30,34268.18,37009.64,235
J100028,24/06/2026 02:00,34268.52,37010,238
J100028,24/06/2026 02:30,34268.86,37010.36,236
J100028,24/06/2026 03:00,34269.19,37010.73,226
J100028,24/06/2026 03:30,34269.53,37011.09,237
J100028,24/06/2026 04:00,34269.87,37011.46,225
J100028,24/06/2026 04:30,34270.2,37011.82,229
J100028,24/06/2026 05:00,34270.54,37012.18,221
J100028,24/06/2026 05:30,34270.88,37012.55,234
J100028,24/06/2026 06:00,34271.21,37012.91,229
J100028,24/06/2026 06:30,34271.55,37013.27,232
J100028,24/06/2026 07:00,34271.89,37013.64,232
J100028,24/06/2026 07:30,34272.22,37014,237
J100028,24/06/2026 08:00,34272.56,37014.37,224
J100028,24/06/2026 08:30,34272.9,37014.73,222
J100028,24/06/2026 09:00,34273.23,37015.09,232
J100028,24/06/2026 09:30,34273.57,37015.46,223
J100028,24/06/2026 10:00,34273.91,37015.82,237
J100028,24/06/2026 10:30,34274.25,37016.18,232
J100028,24/06/2026 11:00,34274.58,37016.55,234
J100028,24/06/2026 11:30,34274.92,37016.91,238
J100028,24/06/2026 12:00,34275.26,37017.28,223
J100028,24/06/2026 12:30,34275.59,37017.64,221
J100028,24/06/2026 13:00,34275.93,37018,227
J100028,24/06/2026 13:30,34276.27,37018.37,235
J100028,24/06/2026 14:00,34276.6,37018.73,234
J100028,24/06/2026 14:30,34276.94,37019.09,232
J100028,24/06/2026 15:00,34277.28,37019.46,233
J100028,24/06/2026 15:30,34277.61,37019.82,223
J100028,24/06/2026 16:00,34277.95,37020.19,221
J100028,24/06/2026 16:30,34278.29,37020.55,238
J100028,24/06/2026 17:00,34278.62,37020.91,233
J100028,24/06/2026 17:30,34278.96,37021.28,225
J100028,24/06/2026 18:00,34279.3,37021.64,227
J100028,24/06/2026 18:30,34279.63,37022,228
J100028,24/06/2026 19:00,34279.97,37022.37,231
J100028,24/06/2026 19:30,34280.31,37022.73,228
J100028,24/06/2026 20:00,34280.64,37023.1,228
J100028,24/06/2026 20:30,34280.98,37023.46,239
J100028,24/06/2026 21:00,34281.32,37023.82,225
J100028,24/06/2026 21:30,34281.65,37024.19,238
J100028,24/06/2026 22:00,34281.99,37024.55,221
J100028,24/06/2026 22:30,34282.33,37024.91,240
J100028,24/06/2026 23:00,34282.67,37025.28,221
J100028,24/06/2026 23:30,34283,37025.64,227
J100028,25/06/2026 00:00,34283.34,37026.01,235
J100028,25/06/2026 00:30,34283.68,37026.37,237
J100028,25/06/2026 01:00,34284.01,37026.73,233
J100028,25/06/2026 01:30,34284.35,37027.1,223
J100028,25/06/2026 02:00,34284.69,37027.46,239
J100028,25/06/2026 02:30,34285.02,37027.82,229
J100028,25/06/2026 03:00,34285.36,37028.19,232
J100028,25/06/2026 03:30,34285.7,37028.55,230
J100028,25/06/2026 04:00,34286.03,37028.92,221
J100028,25/06/2026 04:30,34286.37,37029.28,232
J100028,25/06/2026 05:00,34286.71,37029.64,232
J100028,25/06/2026 05:30,34287.04,37030.01,237
J100028,25/06/2026 06:00,34287.38,37030.37,226
J100028,25/06/2026 06:30,34287.72,37030.73,228
J100028,25/06/2026 07:00,34288.05,37031.1,236
J100028,25/06/2026 07:30,34288.39,37031.46,225
J100028,25/06/2026 08:00,34288.73,37031.83,230
J100028,25/06/2026 08:30,34289.06,37032.19,233
J100028,25/06/2026 09:00,34289.4,37032.55,238
J100028,25/06/2026 09:30,34289.74,37032.92,229
J100028,25/06/2026 10:00,34290.07,37033.28,231
J100028,25/06/2026 10:30,34290.41,37033.64,229
J100028,25/06/2026 11:00,34290.75,37034.01,240
J100028,25/06/2026 11:30,34291.09,37034.37,228
J100028,25/06/2026 12:00,34291.42,37034.74,237
J100028,25/06/2026 12:30,34291.76,37035.1,226
J100028,25/06/2026 13:00,34292.1,37035.46,234
J100028,25/06/2026 13:30,34292.43,37035.83,221
J100028,25/06/2026 14:00,34292.77,37036.19,234
J100028,25/06/2026 14:30,34293.11,37036.55,239
J100028,25/06/2026 15:00,34293.44,37036.92,224
J100028,25/06/2026 15:30,34293.78,37037.28,233
J100028,25/06/2026 16:00,34294.12,37037.65,225
J100028,25/06/2026 16:30,34294.45,37038.01,227
J100028,25/06/2026 17:00,34294.79,37038.37,227
J100028,25/06/2026 17:30,34295.13,37038.74,239
J100028,25/06/2026 18:00,34295.46,37039.1,227
J100028,25/06/2026 18:30,34295.8,37039.46,235
J100028,25/06/2026 19:00,34296.14,37039.83,225
J100028,25/06/2026 19:30,34296.47,37040.19,220
J100028,25/06/2026 20:00,34296.81,37040.56,232
J100028,25/06/2026 20:30,34297.15,37040.92,231
J100028,25/06/2026 21:00,34297.48,37041.28,223
J100028,25/06/2026 21:30,34297.82,37041.65,225
J100028,25/06/2026 22:00,34298.16,37042.01,229
J100028,25/06/2026 22:30,34298.5,37042.37,224
J100028,25/06/2026 23:00,34298.83,37042.74,237
J100028,25/06/2026 23:30,34299.17,37043.1,229
J100028,26/06/2026 00:00,34299.51,37043.47,227
J100028,26/06/2026 00:30,34299.84,37043.83,239
J100028,26/06/2026 01:00,34300.18,37044.19,221
J100028,26/06/2026 01:30,34300.52,37044.56,231
J100028,26/06/2026 02:00,34300.85,37044.92,221
J100028,26/06/2026 02:30,34301.19,37045.28,236
J100028,26/06/2026 03:00,34301.53,37045.65,232
J100028,26/06/2026 03:30,34301.86,37046.01,226
J100028,26/06/2026 04:00,34302.2,37046.38,234
J100028,26/06/2026 04:30,34302.54,37046.74,227
J100028,26/06/2026 05:00,34302.87,37047.1,221
J100028,26/06/2026 05:30,34303.21,37047.47,236
J100028,26/06/2026 06:00,34303.55,37047.83,232
J100028,26/06/2026 06:30,34303.88,37048.19,228
J100028,26/06/2026 07:00,34304.22,37048.56,234
J100028,26/06/2026 07:30,34304.56,37048.92,240
J100028,26/06/2026 08:00,34304.89,37049.29,237
J100028,26/06/2026 08:30,34305.23,37049.65,233
J100028,26/06/2026 09:00,34305.57,37050.01,240
J100028,26/06/2026 09:30,34305.9,37050.38,237
J100028,26/06/2026 10:00,34306.24,37050.74,230
J100028,26/06/2026 10:30,34306.58,37051.1,228
J100028,26/06/2026 11:00,34306.92,37051.47,232
J100028,26/06/2026 11:30,34307.25,37051.83,231
J100028,26/06/2026 12:00,34307.59,37052.2,235
J100028,26/06/2026 12:30,34307.93,37052.56,229
J100028,26/06/2026 13:00,34308.26,37052.92,226
J100028,26/06/2026 13:30,34308.6,37053.29,223
J100028,26/06/2026 14:00,34308.94,37053.65,233
J100028,26/06/2026 14:30,34309.27,37054.01,230
J100028,26/06/2026 15:00,34309.61,37054.38,220
J100028,26/06/2026 15:30,34309.95,37054.74,226
J100028,26/06/2026 16:00,34310.28,37055.11,232
J100028,26/06/2026 16:30,34310.62,37055.47,227
J100028,26/06/2026 17:00,34310.96,37055.83,223
J100028,26/06/2026 17:30,34311.29,37056.2,229
J100028,26/06/2026 18:00,34311.63,37056.56,228
J100028,26/06/2026 18:30,34311.97,37056.92,224
J100028,26/06/2026 19:00,34312.3,37057.29,226
J100028,26/06/2026 19:30,34312.64,37057.65,233
J100028,26/06/2026 20:00,34312.98,37058.02,230
J100028,26/06/2026 20:30,34313.31,37058.38,224
J100028,26/06/2026 21:00,34313.65,37058.74,239
J100028,26/06/2026 21:30,34313.99,37059.11,231
J100028,26/06/2026 22:00,34314.33,37059.47,230
J100028,26/06/2026 22:30,34314.66,37059.83,227
J100028,26/06/2026 23:00,34315,37060.2,233
J100028,26/06/2026 23:30,34315.34,37060.56,240
J100028,27/06/2026 00:00,34315.67,37060.93,225
J100028,27/06/2026 00:30,34316.01,37061.29,228
J100028,27/06/2026 01:00,34316.35,37061.65,236
J100028,27/06/2026 01:30,34316.68,37062.02,230
J100028,27/06/2026 02:00,34317.02,37062.38,233
J100028,27/06/2026 02:30,34317.36,37062.74,231
J100028,27/06/2026 03:00,34317.69,37063.11,231
J100028,27/06/2026 03:30,34318.03,37063.47,236
J100028,27/06/2026 04:00,34318.37,37063.84,227
J100028,27/06/2026 04:30,34318.7,37064.2,231
J100028,27/06/2026 05:00,34319.04,37064.56,225
J100028,27/06/2026 05:30,34319.38,37064.93,235
J100028,27/06/2026 06:00,34319.71,37065.29,228
J100028,27/06/2026 06:30,34320.05,37065.65,223
J100028,27/06/2026 07:00,34320.39,37066.02,233
J100028,27/06/2026 07:30,34320.72,37066.38,222
J100028,27/06/2026 08:00,34321.06,37066.75,232
J100028,27/06/2026 08:30,34321.4,37067.11,235
J100028,27/06/2026 09:00,34321.73,37067.47,235
J100028,27/06/2026 09:30,34322.07,37067.84,232
J100028,27/06/2026 10:00,34322.41,37068.2,239
J100028,27/06/2026 10:30,34322.75,37068.56,220
J100028,27/06/2026 11:00,34323.08,37068.93,224
J100028,27/06/2026 11:30,34323.42,37069.29,231
J100028,27/06/2026 12:00,34323.76,37069.66,223
J100028,27/06/2026 12:30,34324.09,37070.02,237
J100028,27/06/2026 13:00,34324.43,37070.38,228
J100028,27/06/2026 13:30,34324.77,37070.75,232
J100028,27/06/2026 14:00,34325.1,37071.11,236
J100028,27/06/2026 14:30,34325.44,37071.47,232
J100028,27/06/2026 15:00,34325.78,37071.84,224
J100028,27/06/2026 15:30,34326.11,37072.2,231
J100028,27/06/2026 16:00,34326.45,37072.57,231
J100028,27/06/2026 16:30,34326.79,37072.93,237
J100028,27/06/2026 17:00,34327.12,37073.29,224
J100028,27/06/2026 17:30,34327.46,37073.66,225
J100028,27/06/2026 18:00,34327.8,37074.02,236
J100028,27/06/2026 18:30,34328.13,37074.38,228
J100028,27/06/2026 19:00,34328.47,37074.75,232
J100028,27/06/2026 19:30,34328.81,37075.11,224
J100028,27/06/2026 20:00,34329.14,37075.48,240
J100028,27/06/2026 20:30,34329.48,37075.84,225
J100028,27/06/2026 21:00,34329.82,37076.2,229
J100028,27/06/2026 21:30,34330.16,37076.57,236
J100028,27/06/2026 22:00,34330.49,37076.93,229
J100028,27/06/2026 22:30,34330.83,37077.29,226
J100028,27/06/2026 23:00,34331.17,37077.66,231
J100028,27/06/2026 23:30,34331.5,37078.02,230
J100028,28/06/2026 00:00,34331.84,37078.39,222
J100028,28/06/2026 00:30,34332.18,37078.75,232
J100028,28/06/2026 01:00,34332.51,37079.11,231
J100028,28/06/2026 01:30,34332.85,37079.48,229
J100028,28/06/2026 02:00,34333.19,37079.84,238
J100028,28/06/2026 02:30,34333.52,37080.2,230
J100028,28/06/2026 03:00,34333.86,37080.57,229
J100028,28/06/2026 03:30,34334.2,37080.93,235
J100028,28/06/2026 04:00,34334.53,37081.3,220
J100028,28/06/2026 04:30,34334.87,37081.66,240
J100028,28/06/2026 05:00,34335.21,37082.02,230
J100028,28/06/2026 05:30,34335.54,37082.39,234
J100028,28/06/2026 06:00,34335.88,37082.75,236
J100028,28/06/2026 06:30,34336.22,37083.11,227
J100028,28/06/2026 07:00,34336.55,37083.48,230
J100028,28/06/2026 07:30,34336.89,37083.84,223
J100028,28/06/2026 08:00,34337.23,37084.21,234
J100028,28/06/2026 08:30,34337.56,37084.57,224
J100028,28/06/2026 09:00,34337.9,37084.93,221
J100028,28/06/2026 09:30,34338.24,37085.3,240
J100028,28/06/2026 10:00,34338.58,37085.66,232
J100028,28/06/2026 10:30,34338.91,37086.02,225
J100028,28/06/2026 11:00,34339.25,37086.39,221
J100028,28/06/2026 11:30,34339.59,37086.75,226
J100028,28/06/2026 12:00,34339.92,37087.12,235
J100028,28/06/2026 12:30,34340.26,37087.48,220
J100028,28/06/2026 13:00,34340.6,37087.84,225
J100028,28/06/2026 13:30,34340.93,37088.21,231
J100028,28/06/2026 14:00,34341.27,37088.57,224
J100028,28/06/2026 14:30,34341.61,37088.94,222
J100028,28/06/2026 15:00,34341.94,37089.3,232
J100028,28/06/2026 15:30,34342.28,37089.66,230
J100028,28/06/2026 16:00,34342.62,37090.03,223
J100028,28/06/2026 16:30,34342.95,37090.39,238
J100028,28/06/2026 17:00,34343.29,37090.75,230
J100028,28/06/2026 17:30,34343.63,37091.12,230
J100028,28/06/2026 18:00,34343.96,37091.48,226
J100028,28/06/2026 18:30,34344.3,37091.85,237
J100028,28/06/2026 19:00,34344.64,37092.21,225
J100028,28/06/2026 19:30,34344.97,37092.57,236
J100028,28/06/2026 20:00,34345.31,37092.94,237
J100028,28/06/2026 20:30,34345.65,37093.3,230
J100028,28/06/2026 21:00,34345.98,37093.66,225
J100028,28/06/2026 21:30,34346.32,37094.03,227
J100028,28/06/2026 22:00,34346.66,37094.39,230
J100028,28/06/2026 22:30,34347,37094.76,231
J100028,28/06/2026 23:00,34347.33,37095.12,227
J100028,28/06/2026 23:30,34347.67,37095.48,237
J100028,29/06/2026 00:00,34348.01,37095.85,237
J100028,29/06/2026 00:30,34348.34,37096.21,238
J100028,29/06/2026 01:00,34348.68,37096.57,222
J100028,29/06/2026 01:30,34349.02,37096.94,233
J100028,29/06/2026 02:00,34349.35,37097.3,227
J100028,29/06/2026 02:30,34349.69,37097.67,223
J100028,29/06/2026 03:00,34350.03,37098.03,239
J100028,29/06/2026 03:30,34350.36,37098.39,235
J100028,29/06/2026 04:00,34350.7,37098.76,220
J100028,29/06/2026 04:30,34351.04,37099.12,228
J100028,29/06/2026 05:00,34351.37,37099.48,225
J100028,29/06/2026 05:30,34351.71,37099.85,235
J100028,29/06/2026 06:00,34352.05,37100.21,225
J100028,29/06/2026 06:30,34352.38,37100.58,222
J100028,29/06/2026 07:00,34352.72,37100.94,235
J100028,29/06/2026 07:30,34353.06,37101.3,222
J100028,29/06/2026 08:00,34353.39,37101.67,235
J100028,29/06/2026 08:30,34353.73,37102.03,240
J100028,29/06/2026 09:00,34354.07,37102.39,222
J100028,29/06/2026 09:30,34354.41,37102.76,236
J100028,29/06/2026 10:00,34354.74,37103.12,231
J100028,29/06/2026 10:30,34355.08,37103.49,237
J100028,29/06/2026 11:00,34355.42,37103.85,228
J100028,29/06/2026 11:30,34355.75,37104.21,227
J100028,29/06/2026 12:00,34356.09,37104.58,231
J100028,29/06/2026 12:30,34356.43,37104.94,232
J100028,29/06/2026 13:00,34356.76,37105.3,227
J100028,29/06/2026 13:30,34357.1,37105.67,224
J100028,29/06/2026 14:00,34357.44,37106.03,234
J100028,29/06/2026 14:30,34357.77,37106.4,224
J100028,29/06/2026 15:00,34358.11,37106.76,229
J100028,29/06/2026 15:30,34358.45,37107.12,240
J100028,29/06/2026 16:00,34358.78,37107.49,228
J100028,29/06/2026 16:30,34359.12,37107.85,230
J100028,29/06/2026 17:00,34359.46,37108.21,227
J100028,29/06/2026 17:30,34359.79,37108.58,233
J100028,29/06/2026 18:00,34360.13,37108.94,226
J100028,29/06/2026 18:30,34360.47,37109.31,230
J100028,29/06/2026 19:00,34360.8,37109.67,232
J100028,29/06/2026 19:30,34361.14,37110.03,236
J100028,29/06/2026 20:00,34361.48,37110.4,229
J100028,29/06/2026 20:30,34361.81,37110.76,221
J100028,29/06/2026 21:00,34362.15,37111.12,234
J100028,29/06/2026 21:30,34362.49,37111.49,236
J100028,29/06/2026 22:00,34362.83,37111.85,223
J100028,29/06/2026 22:30,34363.16,37112.22,239
J100028,29/06/2026 23:00,34363.5,37112.58,238
J100028,29/06/2026 23:30,34363.84,37112.94,237
J100028,30/06/2026 00:00,34364.17,37113.31,231
J100028,30/06/2026 00:30,34364.51,37113.67,229
J100028,30/06/2026 01:00,34364.85,37114.03,222
J100028,30/06/2026 01:30,34365.18,37114.4,231
J100028,30/06/2026 02:00,34365.52,37114.76,234
J100028,30/06/2026 02:30,34365.86,37115.13,234
J100028,30/06/2026 03:00,34366.19,37115.49,227
J100028,30/06/2026 03:30,34366.53,37115.85,227
J100028,30/06/2026 04:00,34366.87,37116.22,233
J100028,30/06/2026 04:30,34367.2,37116.58,226
J100028,30/06/2026 05:00,34367.54,37116.94,239
J100028,30/06/2026 05:30,34367.88,37117.31,229
J100028,30/06/2026 06:00,34368.21,37117.67,231
J100028,30/06/2026 06:30,34368.55,37118.04,231
J100028,30/06/2026 07:00,34368.89,37118.4,224
J100028,30/06/2026 07:30,34369.22,37118.76,239
J100028,30/06/2026 08:00,34369.56,37119.13,235
J100028,30/06/2026 08:30,34369.9,37119.49,231
J100028,30/06/2026 09:00,34370.24,37119.85,228
J100028,30/06/2026 09:30,34370.57,37120.22,223
J100028,30/06/2026 10:00,34370.91,37120.58,227
J100028,30/06/2026 10:30,34371.25,37120.95,228
J100028,30/06/2026 11:00,34371.58,37121.31,237
J100028,30/06/2026 11:30,34371.92,37121.67,232
J100028,30/06/2026 12:00,34372.26,37122.04,231
J100028,30/06/2026 12:30,34372.59,37122.4,233
J100028,30/06/2026 13:00,34372.93,37122.76,235
J100028,30/06/2026 13:30,34373.27,37123.13,231
J100028,30/06/2026 14:00,34373.6,37123.49,234
J100028,30/06/2026 14:30,34373.94,37123.86,229
J100028,30/06/2026 15:00,34374.28,37124.22,229
J100028,30/06/2026 15:30,34374.61,37124.58,238
J100028,30/06/2026 16:00,34374.95,37124.95,225
J100028,30/06/2026 16:30,34375.29,37125.31,223
J100028,30/06/2026 17:00,34375.62,37125.67,239
J100028,30/06/2026 17:30,34375.96,37126.04,230
J100028,30/06/2026 18:00,34376.3,37126.4,225
J100028,30/06/2026 18:30,34376.63,37126.77,228
J100028,30/06/2026 19:00,34376.97,37127.13,235
J100028,30/06/2026 19:30,34377.31,37127.49,224
J100028,30/06/2026 20:00,34377.64,37127.86,224
J100028,30/06/2026 20:30,34377.98,37128.22,223
J100028,30/06/2026 21:00,34378.32,37128.58,238
J100028,30/06/2026 21:30,34378.66,37128.95,231
J100028,30/06/2026 22:00,34378.99,37129.31,239
J100028,30/06/2026 22:30,34379.33,37129.68,226
J100028,30/06/2026 23:00,34379.67,37130.04,238
J100028,30/06/2026 23:30,34380,37130.4,223
J100029,23/06/2026 23:30,2056.74,2221.28,221
J100029,24/06/2026 00:00,2056.92,2221.47,236
J100029,24/06/2026 00:30,2057.09,2221.66,239
J100029,24/06/2026 01:00,2057.27,2221.85,239
J100029,24/06/2026 01:30,2057.44,2222.04,237
J100029,24/06/2026 02:00,2057.62,2222.23,235
J100029,24/06/2026 02:30,2057.8,2222.42,223
J100029,24/06/2026 03:00,2057.97,2222.61,232
J100029,24/06/2026 03:30,2058.15,2222.8,233
J100029,24/06/2026 04:00,2058.33,2222.99,236
J100029,24/06/2026 04:30,2058.5,2223.18,226
J100029,24/06/2026 05:00,2058.68,2223.37,223
J100029,24/06/2026 05:30,2058.86,2223.56,233
J100029,24/06/2026 06:00,2059.03,2223.76,222
J100029,24/06/2026 06:30,2059.21,2223.95,229
J100029,24/06/2026 07:00,2059.39,2224.14,236
J100029,24/06/2026 07:30,2059.56,2224.33,234
J100029,24/06/2026 08:00,2059.74,2224.52,223
J100029,24/06/2026 08:30,2059.91,2224.71,222
J100029,24/06/2026 09:00,2060.09,2224.9,226
J100029,24/06/2026 09:30,2060.27,2225.09,233
J100029,24/06/2026 10:00,2060.44,2225.28,224
J100029,24/06/2026 10:30,2060.62,2225.47,233
J100029,24/06/2026 11:00,2060.8,2225.66,235
J100029,24/06/2026 11:30,2060.97,2225.85,223
J100029,24/06/2026 12:00,2061.15,2226.04,224
J100029,24/06/2026 12:30,2061.33,2226.23,237
J100029,24/06/2026 13:00,2061.5,2226.42,235
J100029,24/06/2026 13:30,2061.68,2226.61,232
J100029,24/06/2026 14:00,2061.85,2226.8,238
J100029,24/06/2026 14:30,2062.03,2226.99,236
J100029,24/06/2026 15:00,2062.21,2227.18,227
J100029,24/06/2026 15:30,2062.38,2227.37,229
J100029,24/06/2026 16:00,2062.56,2227.57,232
J100029,24/06/2026 16:30,2062.74,2227.76,222
J100029,24/06/2026 17:00,2062.91,2227.95,223
J100029,24/06/2026 17:30,2063.09,2228.14,227
J100029,24/06/2026 18:00,2063.27,2228.33,234
J100029,24/06/2026 18:30,2063.44,2228.52,228
J100029,24/06/2026 19:00,2063.62,2228.71,228
J100029,24/06/2026 19:30,2063.8,2228.9,229
J100029,24/06/2026 20:00,2063.97,2229.09,235
J100029,24/06/2026 20:30,2064.15,2229.28,227
J100029,24/06/2026 21:00,2064.32,2229.47,221
J100029,24/06/2026 21:30,2064.5,2229.66,229
J100029,24/06/2026 22:00,2064.68,2229.85,236
J100029,24/06/2026 22:30,2064.85,2230.04,222
J100029,24/06/2026 23:00,2065.03,2230.23,223
J100029,24/06/2026 23:30,2065.21,2230.42,236
J100029,25/06/2026 00:00,2065.38,2230.61,238
J100029,25/06/2026 00:30,2065.56,2230.8,235
J100029,25/06/2026 01:00,2065.74,2230.99,227
J100029,25/06/2026 01:30,2065.91,2231.18,238
J100029,25/06/2026 02:00,2066.09,2231.38,232
J100029,25/06/2026 02:30,2066.26,2231.57,229
J100029,25/06/2026 03:00,2066.44,2231.76,234
J100029,25/06/2026 03:30,2066.62,2231.95,238
J100029,25/06/2026 04:00,2066.79,2232.14,234
J100029,25/06/2026 04:30,2066.97,2232.33,235
J100029,25/06/2026 05:00,2067.15,2232.52,235
J100029,25/06/2026 05:30,2067.32,2232.71,227
J100029,25/06/2026 06:00,2067.5,2232.9,235
J100029,25/06/2026 06:30,2067.68,2233.09,235
J100029,25/06/2026 07:00,2067.85,2233.28,233
J100029,25/06/2026 07:30,2068.03,2233.47,233
J100029,25/06/2026 08:00,2068.21,2233.66,236
J100029,25/06/2026 08:30,2068.38,2233.85,227
J100029,25/06/2026 09:00,2068.56,2234.04,220
J100029,25/06/2026 09:30,2068.73,2234.23,231
J100029,25/06/2026 10:00,2068.91,2234.42,232
J100029,25/06/2026 10:30,2069.09,2234.61,224
J100029,25/06/2026 11:00,2069.26,2234.8,229
J100029,25/06/2026 11:30,2069.44,2234.99,225
J100029,25/06/2026 12:00,2069.62,2235.19,236
J100029,25/06/2026 12:30,2069.79,2235.38,225
J100029,25/06/2026 13:00,2069.97,2235.57,233
J100029,25/06/2026 13:30,2070.15,2235.76,234
J100029,25/06/2026 14:00,2070.32,2235.95,229
J100029,25/06/2026 14:30,2070.5,2236.14,225
J100029,25/06/2026 15:00,2070.67,2236.33,221
J100029,25/06/2026 15:30,2070.85,2236.52,226
J100029,25/06/2026 16:00,2071.03,2236.71,232
J100029,25/06/2026 16:30,2071.2,2236.9,225
J100029,25/06/2026 17:00,2071.38,2237.09,230
J100029,25/06/2026 17:30,2071.56,2237.28,234
J100029,25/06/2026 18:00,2071.73,2237.47,221
J100029,25/06/2026 18:30,2071.91,2237.66,235
J100029,25/06/2026 19:00,2072.09,2237.85,226
J100029,25/06/2026 19:30,2072.26,2238.04,226
J100029,25/06/2026 20:00,2072.44,2238.23,223
J100029,25/06/2026 20:30,2072.61,2238.42,230
J100029,25/06/2026 21:00,2072.79,2238.61,234
J100029,25/06/2026 21:30,2072.97,2238.81,222
J100029,25/06/2026 22:00,2073.14,2239,236
J100029,25/06/2026 22:30,2073.32,2239.19,222
J100029,25/06/2026 23:00,2073.5,2239.38,227
J100029,25/06/2026 23:30,2073.67,2239.57,240
J100029,26/06/2026 00:00,2073.85,2239.76,221
J100029,26/06/2026 00:30,2074.03,2239.95,239
J100029,26/06/2026 01:00,2074.2,2240.14,227
J100029,26/06/2026 01:30,2074.38,2240.33,224
J100029,26/06/2026 02:00,2074.56,2240.52,234
J100029,26/06/2026 02:30,2074.73,2240.71,232
J100029,26/06/2026 03:00,2074.91,2240.9,228
J100029,26/06/2026 03:30,2075.08,2241.09,222
J100029,26/06/2026 04:00,2075.26,2241.28,221
J100029,26/06/2026 04:30,2075.44,2241.47,221
J100029,26/06/2026 05:00,2075.61,2241.66,221
J100029,26/06/2026 05:30,2075.79,2241.85,222
J100029,26/06/2026 06:00,2075.97,2242.04,226
J100029,26/06/2026 06:30,2076.14,2242.23,228
J100029,26/06/2026 07:00,2076.32,2242.42,230
J100029,26/06/2026 07:30,2076.5,2242.62,230
J100029,26/06/2026 08:00,2076.67,2242.81,228
J100029,26/06/2026 08:30,2076.85,2243,232
J100029,26/06/2026 09:00,2077.02,2243.19,229
J100029,26/06/2026 09:30,2077.2,2243.38,233
J100029,26/06/2026 10:00,2077.38,2243.57,235
J100029,26/06/2026 10:30,2077.55,2243.76,228
J100029,26/06/2026 11:00,2077.73,2243.95,235
J100029,26/06/2026 11:30,2077.91,2244.14,236
J100029,26/06/2026 12:00,2078.08,2244.33,234
J100029,26/06/2026 12:30,2078.26,2244.52,228
J100029,26/06/2026 13:00,2078.44,2244.71,226
J100029,26/06/2026 13:30,2078.61,2244.9,222
J100029,26/06/2026 14:00,2078.79,2245.09,232
J100029,26/06/2026 14:30,2078.97,2245.28,238
J100029,26/06/2026 15:00,2079.14,2245.47,229
J100029,26/06/2026 15:30,2079.32,2245.66,225
J100029,26/06/2026 16:00,2079.49,2245.85,234
J100029,26/06/2026 16:30,2079.67,2246.04,227
J100029,26/06/2026 17:00,2079.85,2246.23,236
J100029,26/06/2026 17:30,2080.02,2246.43,224
J100029,26/06/2026 18:00,2080.2,2246.62,224
J100029,26/06/2026 18:30,2080.38,2246.81,222
J100029,26/06/2026 19:00,2080.55,2247,226
J100029,26/06/2026 19:30,2080.73,2247.19,227
J100029,26/06/2026 20:00,2080.91,2247.38,235
J100029,26/06/2026 20:30,2081.08,2247.57,234
J100029,26/06/2026 21:00,2081.26,2247.76,231
J100029,26/06/2026 21:30,2081.43,2247.95,231
J100029,26/06/2026 22:00,2081.61,2248.14,232
J100029,26/06/2026 22:30,2081.79,2248.33,237
J100029,26/06/2026 23:00,2081.96,2248.52,236
J100029,26/06/2026 23:30,2082.14,2248.71,236
J100029,27/06/2026 00:00,2082.32,2248.9,227
J100029,27/06/2026 00:30,2082.49,2249.09,227
J100029,27/06/2026 01:00,2082.67,2249.28,234
J100029,27/06/2026 01:30,2082.85,2249.47,227
J100029,27/06/2026 02:00,2083.02,2249.66,236
J100029,27/06/2026 02:30,2083.2,2249.85,236
J100029,27/06/2026 03:00,2083.37,2250.04,230
J100029,27/06/2026 03:30,2083.55,2250.24,225
J100029,27/06/2026 04:00,2083.73,2250.43,223
J100029,27/06/2026 04:30,2083.9,2250.62,229
J100029,27/06/2026 05:00,2084.08,2250.81,232
J100029,27/06/2026 05:30,2084.26,2251,224
J100029,27/06/2026 06:00,2084.43,2251.19,222
J100029,27/06/2026 06:30,2084.61,2251.38,233
J100029,27/06/2026 07:00,2084.79,2251.57,220
J100029,27/06/2026 07:30,2084.96,2251.76,230
J100029,27/06/2026 08:00,2085.14,2251.95,226
J100029,27/06/2026 08:30,2085.32,2252.14,225
J100029,27/06/2026 09:00,2085.49,2252.33,233
J100029,27/06/2026 09:30,2085.67,2252.52,234
J100029,27/06/2026 10:00,2085.84,2252.71,227
J100029,27/06/2026 10:30,2086.02,2252.9,236
J100029,27/06/2026 11:00,2086.2,2253.09,231
J100029,27/06/2026 11:30,2086.37,2253.28,239
J100029,27/06/2026 12:00,2086.55,2253.47,234
J100029,27/06/2026 12:30,2086.73,2253.66,232
J100029,27/06/2026 13:00,2086.9,2253.86,235
J100029,27/06/2026 13:30,2087.08,2254.05,221
J100029,27/06/2026 14:00,2087.26,2254.24,233
J100029,27/06/2026 14:30,2087.43,2254.43,230
J100029,27/06/2026 15:00,2087.61,2254.62,222
J100029,27/06/2026 15:30,2087.78,2254.81,225
J100029,27/06/2026 16:00,2087.96,2255,233
J100029,27/06/2026 16:30,2088.14,2255.19,234
J100029,27/06/2026 17:00,2088.31,2255.38,223
J100029,27/06/2026 17:30,2088.49,2255.57,225
J100029,27/06/2026 18:00,2088.67,2255.76,227
J100029,27/06/2026 18:30,2088.84,2255.95,222
J100029,27/06/2026 19:00,2089.02,2256.14,228
J100029,27/06/2026 19:30,2089.2,2256.33,227
J100029,27/06/2026 20:00,2089.37,2256.52,238
J100029,27/06/2026 20:30,2089.55,2256.71,222
J100029,27/06/2026 21:00,2089.73,2256.9,235
J100029,27/06/2026 21:30,2089.9,2257.09,222
J100029,27/06/2026 22:00,2090.08,2257.28,235
J100029,27/06/2026 22:30,2090.25,2257.47,221
J100029,27/06/2026 23:00,2090.43,2257.67,227
J100029,27/06/2026 23:30,2090.61,2257.86,238
J100029,28/06/2026 00:00,2090.78,2258.05,222
J100029,28/06/2026 00:30,2090.96,2258.24,237
J100029,28/06/2026 01:00,2091.14,2258.43,233
J100029,28/06/2026 01:30,2091.31,2258.62,236
J100029,28/06/2026 02:00,2091.49,2258.81,223
J100029,28/06/2026 02:30,2091.67,2259,220
J100029,28/06/2026 03:00,2091.84,2259.19,221
J100029,28/06/2026 03:30,2092.02,2259.38,232
J100029,28/06/2026 04:00,2092.19,2259.57,224
J100029,28/06/2026 04:30,2092.37,2259.76,226
J100029,28/06/2026 05:00,2092.55,2259.95,227
J100029,28/06/2026 05:30,2092.72,2260.14,224
J100029,28/06/2026 06:00,2092.9,2260.33,227
J100029,28/06/2026 06:30,2093.08,2260.52,224
J100029,28/06/2026 07:00,2093.25,2260.71,236
J100029,28/06/2026 07:30,2093.43,2260.9,233
J100029,28/06/2026 08:00,2093.61,2261.09,236
J100029,28/06/2026 08:30,2093.78,2261.28,231
J100029,28/06/2026 09:00,2093.96,2261.48,231
J100029,28/06/2026 09:30,2094.14,2261.67,226
J100029,28/06/2026 10:00,2094.31,2261.86,222
J100029,28/06/2026 10:30,2094.49,2262.05,223
J100029,28/06/2026 11:00,2094.66,2262.24,224
J100029,28/06/2026 11:30,2094.84,2262.43,232
J100029,28/06/2026 12:00,2095.02,2262.62,233
J100029,28/06/2026 12:30,2095.19,2262.81,225
J100029,28/06/2026 13:00,2095.37,2263,238
J100029,28/06/2026 13:30,2095.55,2263.19,233
J100029,28/06/2026 14:00,2095.72,2263.38,222
J100029,28/06/2026 14:30,2095.9,2263.57,223
J100029,28/06/2026 15:00,2096.08,2263.76,220
J100029,28/06/2026 15:30,2096.25,2263.95,236
J100029,28/06/2026 16:00,2096.43,2264.14,224
J100029,28/06/2026 16:30,2096.6,2264.33,232
J100029,28/06/2026 17:00,2096.78,2264.52,229
J100029,28/06/2026 17:30,2096.96,2264.71,226
J100029,28/06/2026 18:00,2097.13,2264.9,236
J100029,28/06/2026 18:30,2097.31,2265.09,229
J100029,28/06/2026 19:00,2097.49,2265.29,228
J100029,28/06/2026 19:30,2097.66,2265.48,222
J100029,28/06/2026 20:00,2097.84,2265.67,231
J100029,28/06/2026 20:30,2098.02,2265.86,232
J100029,28/06/2026 21:00,2098.19,2266.05,232
J100029,28/06/2026 21:30,2098.37,2266.24,228
J100029,28/06/2026 22:00,2098.54,2266.43,240
J100029,28/06/2026 22:30,2098.72,2266.62,222
J100029,28/06/2026 23:00,2098.9,2266.81,229
J100029,28/06/2026 23:30,2099.07,2267,231
J100029,29/06/2026 00:00,2099.25,2267.19,226
J100029,29/06/2026 00:30,2099.43,2267.38,233
J100029,29/06/2026 01:00,2099.6,2267.57,237
J100029,29/06/2026 01:30,2099.78,2267.76,232
J100029,29/06/2026 02:00,2099.96,2267.95,236
J100029,29/06/2026 02:30,2100.13,2268.14,227
J100029,29/06/2026 03:00,2100.31,2268.33,239
J100029,29/06/2026 03:30,2100.49,2268.52,238
J100029,29/06/2026 04:00,2100.66,2268.71,223
J100029,29/06/2026 04:30,2100.84,2268.91,224
J100029,29/06/2026 05:00,2101.01,2269.1,229
J100029,29/06/2026 05:30,2101.19,2269.29,235
J100029,29/06/2026 06:00,2101.37,2269.48,221
J100029,29/06/2026 06:30,2101.54,2269.67,234
J100029,29/06/2026 07:00,2101.72,2269.86,231
J100029,29/06/2026 07:30,2101.9,2270.05,231
J100029,29/06/2026 08:00,2102.07,2270.24,232
J100029,29/06/2026 08:30,2102.25,2270.43,224
J100029,29/06/2026 09:00,2102.43,2270.62,223
J100029,29/06/2026 09:30,2102.6,2270.81,222
J100029,29/06/2026 10:00,2102.78,2271,232
J100029,29/06/2026 10:30,2102.95,2271.19,236
J100029,29/06/2026 11:00,2103.13,2271.38,236
J100029,29/06/2026 11:30,2103.31,2271.57,230
J100029,29/06/2026 12:00,2103.48,2271.76,229
J100029,29/06/2026 12:30,2103.66,2271.95,240
J100029,29/06/2026 13:00,2103.84,2272.14,237
J100029,29/06/2026 13:30,2104.01,2272.33,239
J100029,29/06/2026 14:00,2104.19,2272.52,228
J100029,29/06/2026 14:30,2104.37,2272.72,232
J100029,29/06/2026 15:00,2104.54,2272.91,234
J100029,29/06/2026 15:30,2104.72,2273.1,222
J100029,29/06/2026 16:00,2104.9,2273.29,234
J100029,29/06/2026 16:30,2105.07,2273.48,240
J100029,29/06/2026 17:00,2105.25,2273.67,235
J100029,29/06/2026 17:30,2105.42,2273.86,240
J100029,29/06/2026 18:00,2105.6,2274.05,232
J100029,29/06/2026 18:30,2105.78,2274.24,229
J100029,29/06/2026 19:00,2105.95,2274.43,224
J100029,29/06/2026 19:30,2106.13,2274.62,227
J100029,29/06/2026 20:00,2106.31,2274.81,239
J100029,29/06/2026 20:30,2106.48,2275,227
J100029,29/06/2026 21:00,2106.66,2275.19,233
J100029,29/06/2026 21:30,2106.84,2275.38,235
J100029,29/06/2026 22:00,2107.01,2275.57,227
J100029,29/06/2026 22:30,2107.19,2275.76,236
J100029,29/06/2026 23:00,2107.36,2275.95,228
J100029,29/06/2026 23:30,2107.54,2276.14,240
J100029,30/06/2026 00:00,2107.72,2276.33,235
J100029,30/06/2026 00:30,2107.89,2276.53,237
J100029,30/06/2026 01:00,2108.07,2276.72,222
J100029,30/06/2026 01:30,2108.25,2276.91,239
J100029,30/06/2026 02:00,2108.42,2277.1,221
J100029,30/06/2026 02:30,2108.6,2277.29,229
J100029,30/06/2026 03:00,2108.78,2277.48,228
J100029,30/06/2026 03:30,2108.95,2277.67,236
J100029,30/06/2026 04:00,2109.13,2277.86,226
J100029,30/06/2026 04:30,2109.3,2278.05,240
J100029,30/06/2026 05:00,2109.48,2278.24,231
J100029,30/06/2026 05:30,2109.66,2278.43,228
J100029,30/06/2026 06:00,2109.83,2278.62,223
J100029,30/06/2026 06:30,2110.01,2278.81,235
J100029,30/06/2026 07:00,2110.19,2279,223
J100029,30/06/2026 07:30,2110.36,2279.19,226
J100029,30/06/2026 08:00,2110.54,2279.38,228
J100029,30/06/2026 08:30,2110.72,2279.57,230
J100029,30/06/2026 09:00,2110.89,2279.76,236
J100029,30/06/2026 09:30,2111.07,2279.95,228
J100029,30/06/2026 10:00,2111.25,2280.14,224
J100029,30/06/2026 10:30,2111.42,2280.34,221
J100029,30/06/2026 11:00,2111.6,2280.53,238
J100029,30/06/2026 11:30,2111.77,2280.72,228
J100029,30/06/2026 12:00,2111.95,2280.91,221
J100029,30/06/2026 12:30,2112.13,2281.1,232
J100029,30/06/2026 13:00,2112.3,2281.29,232
J100029,30/06/2026 13:30,2112.48,2281.48,236
J100029,30/06/2026 14:00,2112.66,2281.67,237
J100029,30/06/2026 14:30,2112.83,2281.86,231
J100029,30/06/2026 15:00,2113.01,2282.05,223
J100029,30/06/2026 15:30,2113.19,2282.24,225
J100029,30/06/2026 16:00,2113.36,2282.43,234
J100029,30/06/2026 16:30,2113.54,2282.62,236
J100029,30/06/2026 17:00,2113.71,2282.81,222
J100029,30/06/2026 17:30,2113.89,2283,230
J100029,30/06/2026 18:00,2114.07,2283.19,234
J100029,30/06/2026 18:30,2114.24,2283.38,225
J100029,30/06/2026 19:00,2114.42,2283.57,224
J100029,30/06/2026 19:30,2114.6,2283.76,234
J100029,30/06/2026 20:00,2114.77,2283.96,221
J100029,30/06/2026 20:30,2114.95,2284.15,233
J100029,30/06/2026 21:00,2115.13,2284.34,230
J100029,30/06/2026 21:30,2115.3,2284.53,238
J100029,30/06/2026 22:00,2115.48,2284.72,232
J100029,30/06/2026 22:30,2115.66,2284.91,226
J100029,30/06/2026 23:00,2115.83,2285.1,222
J100029,30/06/2026 23:30,2116.01,2285.29,222
J100030,23/06/2026 23:30,21251.29,22951.39,224
J100030,24/06/2026 00:00,21251.74,22951.88,231
J100030,24/06/2026 00:30,21252.18,22952.36,228
J100030,24/06/2026 01:00,21252.63,22952.84,220
J100030,24/06/2026 01:30,21253.08,22953.32,226
J100030,24/06/2026 02:00,21253.52,22953.8,222
J100030,24/06/2026 02:30,21253.97,22954.28,223
J100030,24/06/2026 03:00,21254.41,22954.77,231
J100030,24/06/2026 03:30,21254.86,22955.25,220
J100030,24/06/2026 04:00,21255.3,22955.73,224
J100030,24/06/2026 04:30,21255.75,22956.21,235
J100030,24/06/2026 05:00,21256.2,22956.69,233
J100030,24/06/2026 05:30,21256.64,22957.17,230
J100030,24/06/2026 06:00,21257.09,22957.66,224
J100030,24/06/2026 06:30,21257.53,22958.14,225
J100030,24/06/2026 07:00,21257.98,22958.62,236
J100030,24/06/2026 07:30,21258.43,22959.1,226
J100030,24/06/2026 08:00,21258.87,22959.58,232
J100030,24/06/2026 08:30,21259.32,22960.06,233
J100030,24/06/2026 09:00,21259.76,22960.54,222
J100030,24/06/2026 09:30,21260.21,22961.03,231
J100030,24/06/2026 10:00,21260.66,22961.51,236
J100030,24/06/2026 10:30,21261.1,22961.99,225
J100030,24/06/2026 11:00,21261.55,22962.47,228
J100030,24/06/2026 11:30,21261.99,22962.95,224
J100030,24/06/2026 12:00,21262.44,22963.43,224
J100030,24/06/2026 12:30,21262.89,22963.92,230
J100030,24/06/2026 13:00,21263.33,22964.4,237
J100030,24/06/2026 13:30,21263.78,22964.88,223
J100030,24/06/2026 14:00,21264.22,22965.36,226
J100030,24/06/2026 14:30,21264.67,22965.84,228
J100030,24/06/2026 15:00,21265.11,22966.32,233
J100030,24/06/2026 15:30,21265.56,22966.81,227
J100030,24/06/2026 16:00,21266.01,22967.29,231
J100030,24/06/2026 16:30,21266.45,22967.77,225
J100030,24/06/2026 17:00,21266.9,22968.25,235
J100030,24/06/2026 17:30,21267.34,22968.73,236
J100030,24/06/2026 18:00,21267.79,22969.21,225
J100030,24/06/2026 18:30,21268.24,22969.7,220
J100030,24/06/2026 19:00,21268.68,22970.18,225
J100030,24/06/2026 19:30,21269.13,22970.66,226
J100030,24/06/2026 20:00,21269.57,22971.14,229
J100030,24/06/2026 20:30,21270.02,22971.62,239
J100030,24/06/2026 21:00,21270.47,22972.1,225
J100030,24/06/2026 21:30,21270.91,22972.58,234
J100030,24/06/2026 22:00,21271.36,22973.07,238
J100030,24/06/2026 22:30,21271.8,22973.55,231
J100030,24/06/2026 23:00,21272.25,22974.03,229
J100030,24/06/2026 23:30,21272.7,22974.51,221
J100030,25/06/2026 00:00,21273.14,22974.99,222
J100030,25/06/2026 00:30,21273.59,22975.47,231
J100030,25/06/2026 01:00,21274.03,22975.96,235
J100030,25/06/2026 01:30,21274.48,22976.44,237
J100030,25/06/2026 02:00,21274.92,22976.92,235
J100030,25/06/2026 02:30,21275.37,22977.4,228
J100030,25/06/2026 03:00,21275.82,22977.88,227
J100030,25/06/2026 03:30,21276.26,22978.36,221
J100030,25/06/2026 04:00,21276.71,22978.85,222
J100030,25/06/2026 04:30,21277.15,22979.33,233
J100030,25/06/2026 05:00,21277.6,22979.81,228
J100030,25/06/2026 05:30,21278.05,22980.29,228
J100030,25/06/2026 06:00,21278.49,22980.77,222
J100030,25/06/2026 06:30,21278.94,22981.25,235
J100030,25/06/2026 07:00,21279.38,22981.73,238
J100030,25/06/2026 07:30,21279.83,22982.22,224
J100030,25/06/2026 08:00,21280.28,22982.7,240
J100030,25/06/2026 08:30,21280.72,22983.18,226
J100030,25/06/2026 09:00,21281.17,22983.66,228
J100030,25/06/2026 09:30,21281.61,22984.14,225
J100030,25/06/2026 10:00,21282.06,22984.62,238
J100030,25/06/2026 10:30,21282.51,22985.11,235
J100030,25/06/2026 11:00,21282.95,22985.59,233
J100030,25/06/2026 11:30,21283.4,22986.07,225
J100030,25/06/2026 12:00,21283.84,22986.55,222
J100030,25/06/2026 12:30,21284.29,22987.03,233
J100030,25/06/2026 13:00,21284.74,22987.51,239
J100030,25/06/2026 13:30,21285.18,22988,220
J100030,25/06/2026 14:00,21285.63,22988.48,233
J100030,25/06/2026 14:30,21286.07,22988.96,237
J100030,25/06/2026 15:00,21286.52,22989.44,235
J100030,25/06/2026 15:30,21286.96,22989.92,224
J100030,25/06/2026 16:00,21287.41,22990.4,229
J100030,25/06/2026 16:30,21287.86,22990.88,227
J100030,25/06/2026 17:00,21288.3,22991.37,221
J100030,25/06/2026 17:30,21288.75,22991.85,234
J100030,25/06/2026 18:00,21289.19,22992.33,236
J100030,25/06/2026 18:30,21289.64,22992.81,228
J100030,25/06/2026 19:00,21290.09,22993.29,220
J100030,25/06/2026 19:30,21290.53,22993.77,222
J100030,25/06/2026 20:00,21290.98,22994.26,228
J100030,25/06/2026 20:30,21291.42,22994.74,227
J100030,25/06/2026 21:00,21291.87,22995.22,229
J100030,25/06/2026 21:30,21292.32,22995.7,223
J100030,25/06/2026 22:00,21292.76,22996.18,233
J100030,25/06/2026 22:30,21293.21,22996.66,226
J100030,25/06/2026 23:00,21293.65,22997.15,233
J100030,25/06/2026 23:30,21294.1,22997.63,229
J100030,26/06/2026 00:00,21294.55,22998.11,237
J100030,26/06/2026 00:30,21294.99,22998.59,238
J100030,26/06/2026 01:00,21295.44,22999.07,231
J100030,26/06/2026 01:30,21295.88,22999.55,236
J100030,26/06/2026 02:00,21296.33,23000.04,224
J100030,26/06/2026 02:30,21296.77,23000.52,232
J100030,26/06/2026 03:00,21297.22,23001,233
J100030,26/06/2026 03:30,21297.67,23001.48,232
J100030,26/06/2026 04:00,21298.11,23001.96,239
J100030,26/06/2026 04:30,21298.56,23002.44,231
J100030,26/06/2026 05:00,21299,23002.92,221
J100030,26/06/2026 05:30,21299.45,23003.41,222
J100030,26/06/2026 06:00,21299.9,23003.89,240
J100030,26/06/2026 06:30,21300.34,23004.37,223
J100030,26/06/2026 07:00,21300.79,23004.85,222
J100030,26/06/2026 07:30,21301.23,23005.33,232
J100030,26/06/2026 08:00,21301.68,23005.81,238
J100030,26/06/2026 08:30,21302.13,23006.3,232
J100030,26/06/2026 09:00,21302.57,23006.78,230
J100030,26/06/2026 09:30,21303.02,23007.26,237
J100030,26/06/2026 10:00,21303.46,23007.74,232
J100030,26/06/2026 10:30,21303.91,23008.22,233
J100030,26/06/2026 11:00,21304.36,23008.7,224
J100030,26/06/2026 11:30,21304.8,23009.19,240
J100030,26/06/2026 12:00,21305.25,23009.67,237
J100030,26/06/2026 12:30,21305.69,23010.15,234
J100030,26/06/2026 13:00,21306.14,23010.63,225
J100030,26/06/2026 13:30,21306.58,23011.11,227
J100030,26/06/2026 14:00,21307.03,23011.59,231
J100030,26/06/2026 14:30,21307.48,23012.07,223
J100030,26/06/2026 15:00,21307.92,23012.56,225
J100030,26/06/2026 15:30,21308.37,23013.04,227
J100030,26/06/2026 16:00,21308.81,23013.52,237
J100030,26/06/2026 16:30,21309.26,23014,221
J100030,26/06/2026 17:00,21309.71,23014.48,223
J100030,26/06/2026 17:30,21310.15,23014.96,236
J100030,26/06/2026 18:00,21310.6,23015.45,226
J100030,26/06/2026 18:30,21311.04,23015.93,230
J100030,26/06/2026 19:00,21311.49,23016.41,236
J100030,26/06/2026 19:30,21311.94,23016.89,222
J100030,26/06/2026 20:00,21312.38,23017.37,224
J100030,26/06/2026 20:30,21312.83,23017.85,222
J100030,26/06/2026 21:00,21313.27,23018.34,226
J100030,26/06/2026 21:30,21313.72,23018.82,231
J100030,26/06/2026 22:00,21314.17,23019.3,233
J100030,26/06/2026 22:30,21314.61,23019.78,224
J100030,26/06/2026 23:00,21315.06,23020.26,236
J100030,26/06/2026 23:30,21315.5,23020.74,236
J100030,27/06/2026 00:00,21315.95,23021.23,222
J100030,27/06/2026 00:30,21316.4,23021.71,221
J100030,27/06/2026 01:00,21316.84,23022.19,231
J100030,27/06/2026 01:30,21317.29,23022.67,236
J100030,27/06/2026 02:00,21317.73,23023.15,238
J100030,27/06/2026 02:30,21318.18,23023.63,230
J100030,27/06/2026 03:00,21318.62,23024.11,231
J100030,27/06/2026 03:30,21319.07,23024.6,238
J100030,27/06/2026 04:00,21319.52,23025.08,239
J100030,27/06/2026 04:30,21319.96,23025.56,229
J100030,27/06/2026 05:00,21320.41,23026.04,221
J100030,27/06/2026 05:30,21320.85,23026.52,221
J100030,27/06/2026 06:00,21321.3,23027,222
J100030,27/06/2026 06:30,21321.75,23027.49,229
J100030,27/06/2026 07:00,21322.19,23027.97,229
J100030,27/06/2026 07:30,21322.64,23028.45,225
J100030,27/06/2026 08:00,21323.08,23028.93,221
J100030,27/06/2026 08:30,21323.53,23029.41,230
J100030,27/06/2026 09:00,21323.98,23029.89,222
J100030,27/06/2026 09:30,21324.42,23030.38,227
J100030,27/06/2026 10:00,21324.87,23030.86,237
J100030,27/06/2026 10:30,21325.31,23031.34,229
J100030,27/06/2026 11:00,21325.76,23031.82,228
J100030,27/06/2026 11:30,21326.21,23032.3,233
J100030,27/06/2026 12:00,21326.65,23032.78,235
J100030,27/06/2026 12:30,21327.1,23033.26,225
J100030,27/06/2026 13:00,21327.54,23033.75,229
J100030,27/06/2026 13:30,21327.99,23034.23,240
J100030,27/06/2026 14:00,21328.43,23034.71,227
J100030,27/06/2026 14:30,21328.88,23035.19,223
J100030,27/06/2026 15:00,21329.33,23035.67,224
J100030,27/06/2026 15:30,21329.77,23036.15,229
J100030,27/06/2026 16:00,21330.22,23036.64,237
J100030,27/06/2026 16:30,21330.66,23037.12,230
J100030,27/06/2026 17:00,21331.11,23037.6,228
J100030,27/06/2026 17:30,21331.56,23038.08,225
J100030,27/06/2026 18:00,21332,23038.56,229
J100030,27/06/2026 18:30,21332.45,23039.04,237
J100030,27/06/2026 19:00,21332.89,23039.53,229
J100030,27/06/2026 19:30,21333.34,23040.01,226
J100030,27/06/2026 20:00,21333.79,23040.49,235
J100030,27/06/2026 20:30,21334.23,23040.97,225
J100030,27/06/2026 21:00,21334.68,23041.45,230
J100030,27/06/2026 21:30,21335.12,23041.93,233
J100030,27/06/2026 22:00,21335.57,23042.42,237
J100030,27/06/2026 22:30,21336.02,23042.9,236
J100030,27/06/2026 23:00,21336.46,23043.38,230
J100030,27/06/2026 23:30,21336.91,23043.86,233
J100030,28/06/2026 00:00,21337.35,23044.34,236
J100030,28/06/2026 00:30,21337.8,23044.82,232
J100030,28/06/2026 01:00,21338.24,23045.3,239
J100030,28/06/2026 01:30,21338.69,23045.79,220
J100030,28/06/2026 02:00,21339.14,23046.27,231
J100030,28/06/2026 02:30,21339.58,23046.75,230
J100030,28/06/2026 03:00,21340.03,23047.23,232
J100030,28/06/2026 03:30,21340.47,23047.71,229
J100030,28/06/2026 04:00,21340.92,23048.19,231
J100030,28/06/2026 04:30,21341.37,23048.68,239
J100030,28/06/2026 05:00,21341.81,23049.16,230
J100030,28/06/2026 05:30,21342.26,23049.64,238
J100030,28/06/2026 06:00,21342.7,23050.12,222
J100030,28/06/2026 06:30,21343.15,23050.6,225
J100030,28/06/2026 07:00,21343.6,23051.08,223
J100030,28/06/2026 07:30,21344.04,23051.57,240
J100030,28/06/2026 08:00,21344.49,23052.05,230
J100030,28/06/2026 08:30,21344.93,23052.53,225
J100030,28/06/2026 09:00,21345.38,23053.01,224
J100030,28/06/2026 09:30,21345.83,23053.49,235
J100030,28/06/2026 10:00,21346.27,23053.97,230
J100030,28/06/2026 10:30,21346.72,23054.45,240
J100030,28/06/2026 11:00,21347.16,23054.94,237
J100030,28/06/2026 11:30,21347.61,23055.42,222
J100030,28/06/2026 12:00,21348.06,23055.9,230
J100030,28/06/2026 12:30,21348.5,23056.38,228
J100030,28/06/2026 13:00,21348.95,23056.86,234
J100030,28/06/2026 13:30,21349.39,23057.34,230
J100030,28/06/2026 14:00,21349.84,23057.83,220
J100030,28/06/2026 14:30,21350.28,23058.31,239
J100030,28/06/2026 15:00,21350.73,23058.79,238
J100030,28/06/2026 15:30,21351.18,23059.27,226
J100030,28/06/2026 16:00,21351.62,23059.75,237
J100030,28/06/2026 16:30,21352.07,23060.23,223
J100030,28/06/2026 17:00,21352.51,23060.72,230
J100030,28/06/2026 17:30,21352.96,23061.2,237
J100030,28/06/2026 18:00,21353.41,23061.68,234
J100030,28/06/2026 18:30,21353.85,23062.16,232
J100030,28/06/2026 19:00,21354.3,23062.64,230
J100030,28/06/2026 19:30,21354.74,23063.12,239
J100030,28/06/2026 20:00,21355.19,23063.6,224
J100030,28/06/2026 20:30,21355.64,23064.09,227
J100030,28/06/2026 21:00,21356.08,23064.57,234
J100030,28/06/2026 21:30,21356.53,23065.05,236
J100030,28/06/2026 22:00,21356.97,23065.53,232
J100030,28/06/2026 22:30,21357.42,23066.01,238
J100030,28/06/2026 23:00,21357.87,23066.49,230
J100030,28/06/2026 23:30,21358.31,23066.98,240
J100030,29/06/2026 00:00,21358.76,23067.46,240
J100030,29/06/2026 00:30,21359.2,23067.94,224
J100030,29/06/2026 01:00,21359.65,23068.42,231
J100030,29/06/2026 01:30,21360.09,23068.9,237
J100030,29/06/2026 02:00,21360.54,23069.38,229
J100030,29/06/2026 02:30,21360.99,23069.87,226
J100030,29/06/2026 03:00,21361.43,23070.35,237
J100030,29/06/2026 03:30,21361.88,23070.83,222
J100030,29/06/2026 04:00,21362.32,23071.31,227
J100030,29/06/2026 04:30,21362.77,23071.79,234
J100030,29/06/2026 05:00,21363.22,23072.27,222
J100030,29/06/2026 05:30,21363.66,23072.76,226
J100030,29/06/2026 06:00,21364.11,23073.24,237
J100030,29/06/2026 06:30,21364.55,23073.72,236
J100030,29/06/2026 07:00,21365,23074.2,233
J100030,29/06/2026 07:30,21365.45,23074.68,228
J100030,29/06/2026 08:00,21365.89,23075.16,221
J100030,29/06/2026 08:30,21366.34,23075.64,230
J100030,29/06/2026 09:00,21366.78,23076.13,224
J100030,29/06/2026 09:30,21367.23,23076.61,223
J100030,29/06/2026 10:00,21367.68,23077.09,232
J100030,29/06/2026 10:30,21368.12,23077.57,231
J100030,29/06/2026 11:00,21368.57,23078.05,236
J100030,29/06/2026 11:30,21369.01,23078.53,237
J100030,29/06/2026 12:00,21369.46,23079.02,232
J100030,29/06/2026 12:30,21369.91,23079.5,224
J100030,29/06/2026 13:00,21370.35,23079.98,232
J100030,29/06/2026 13:30,21370.8,23080.46,238
J100030,29/06/2026 14:00,21371.24,23080.94,238
J100030,29/06/2026 14:30,21371.69,23081.42,231
J100030,29/06/2026 15:00,21372.13,23081.91,229
J100030,29/06/2026 15:30,21372.58,23082.39,235
J100030,29/06/2026 16:00,21373.03,23082.87,224
J100030,29/06/2026 16:30,21373.47,23083.35,222
J100030,29/06/2026 17:00,21373.92,23083.83,232
J100030,29/06/2026 17:30,21374.36,23084.31,226
J100030,29/06/2026 18:00,21374.81,23084.79,224
J100030,29/06/2026 18:30,21375.26,23085.28,225
J100030,29/06/2026 19:00,21375.7,23085.76,240
J100030,29/06/2026 19:30,21376.15,23086.24,238
J100030,29/06/2026 20:00,21376.59,23086.72,239
J100030,29/06/2026 20:30,21377.04,23087.2,224
J100030,29/06/2026 21:00,21377.49,23087.68,235
J100030,29/06/2026 21:30,21377.93,23088.17,222
J100030,29/06/2026 22:00,21378.38,23088.65,236
J100030,29/06/2026 22:30,21378.82,23089.13,225
J100030,29/06/2026 23:00,21379.27,23089.61,228
J100030,29/06/2026 23:30,21379.72,23090.09,222
J100030,30/06/2026 00:00,21380.16,23090.57,225
J100030,30/06/2026 00:30,21380.61,23091.06,222
J100030,30/06/2026 01:00,21381.05,23091.54,229
J100030,30/06/2026 01:30,21381.5,23092.02,230
J100030,30/06/2026 02:00,21381.94,23092.5,229
J100030,30/06/2026 02:30,21382.39,23092.98,223
J100030,30/06/2026 03:00,21382.84,23093.46,228
J100030,30/06/2026 03:30,21383.28,23093.95,236
J100030,30/06/2026 04:00,21383.73,23094.43,222
J100030,30/06/2026 04:30,21384.17,23094.91,224
J100030,30/06/2026 05:00,21384.62,23095.39,233
J100030,30/06/2026 05:30,21385.07,23095.87,231
J100030,30/06/2026 06:00,21385.51,23096.35,236
J100030,30/06/2026 06:30,21385.96,23096.83,234
J100030,30/06/2026 07:00,21386.4,23097.32,224
J100030,30/06/2026 07:30,21386.85,23097.8,232
J100030,30/06/2026 08:00,21387.3,23098.28,225
J100030,30/06/2026 08:30,21387.74,23098.76,237
J100030,30/06/2026 09:00,21388.19,23099.24,235
J100030,30/06/2026 09:30,21388.63,23099.72,234
J100030,30/06/2026 10:00,21389.08,23100.21,236
J100030,30/06/2026 10:30,21389.53,23100.69,226
J100030,30/06/2026 11:00,21389.97,23101.17,234
J100030,30/06/2026 11:30,21390.42,23101.65,233
J100030,30/06/2026 12:00,21390.86,23102.13,224
J100030,30/06/2026 12:30,21391.31,23102.61,235
J100030,30/06/2026 13:00,21391.75,23103.1,234
J100030,30/06/2026 13:30,21392.2,23103.58,240
J100030,30/06/2026 14:00,21392.65,23104.06,229
J100030,30/06/2026 14:30,21393.09,23104.54,222
J100030,30/06/2026 15:00,21393.54,23105.02,221
J100030,30/06/2026 15:30,21393.98,23105.5,230
J100030,30/06/2026 16:00,21394.43,23105.98,221
J100030,30/06/2026 16:30,21394.88,23106.47,224
J100030,30/06/2026 17:00,21395.32,23106.95,232
J100030,30/06/2026 17:30,21395.77,23107.43,225
J100030,30/06/2026 18:00,21396.21,23107.91,229
J100030,30/06/2026 18:30,21396.66,23108.39,230
J100030,30/06/2026 19:00,21397.11,23108.87,228
J100030,30/06/2026 19:30,21397.55,23109.36,226
J100030,30/06/2026 20:00,21398,23109.84,231
J100030,30/06/2026 20:30,21398.44,23110.32,226
J100030,30/06/2026 21:00,21398.89,23110.8,224
J100030,30/06/2026 21:30,21399.34,23111.28,236
J100030,30/06/2026 22:00,21399.78,23111.76,235
J100030,30/06/2026 22:30,21400.23,23112.25,234
J100030,30/06/2026 23:00,21400.67,23112.73,238
J100030,30/06/2026 23:30,21401.12,23113.21,224
J100031,23/06/2026 23:30,32128.97,34699.29,221
J100031,24/06/2026 00:00,32129.36,34699.71,232
J100031,24/06/2026 00:30,32129.75,34700.13,234
J100031,24/06/2026 01:00,32130.14,34700.56,222
J100031,24/06/2026 01:30,32130.54,34700.98,220
J100031,24/06/2026 02:00,32130.93,34701.4,235
J100031,24/06/2026 02:30,32131.32,34701.83,222
J100031,24/06/2026 03:00,32131.71,34702.25,239
J100031,24/06/2026 03:30,32132.11,34702.67,234
J100031,24/06/2026 04:00,32132.5,34703.1,230
J100031,24/06/2026 04:30,32132.89,34703.52,239
J100031,24/06/2026 05:00,32133.28,34703.95,232
J100031,24/06/2026 05:30,32133.67,34704.37,229
J100031,24/06/2026 06:00,32134.07,34704.79,227
J100031,24/06/2026 06:30,32134.46,34705.22,231
J100031,24/06/2026 07:00,32134.85,34705.64,230
J100031,24/06/2026 07:30,32135.24,34706.06,221
J100031,24/06/2026 08:00,32135.64,34706.49,224
J100031,24/06/2026 08:30,32136.03,34706.91,238
J100031,24/06/2026 09:00,32136.42,34707.33,226
J100031,24/06/2026 09:30,32136.81,34707.76,225
J100031,24/06/2026 10:00,32137.2,34708.18,239
J100031,24/06/2026 10:30,32137.6,34708.6,226
J100031,24/06/2026 11:00,32137.99,34709.03,238
J100031,24/06/2026 11:30,32138.38,34709.45,229
J100031,24/06/2026 12:00,32138.77,34709.87,229
J100031,24/06/2026 12:30,32139.17,34710.3,226
J100031,24/06/2026 13:00,32139.56,34710.72,240
J100031,24/06/2026 13:30,32139.95,34711.15,226
J100031,24/06/2026 14:00,32140.34,34711.57,234
J100031,24/06/2026 14:30,32140.73,34711.99,226
J100031,24/06/2026 15:00,32141.13,34712.42,222
J100031,24/06/2026 15:30,32141.52,34712.84,231
J100031,24/06/2026 16:00,32141.91,34713.26,240
J100031,24/06/2026 16:30,32142.3,34713.69,230
J100031,24/06/2026 17:00,32142.69,34714.11,239
J100031,24/06/2026 17:30,32143.09,34714.53,236
J100031,24/06/2026 18:00,32143.48,34714.96,235
J100031,24/06/2026 18:30,32143.87,34715.38,222
J100031,24/06/2026 19:00,32144.26,34715.8,224
J100031,24/06/2026 19:30,32144.66,34716.23,233
J100031,24/06/2026 20:00,32145.05,34716.65,231
J100031,24/06/2026 20:30,32145.44,34717.08,231
J100031,24/06/2026 21:00,32145.83,34717.5,239
J100031,24/06/2026 21:30,32146.22,34717.92,232
J100031,24/06/2026 22:00,32146.62,34718.35,230
J100031,24/06/2026 22:30,32147.01,34718.77,231
J100031,24/06/2026 23:00,32147.4,34719.19,235
J100031,24/06/2026 23:30,32147.79,34719.62,229
J100031,25/06/2026 00:00,32148.19,34720.04,226
J100031,25/06/2026 00:30,32148.58,34720.46,229
J100031,25/06/2026 01:00,32148.97,34720.89,227
J100031,25/06/2026 01:30,32149.36,34721.31,227
J100031,25/06/2026 02:00,32149.75,34721.73,230
J100031,25/06/2026 02:30,32150.15,34722.16,224
J100031,25/06/2026 03:00,32150.54,34722.58,224
J100031,25/06/2026 03:30,32150.93,34723.01,234
J100031,25/06/2026 04:00,32151.32,34723.43,221
J100031,25/06/2026 04:30,32151.71,34723.85,234
J100031,25/06/2026 05:00,32152.11,34724.28,235
J100031,25/06/2026 05:30,32152.5,34724.7,239
J100031,25/06/2026 06:00,32152.89,34725.12,222
J100031,25/06/2026 06:30,32153.28,34725.55,222
J100031,25/06/2026 07:00,32153.68,34725.97,232
J100031,25/06/2026 07:30,32154.07,34726.39,224
J100031,25/06/2026 08:00,32154.46,34726.82,232
J100031,25/06/2026 08:30,32154.85,34727.24,232
J100031,25/06/2026 09:00,32155.24,34727.66,223
J100031,25/06/2026 09:30,32155.64,34728.09,235
J100031,25/06/2026 10:00,32156.03,34728.51,238
J100031,25/06/2026 10:30,32156.42,34728.93,221
J100031,25/06/2026 11:00,32156.81,34729.36,228
J100031,25/06/2026 11:30,32157.21,34729.78,227
J100031,25/06/2026 12:00,32157.6,34730.21,238
J100031,25/06/2026 12:30,32157.99,34730.63,224
J100031,25/06/2026 13:00,32158.38,34731.05,235
J100031,25/06/2026 13:30,32158.77,34731.48,223
J100031,25/06/2026 14:00,32159.17,34731.9,230
J100031,25/06/2026 14:30,32159.56,34732.32,220
J100031,25/06/2026 15:00,32159.95,34732.75,228
J100031,25/06/2026 15:30,32160.34,34733.17,233
J100031,25/06/2026 16:00,32160.74,34733.59,225
J100031,25/06/2026 16:30,32161.13,34734.02,228
J100031,25/06/2026 17:00,32161.52,34734.44,235
J100031,25/06/2026 17:30,32161.91,34734.86,233
J100031,25/06/2026 18:00,32162.3,34735.29,237
J100031,25/06/2026 18:30,32162.7,34735.71,230
J100031,25/06/2026 19:00,32163.09,34736.14,239
J100031,25/06/2026 19:30,32163.48,34736.56,238
J100031,25/06/2026 20:00,32163.87,34736.98,225
J100031,25/06/2026 20:30,32164.26,34737.41,234
J100031,25/06/2026 21:00,32164.66,34737.83,233
J100031,25/06/2026 21:30,32165.05,34738.25,225
J100031,25/06/2026 22:00,32165.44,34738.68,225
J100031,25/06/2026 22:30,32165.83,34739.1,238
J100031,25/06/2026 23:00,32166.23,34739.52,224
J100031,25/06/2026 23:30,32166.62,34739.95,223
J100031,26/06/2026 00:00,32167.01,34740.37,237
J100031,26/06/2026 00:30,32167.4,34740.79,232
J100031,26/06/2026 01:00,32167.79,34741.22,223
J100031,26/06/2026 01:30,32168.19,34741.64,229
J100031,26/06/2026 02:00,32168.58,34742.07,231
J100031,26/06/2026 02:30,32168.97,34742.49,238
J100031,26/06/2026 03:00,32169.36,34742.91,226
J100031,26/06/2026 03:30,32169.76,34743.34,222
J100031,26/06/2026 04:00,32170.15,34743.76,232
J100031,26/06/2026 04:30,32170.54,34744.18,228
J100031,26/06/2026 05:00,32170.93,34744.61,233
J100031,26/06/2026 05:30,32171.32,34745.03,235
J100031,26/06/2026 06:00,32171.72,34745.45,235
J100031,26/06/2026 06:30,32172.11,34745.88,236
J100031,26/06/2026 07:00,32172.5,34746.3,235
J100031,26/06/2026 07:30,32172.89,34746.72,222
J100031,26/06/2026 08:00,32173.28,34747.15,226
J100031,26/06/2026 08:30,32173.68,34747.57,240
J100031,26/06/2026 09:00,32174.07,34747.99,226
J100031,26/06/2026 09:30,32174.46,34748.42,227
J100031,26/06/2026 10:00,32174.85,34748.84,239
J100031,26/06/2026 10:30,32175.25,34749.27,240
J100031,26/06/2026 11:00,32175.64,34749.69,231
J100031,26/06/2026 11:30,32176.03,34750.11,224
J100031,26/06/2026 12:00,32176.42,34750.54,228
J100031,26/06/2026 12:30,32176.81,34750.96,239
J100031,26/06/2026 13:00,32177.21,34751.38,226
J100031,26/06/2026 13:30,32177.6,34751.81,239
J100031,26/06/2026 14:00,32177.99,34752.23,236
J100031,26/06/2026 14:30,32178.38,34752.65,229
J100031,26/06/2026 15:00,32178.78,34753.08,230
J100031,26/06/2026 15:30,32179.17,34753.5,232
J100031,26/06/2026 16:00,32179.56,34753.92,230
J100031,26/06/2026 16:30,32179.95,34754.35,232
J100031,26/06/2026 17:00,32180.34,34754.77,236
J100031,26/06/2026 17:30,32180.74,34755.2,234
J100031,26/06/2026 18:00,32181.13,34755.62,235
J100031,26/06/2026 18:30,32181.52,34756.04,226
J100031,26/06/2026 19:00,32181.91,34756.47,233
J100031,26/06/2026 19:30,32182.31,34756.89,238
J100031,26/06/2026 20:00,32182.7,34757.31,236
J100031,26/06/2026 20:30,32183.09,34757.74,220
J100031,26/06/2026 21:00,32183.48,34758.16,237
J100031,26/06/2026 21:30,32183.87,34758.58,239
J100031,26/06/2026 22:00,32184.27,34759.01,223
J100031,26/06/2026 22:30,32184.66,34759.43,220
J100031,26/06/2026 23:00,32185.05,34759.85,230
J100031,26/06/2026 23:30,32185.44,34760.28,234
J100031,27/06/2026 00:00,32185.83,34760.7,228
J100031,27/06/2026 00:30,32186.23,34761.13,225
J100031,27/06/2026 01:00,32186.62,34761.55,231
J100031,27/06/2026 01:30,32187.01,34761.97,238
J100031,27/06/2026 02:00,32187.4,34762.4,224
J100031,27/06/2026 02:30,32187.8,34762.82,225
J100031,27/06/2026 03:00,32188.19,34763.24,223
J100031,27/06/2026 03:30,32188.58,34763.67,228
J100031,27/06/2026 04:00,32188.97,34764.09,222
J100031,27/06/2026 04:30,32189.36,34764.51,235
J100031,27/06/2026 05:00,32189.76,34764.94,235
J100031,27/06/2026 05:30,32190.15,34765.36,236
J100031,27/06/2026 06:00,32190.54,34765.78,239
J100031,27/06/2026 06:30,32190.93,34766.21,221
J100031,27/06/2026 07:00,32191.33,34766.63,232
J100031,27/06/2026 07:30,32191.72,34767.05,235
J100031,27/06/2026 08:00,32192.11,34767.48,234
J100031,27/06/2026 08:30,32192.5,34767.9,229
J100031,27/06/2026 09:00,32192.89,34768.33,227
J100031,27/06/2026 09:30,32193.29,34768.75,224
J100031,27/06/2026 10:00,32193.68,34769.17,226
J100031,27/06/2026 10:30,32194.07,34769.6,226
J100031,27/06/2026 11:00,32194.46,34770.02,230
J100031,27/06/2026 11:30,32194.85,34770.44,233
J100031,27/06/2026 12:00,32195.25,34770.87,224
J100031,27/06/2026 12:30,32195.64,34771.29,232
J100031,27/06/2026 13:00,32196.03,34771.71,223
J100031,27/06/2026 13:30,32196.42,34772.14,222
J100031,27/06/2026 14:00,32196.82,34772.56,234
J100031,27/06/2026 14:30,32197.21,34772.98,225
J100031,27/06/2026 15:00,32197.6,34773.41,227
J100031,27/06/2026 15:30,32197.99,34773.83,239
J100031,27/06/2026 16:00,32198.38,34774.26,229
J100031,27/06/2026 16:30,32198.78,34774.68,235
J100031,27/06/2026 17:00,32199.17,34775.1,223
J100031,27/06/2026 17:30,32199.56,34775.53,231
J100031,27/06/2026 18:00,32199.95,34775.95,221
J100031,27/06/2026 18:30,32200.35,34776.37,229
J100031,27/06/2026 19:00,32200.74,34776.8,233
J100031,27/06/2026 19:30,32201.13,34777.22,227
J100031,27/06/2026 20:00,32201.52,34777.64,229
J100031,27/06/2026 20:30,32201.91,34778.07,238
J100031,27/06/2026 21:00,32202.31,34778.49,240
J100031,27/06/2026 21:30,32202.7,34778.91,230
J100031,27/06/2026 22:00,32203.09,34779.34,221
J100031,27/06/2026 22:30,32203.48,34779.76,236
J100031,27/06/2026 23:00,32203.88,34780.19,222
J100031,27/06/2026 23:30,32204.27,34780.61,225
J100031,28/06/2026 00:00,32204.66,34781.03,227
J100031,28/06/2026 00:30,32205.05,34781.46,221
J100031,28/06/2026 01:00,32205.44,34781.88,230
J100031,28/06/2026 01:30,32205.84,34782.3,228
J100031,28/06/2026 02:00,32206.23,34782.73,232
J100031,28/06/2026 02:30,32206.62,34783.15,225
J100031,28/06/2026 03:00,32207.01,34783.57,227
J100031,28/06/2026 03:30,32207.4,34784,239
J100031,28/06/2026 04:00,32207.8,34784.42,228
J100031,28/06/2026 04:30,32208.19,34784.84,228
J100031,28/06/2026 05:00,32208.58,34785.27,230
J100031,28/06/2026 05:30,32208.97,34785.69,223
J100031,28/06/2026 06:00,32209.37,34786.11,238
J100031,28/06/2026 06:30,32209.76,34786.54,230
J100031,28/06/2026 07:00,32210.15,34786.96,239
J100031,28/06/2026 07:30,32210.54,34787.39,221
J100031,28/06/2026 08:00,32210.93,34787.81,231
J100031,28/06/2026 08:30,32211.33,34788.23,225
J100031,28/06/2026 09:00,32211.72,34788.66,229
J100031,28/06/2026 09:30,32212.11,34789.08,223
J100031,28/06/2026 10:00,32212.5,34789.5,232
J100031,28/06/2026 10:30,32212.9,34789.93,236
J100031,28/06/2026 11:00,32213.29,34790.35,223
J100031,28/06/2026 11:30,32213.68,34790.77,229
J100031,28/06/2026 12:00,32214.07,34791.2,236
J100031,28/06/2026 12:30,32214.46,34791.62,238
J100031,28/06/2026 13:00,32214.86,34792.04,225
J100031,28/06/2026 13:30,32215.25,34792.47,239
J100031,28/06/2026 14:00,32215.64,34792.89,234
J100031,28/06/2026 14:30,32216.03,34793.32,224
J100031,28/06/2026 15:00,32216.42,34793.74,235
J100031,28/06/2026 15:30,32216.82,34794.16,239
J100031,28/06/2026 16:00,32217.21,34794.59,233
J100031,28/06/2026 16:30,32217.6,34795.01,223
J100031,28/06/2026 17:00,32217.99,34795.43,233
J100031,28/06/2026 17:30,32218.39,34795.86,233
J100031,28/06/2026 18:00,32218.78,34796.28,233
J100031,28/06/2026 18:30,32219.17,34796.7,232
J100031,28/06/2026 19:00,32219.56,34797.13,224
J100031,28/06/2026 19:30,32219.95,34797.55,230
J100031,28/06/2026 20:00,32220.35,34797.97,232
J100031,28/06/2026 20:30,32220.74,34798.4,228
J100031,28/06/2026 21:00,32221.13,34798.82,225
J100031,28/06/2026 21:30,32221.52,34799.25,222
J100031,28/06/2026 22:00,32221.92,34799.67,227
J100031,28/06/2026 22:30,32222.31,34800.09,226
J100031,28/06/2026 23:00,32222.7,34800.52,227
J100031,28/06/2026 23:30,32223.09,34800.94,237
J100031,29/06/2026 00:00,32223.48,34801.36,224
J100031,29/06/2026 00:30,32223.88,34801.79,237
J100031,29/06/2026 01:00,32224.27,34802.21,220
J100031,29/06/2026 01:30,32224.66,34802.63,237
J100031,29/06/2026 02:00,32225.05,34803.06,237
J100031,29/06/2026 02:30,32225.45,34803.48,237
J100031,29/06/2026 03:00,32225.84,34803.9,226
J100031,29/06/2026 03:30,32226.23,34804.33,236
J100031,29/06/2026 04:00,32226.62,34804.75,225
J100031,29/06/2026 04:30,32227.01,34805.17,232
J100031,29/06/2026 05:00,32227.41,34805.6,239
J100031,29/06/2026 05:30,32227.8,34806.02,225
J100031,29/06/2026 06:00,32228.19,34806.45,232
J100031,29/06/2026 06:30,32228.58,34806.87,225
J100031,29/06/2026 07:00,32228.97,34807.29,232
J100031,29/06/2026 07:30,32229.37,34807.72,223
J100031,29/06/2026 08:00,32229.76,34808.14,224
J100031,29/06/2026 08:30,32230.15,34808.56,223
J100031,29/06/2026 09:00,32230.54,34808.99,235
J100031,29/06/2026 09:30,32230.94,34809.41,230
J100031,29/06/2026 10:00,32231.33,34809.83,237
J100031,29/06/2026 10:30,32231.72,34810.26,226
J100031,29/06/2026 11:00,32232.11,34810.68,226
J100031,29/06/2026 11:30,32232.5,34811.1,228
J100031,29/06/2026 12:00,32232.9,34811.53,230
J100031,29/06/2026 12:30,32233.29,34811.95,226
J100031,29/06/2026 13:00,32233.68,34812.38,222
J100031,29/06/2026 13:30,32234.07,34812.8,231
J100031,29/06/2026 14:00,32234.47,34813.22,227
J100031,29/06/2026 14:30,32234.86,34813.65,233
J100031,29/06/2026 15:00,32235.25,34814.07,226
J100031,29/06/2026 15:30,32235.64,34814.49,222
J100031,29/06/2026 16:00,32236.03,34814.92,229
J100031,29/06/2026 16:30,32236.43,34815.34,232
J100031,29/06/2026 17:00,32236.82,34815.76,223
J100031,29/06/2026 17:30,32237.21,34816.19,231
J100031,29/06/2026 18:00,32237.6,34816.61,235
J100031,29/06/2026 18:30,32237.99,34817.03,226
J100031,29/06/2026 19:00,32238.39,34817.46,236
J100031,29/06/2026 19:30,32238.78,34817.88,224
J100031,29/06/2026 20:00,32239.17,34818.31,223
J100031,29/06/2026 20:30,32239.56,34818.73,231
J100031,29/06/2026 21:00,32239.96,34819.15,233
J100031,29/06/2026 21:30,32240.35,34819.58,227
J100031,29/06/2026 22:00,32240.74,34820,231
J100031,29/06/2026 22:30,32241.13,34820.42,225
J100031,29/06/2026 23:00,32241.52,34820.85,223
J100031,29/06/2026 23:30,32241.92,34821.27,239
J100031,30/06/2026 00:00,32242.31,34821.69,227
J100031,30/06/2026 00:30,32242.7,34822.12,236
J100031,30/06/2026 01:00,32243.09,34822.54,232
J100031,30/06/2026 01:30,32243.49,34822.96,236
J100031,30/06/2026 02:00,32243.88,34823.39,235
J100031,30/06/2026 02:30,32244.27,34823.81,230
J100031,30/06/2026 03:00,32244.66,34824.23,224
J100031,30/06/2026 03:30,32245.05,34824.66,230
J100031,30/06/2026 04:00,32245.45,34825.08,229
J100031,30/06/2026 04:30,32245.84,34825.51,222
J100031,30/06/2026 05:00,32246.23,34825.93,232
J100031,30/06/2026 05:30,32246.62,34826.35,226
J100031,30/06/2026 06:00,32247.02,34826.78,233
J100031,30/06/2026 06:30,32247.41,34827.2,227
J100031,30/06/2026 07:00,32247.8,34827.62,224
J100031,30/06/2026 07:30,32248.19,34828.05,239
J100031,30/06/2026 08:00,32248.58,34828.47,224
J100031,30/06/2026 08:30,32248.98,34828.89,228
J100031,30/06/2026 09:00,32249.37,34829.32,236
J100031,30/06/2026 09:30,32249.76,34829.74,229
J100031,30/06/2026 10:00,32250.15,34830.16,227
J100031,30/06/2026 10:30,32250.54,34830.59,237
J100031,30/06/2026 11:00,32250.94,34831.01,221
J100031,30/06/2026 11:30,32251.33,34831.44,234
J100031,30/06/2026 12:00,32251.72,34831.86,231
J100031,30/06/2026 12:30,32252.11,34832.28,239
J100031,30/06/2026 13:00,32252.51,34832.71,237
J100031,30/06/2026 13:30,32252.9,34833.13,238
J100031,30/06/2026 14:00,32253.29,34833.55,237
J100031,30/06/2026 14:30,32253.68,34833.98,224
J100031,30/06/2026 15:00,32254.07,34834.4,239
J100031,30/06/2026 15:30,32254.47,34834.82,223
J100031,30/06/2026 16:00,32254.86,34835.25,225
J100031,30/06/2026 16:30,32255.25,34835.67,220
J100031,30/06/2026 17:00,32255.64,34836.09,223
J100031,30/06/2026 17:30,32256.04,34836.52,231
J100031,30/06/2026 18:00,32256.43,34836.94,231
J100031,30/06/2026 18:30,32256.82,34837.37,221
J100031,30/06/2026 19:00,32257.21,34837.79,237
J100031,30/06/2026 19:30,32257.6,34838.21,231
J100031,30/06/2026 20:00,32258,34838.64,239
J100031,30/06/2026 20:30,32258.39,34839.06,222
J100031,30/06/2026 21:00,32258.78,34839.48,227
J100031,30/06/2026 21:30,32259.17,34839.91,236
J100031,30/06/2026 22:00,32259.56,34840.33,229
J100031,30/06/2026 22:30,32259.96,34840.75,227
J100031,30/06/2026 23:00,32260.35,34841.18,234
J100031,30/06/2026 23:30,32260.74,34841.6,240
J100032,23/06/2026 23:30,45854.3,49522.65,221
J100032,24/06/2026 00:00,45854.69,49523.06,227
J100032,24/06/2026 00:30,45855.07,49523.48,221
J100032,24/06/2026 01:00,45855.46,49523.9,229
J100032,24/06/2026 01:30,45855.85,49524.31,237
J100032,24/06/2026 02:00,45856.23,49524.73,227
J100032,24/06/2026 02:30,45856.62,49525.15,225
J100032,24/06/2026 03:00,45857,49525.56,234
J100032,24/06/2026 03:30,45857.39,49525.98,236
J100032,24/06/2026 04:00,45857.78,49526.4,236
J100032,24/06/2026 04:30,45858.16,49526.82,235
J100032,24/06/2026 05:00,45858.55,49527.23,232
J100032,24/06/2026 05:30,45858.93,49527.65,223
J100032,24/06/2026 06:00,45859.32,49528.07,237
J100032,24/06/2026 06:30,45859.71,49528.48,229
J100032,24/06/2026 07:00,45860.09,49528.9,233
J100032,24/06/2026 07:30,45860.48,49529.32,235
J100032,24/06/2026 08:00,45860.87,49529.73,234
J100032,24/06/2026 08:30,45861.25,49530.15,222
J100032,24/06/2026 09:00,45861.64,49530.57,225
J100032,24/06/2026 09:30,45862.02,49530.99,234
J100032,24/06/2026 10:00,45862.41,49531.4,227
J100032,24/06/2026 10:30,45862.8,49531.82,229
J100032,24/06/2026 11:00,45863.18,49532.24,235
J100032,24/06/2026 11:30,45863.57,49532.65,237
J100032,24/06/2026 12:00,45863.95,49533.07,240
J100032,24/06/2026 12:30,45864.34,49533.49,239
J100032,24/06/2026 13:00,45864.73,49533.91,229
J100032,24/06/2026 13:30,45865.11,49534.32,237
J100032,24/06/2026 14:00,45865.5,49534.74,225
J100032,24/06/2026 14:30,45865.89,49535.16,234
J100032,24/06/2026 15:00,45866.27,49535.57,221
J100032,24/06/2026 15:30,45866.66,49535.99,233
J100032,24/06/2026 16:00,45867.04,49536.41,232
J100032,24/06/2026 16:30,45867.43,49536.82,224
J100032,24/06/2026 17:00,45867.82,49537.24,224
J100032,24/06/2026 17:30,45868.2,49537.66,237
J100032,24/06/2026 18:00,45868.59,49538.08,228
J100032,24/06/2026 18:30,45868.97,49538.49,236
J100032,24/06/2026 19:00,45869.36,49538.91,229
J100032,24/06/2026 19:30,45869.75,49539.33,223
J100032,24/06/2026 20:00,45870.13,49539.74,238
J100032,24/06/2026 20:30,45870.52,49540.16,224
J100032,24/06/2026 21:00,45870.91,49540.58,225
J100032,24/06/2026 21:30,45871.29,49540.99,228
J100032,24/06/2026 22:00,45871.68,49541.41,225
J100032,24/06/2026 22:30,45872.06,49541.83,225
J100032,24/06/2026 23:00,45872.45,49542.25,234
J100032,24/06/2026 23:30,45872.84,49542.66,236
J100032,25/06/2026 00:00,45873.22,49543.08,221
J100032,25/06/2026 00:30,45873.61,49543.5,225
J100032,25/06/2026 01:00,45873.99,49543.91,232
J100032,25/06/2026 01:30,45874.38,49544.33,233
J100032,25/06/2026 02:00,45874.77,49544.75,237
J100032,25/06/2026 02:30,45875.15,49545.17,221
J100032,25/06/2026 03:00,45875.54,49545.58,235
J100032,25/06/2026 03:30,45875.93,49546,225
J100032,25/06/2026 04:00,45876.31,49546.42,238
J100032,25/06/2026 04:30,45876.7,49546.83,239
J100032,25/06/2026 05:00,45877.08,49547.25,229
J100032,25/06/2026 05:30,45877.47,49547.67,236
J100032,25/06/2026 06:00,45877.86,49548.08,220
J100032,25/06/2026 06:30,45878.24,49548.5,236
J100032,25/06/2026 07:00,45878.63,49548.92,236
J100032,25/06/2026 07:30,45879.01,49549.34,225
J100032,25/06/2026 08:00,45879.4,49549.75,226
J100032,25/06/2026 08:30,45879.79,49550.17,232
J100032,25/06/2026 09:00,45880.17,49550.59,220
J100032,25/06/2026 09:30,45880.56,49551,228
J100032,25/06/2026 10:00,45880.95,49551.42,236
J100032,25/06/2026 10:30,45881.33,49551.84,230
J100032,25/06/2026 11:00,45881.72,49552.25,230
J100032,25/06/2026 11:30,45882.1,49552.67,228
J100032,25/06/2026 12:00,45882.49,49553.09,231
J100032,25/06/2026 12:30,45882.88,49553.51,227
J100032,25/06/2026 13:00,45883.26,49553.92,236
J100032,25/06/2026 13:30,45883.65,49554.34,231
J100032,25/06/2026 14:00,45884.03,49554.76,232
J100032,25/06/2026 14:30,45884.42,49555.17,231
J100032,25/06/2026 15:00,45884.81,49555.59,232
J100032,25/06/2026 15:30,45885.19,49556.01,225
J100032,25/06/2026 16:00,45885.58,49556.43,221
J100032,25/06/2026 16:30,45885.96,49556.84,227
J100032,25/06/2026 17:00,45886.35,49557.26,221
J100032,25/06/2026 17:30,45886.74,49557.68,221
J100032,25/06/2026 18:00,45887.12,49558.09,235
J100032,25/06/2026 18:30,45887.51,49558.51,223
J100032,25/06/2026 19:00,45887.9,49558.93,231
J100032,25/06/2026 19:30,45888.28,49559.34,221
J100032,25/06/2026 20:00,45888.67,49559.76,223
J100032,25/06/2026 20:30,45889.05,49560.18,231
J100032,25/06/2026 21:00,45889.44,49560.6,233
J100032,25/06/2026 21:30,45889.83,49561.01,239
J100032,25/06/2026 22:00,45890.21,49561.43,223
J100032,25/06/2026 22:30,45890.6,49561.85,236
J100032,25/06/2026 23:00,45890.98,49562.26,236
J100032,25/06/2026 23:30,45891.37,49562.68,240
J100032,26/06/2026 00:00,45891.76,49563.1,220
J100032,26/06/2026 00:30,45892.14,49563.51,239
J100032,26/06/2026 01:00,45892.53,49563.93,232
J100032,26/06/2026 01:30,45892.92,49564.35,236
J100032,26/06/2026 02:00,45893.3,49564.77,231
J100032,26/06/2026 02:30,45893.69,49565.18,240
J100032,26/06/2026 03:00,45894.07,49565.6,239
J100032,26/06/2026 03:30,45894.46,49566.02,222
J100032,26/06/2026 04:00,45894.85,49566.43,229
J100032,26/06/2026 04:30,45895.23,49566.85,228
J100032,26/06/2026 05:00,45895.62,49567.27,231
J100032,26/06/2026 05:30,45896,49567.69,230
J100032,26/06/2026 06:00,45896.39,49568.1,227
J100032,26/06/2026 06:30,45896.78,49568.52,239
J100032,26/06/2026 07:00,45897.16,49568.94,228
J100032,26/06/2026 07:30,45897.55,49569.35,233
J100032,26/06/2026 08:00,45897.94,49569.77,232
J100032,26/06/2026 08:30,45898.32,49570.19,237
J100032,26/06/2026 09:00,45898.71,49570.6,234
J100032,26/06/2026 09:30,45899.09,49571.02,220
J100032,26/06/2026 10:00,45899.48,49571.44,221
J100032,26/06/2026 10:30,45899.87,49571.86,230
J100032,26/06/2026 11:00,45900.25,49572.27,221
J100032,26/06/2026 11:30,45900.64,49572.69,237
J100032,26/06/2026 12:00,45901.02,49573.11,239
J100032,26/06/2026 12:30,45901.41,49573.52,220
J100032,26/06/2026 13:00,45901.8,49573.94,226
J100032,26/06/2026 13:30,45902.18,49574.36,222
J100032,26/06/2026 14:00,45902.57,49574.77,231
J100032,26/06/2026 14:30,45902.96,49575.19,230
J100032,26/06/2026 15:00,45903.34,49575.61,228
J100032,26/06/2026 15:30,45903.73,49576.03,236
J100032,26/06/2026 16:00,45904.11,49576.44,225
J100032,26/06/2026 16:30,45904.5,49576.86,228
J100032,26/06/2026 17:00,45904.89,49577.28,225
J100032,26/06/2026 17:30,45905.27,49577.69,223
J100032,26/06/2026 18:00,45905.66,49578.11,224
J100032,26/06/2026 18:30,45906.04,49578.53,233
J100032,26/06/2026 19:00,45906.43,49578.94,232
J100032,26/06/2026 19:30,45906.82,49579.36,236
J100032,26/06/2026 20:00,45907.2,49579.78,234
J100032,26/06/2026 20:30,45907.59,49580.2,232
J100032,26/06/2026 21:00,45907.98,49580.61,223
J100032,26/06/2026 21:30,45908.36,49581.03,237
J100032,26/06/2026 22:00,45908.75,49581.45,234
J100032,26/06/2026 22:30,45909.13,49581.86,221
J100032,26/06/2026 23:00,45909.52,49582.28,228
J100032,26/06/2026 23:30,45909.91,49582.7,235
J100032,27/06/2026 00:00,45910.29,49583.12,223
J100032,27/06/2026 00:30,45910.68,49583.53,234
J100032,27/06/2026 01:00,45911.06,49583.95,239
J100032,27/06/2026 01:30,45911.45,49584.37,240
J100032,27/06/2026 02:00,45911.84,49584.78,230
J100032,27/06/2026 02:30,45912.22,49585.2,239
J100032,27/06/2026 03:00,45912.61,49585.62,221
J100032,27/06/2026 03:30,45912.99,49586.03,227
J100032,27/06/2026 04:00,45913.38,49586.45,237
J100032,27/06/2026 04:30,45913.77,49586.87,230
J100032,27/06/2026 05:00,45914.15,49587.29,238
J100032,27/06/2026 05:30,45914.54,49587.7,223
J100032,27/06/2026 06:00,45914.93,49588.12,240
J100032,27/06/2026 06:30,45915.31,49588.54,238
J100032,27/06/2026 07:00,45915.7,49588.95,232
J100032,27/06/2026 07:30,45916.08,49589.37,231
J100032,27/06/2026 08:00,45916.47,49589.79,227
J100032,27/06/2026 08:30,45916.86,49590.2,230
J100032,27/06/2026 09:00,45917.24,49590.62,235
J100032,27/06/2026 09:30,45917.63,49591.04,235
J100032,27/06/2026 10:00,45918.01,49591.46,222
J100032,27/06/2026 10:30,45918.4,49591.87,236
J100032,27/06/2026 11:00,45918.79,49592.29,236
J100032,27/06/2026 11:30,45919.17,49592.71,236
J100032,27/06/2026 12:00,45919.56,49593.12,237
J100032,27/06/2026 12:30,45919.95,49593.54,225
J100032,27/06/2026 13:00,45920.33,49593.96,235
J100032,27/06/2026 13:30,45920.72,49594.38,226
J100032,27/06/2026 14:00,45921.1,49594.79,225
J100032,27/06/2026 14:30,45921.49,49595.21,237
J100032,27/06/2026 15:00,45921.88,49595.63,233
J100032,27/06/2026 15:30,45922.26,49596.04,239
J100032,27/06/2026 16:00,45922.65,49596.46,235
J100032,27/06/2026 16:30,45923.03,49596.88,234
J100032,27/06/2026 17:00,45923.42,49597.29,221
J100032,27/06/2026 17:30,45923.81,49597.71,233
J100032,27/06/2026 18:00,45924.19,49598.13,226
J100032,27/06/2026 18:30,45924.58,49598.55,235
J100032,27/06/2026 19:00,45924.97,49598.96,230
J100032,27/06/2026 19:30,45925.35,49599.38,239
J100032,27/06/2026 20:00,45925.74,49599.8,238
J100032,27/06/2026 20:30,45926.12,49600.21,233
J100032,27/06/2026 21:00,45926.51,49600.63,223
J100032,27/06/2026 21:30,45926.9,49601.05,233
J100032,27/06/2026 22:00,45927.28,49601.46,236
J100032,27/06/2026 22:30,45927.67,49601.88,231
J100032,27/06/2026 23:00,45928.05,49602.3,232
J100032,27/06/2026 23:30,45928.44,49602.72,234
J100032,28/06/2026 00:00,45928.83,49603.13,237
J100032,28/06/2026 00:30,45929.21,49603.55,238
J100032,28/06/2026 01:00,45929.6,49603.97,223
J100032,28/06/2026 01:30,45929.99,49604.38,224
J100032,28/06/2026 02:00,45930.37,49604.8,239
J100032,28/06/2026 02:30,45930.76,49605.22,230
J100032,28/06/2026 03:00,45931.14,49605.64,225
J100032,28/06/2026 03:30,45931.53,49606.05,220
J100032,28/06/2026 04:00,45931.92,49606.47,227
J100032,28/06/2026 04:30,45932.3,49606.89,233
J100032,28/06/2026 05:00,45932.69,49607.3,231
J100032,28/06/2026 05:30,45933.07,49607.72,221
J100032,28/06/2026 06:00,45933.46,49608.14,239
J100032,28/06/2026 06:30,45933.85,49608.55,237
J100032,28/06/2026 07:00,45934.23,49608.97,224
J100032,28/06/2026 07:30,45934.62,49609.39,237
J100032,28/06/2026 08:00,45935.01,49609.81,227
J100032,28/06/2026 08:30,45935.39,49610.22,226
J100032,28/06/2026 09:00,45935.78,49610.64,221
J100032,28/06/2026 09:30,45936.16,49611.06,223
J100032,28/06/2026 10:00,45936.55,49611.47,228
J100032,28/06/2026 10:30,45936.94,49611.89,235
J100032,28/06/2026 11:00,45937.32,49612.31,221
J100032,28/06/2026 11:30,45937.71,49612.72,237
J100032,28/06/2026 12:00,45938.09,49613.14,239
J100032,28/06/2026 12:30,45938.48,49613.56,232
J100032,28/06/2026 13:00,45938.87,49613.98,222
J100032,28/06/2026 13:30,45939.25,49614.39,237
J100032,28/06/2026 14:00,45939.64,49614.81,231
J100032,28/06/2026 14:30,45940.02,49615.23,227
J100032,28/06/2026 15:00,45940.41,49615.64,230
J100032,28/06/2026 15:30,45940.8,49616.06,230
J100032,28/06/2026 16:00,45941.18,49616.48,235
J100032,28/06/2026 16:30,45941.57,49616.9,225
J100032,28/06/2026 17:00,45941.96,49617.31,221
J100032,28/06/2026 17:30,45942.34,49617.73,232
J100032,28/06/2026 18:00,45942.73,49618.15,239
J100032,28/06/2026 18:30,45943.11,49618.56,232
J100032,28/06/2026 19:00,45943.5,49618.98,239
J100032,28/06/2026 19:30,45943.89,49619.4,238
J100032,28/06/2026 20:00,45944.27,49619.81,229
J100032,28/06/2026 20:30,45944.66,49620.23,232
J100032,28/06/2026 21:00,45945.04,49620.65,231
J100032,28/06/2026 21:30,45945.43,49621.07,237
J100032,28/06/2026 22:00,45945.82,49621.48,220
J100032,28/06/2026 22:30,45946.2,49621.9,222
J100032,28/06/2026 23:00,45946.59,49622.32,224
J100032,28/06/2026 23:30,45946.98,49622.73,238
J100032,29/06/2026 00:00,45947.36,49623.15,233
J100032,29/06/2026 00:30,45947.75,49623.57,220
J100032,29/06/2026 01:00,45948.13,49623.98,239
J100032,29/06/2026 01:30,45948.52,49624.4,224
J100032,29/06/2026 02:00,45948.91,49624.82,235
J100032,29/06/2026 02:30,45949.29,49625.24,231
J100032,29/06/2026 03:00,45949.68,49625.65,227
J100032,29/06/2026 03:30,45950.06,49626.07,225
J100032,29/06/2026 04:00,45950.45,49626.49,226
J100032,29/06/2026 04:30,45950.84,49626.9,231
J100032,29/06/2026 05:00,45951.22,49627.32,231
J100032,29/06/2026 05:30,45951.61,49627.74,228
J100032,29/06/2026 06:00,45952,49628.15,228
J100032,29/06/2026 06:30,45952.38,49628.57,225
J100032,29/06/2026 07:00,45952.77,49628.99,228
J100032,29/06/2026 07:30,45953.15,49629.41,238
J100032,29/06/2026 08:00,45953.54,49629.82,227
J100032,29/06/2026 08:30,45953.93,49630.24,221
J100032,29/06/2026 09:00,45954.31,49630.66,233
J100032,29/06/2026 09:30,45954.7,49631.07,233
J100032,29/06/2026 10:00,45955.08,49631.49,224
J100032,29/06/2026 10:30,45955.47,49631.91,231
J100032,29/06/2026 11:00,45955.86,49632.33,233
J100032,29/06/2026 11:30,45956.24,49632.74,231
J100032,29/06/2026 12:00,45956.63,49633.16,236
J100032,29/06/2026 12:30,45957.02,49633.58,237
J100032,29/06/2026 13:00,45957.4,49633.99,226
J100032,29/06/2026 13:30,45957.79,49634.41,224
J100032,29/06/2026 14:00,45958.17,49634.83,228
J100032,29/06/2026 14:30,45958.56,49635.24,225
J100032,29/06/2026 15:00,45958.95,49635.66,230
J100032,29/06/2026 15:30,45959.33,49636.08,221
J100032,29/06/2026 16:00,45959.72,49636.5,221
J100032,29/06/2026 16:30,45960.1,49636.91,234
J100032,29/06/2026 17:00,45960.49,49637.33,232
J100032,29/06/2026 17:30,45960.88,49637.75,229
J100032,29/06/2026 18:00,45961.26,49638.16,221
J100032,29/06/2026 18:30,45961.65,49638.58,223
J100032,29/06/2026 19:00,45962.03,49639,236
J100032,29/06/2026 19:30,45962.42,49639.41,226
J100032,29/06/2026 20:00,45962.81,49639.83,230
J100032,29/06/2026 20:30,45963.19,49640.25,222
J100032,29/06/2026 21:00,45963.58,49640.67,230
J100032,29/06/2026 21:30,45963.97,49641.08,223
J100032,29/06/2026 22:00,45964.35,49641.5,235
J100032,29/06/2026 22:30,45964.74,49641.92,232
J100032,29/06/2026 23:00,45965.12,49642.33,224
J100032,29/06/2026 23:30,45965.51,49642.75,237
J100032,30/06/2026 00:00,45965.9,49643.17,225
J100032,30/06/2026 00:30,45966.28,49643.59,240
J100032,30/06/2026 01:00,45966.67,49644,238
J100032,30/06/2026 01:30,45967.05,49644.42,226
J100032,30/06/2026 02:00,45967.44,49644.84,222
J100032,30/06/2026 02:30,45967.83,49645.25,229
J100032,30/06/2026 03:00,45968.21,49645.67,226
J100032,30/06/2026 03:30,45968.6,49646.09,231
J100032,30/06/2026 04:00,45968.99,49646.5,224
J100032,30/06/2026 04:30,45969.37,49646.92,228
J100032,30/06/2026 05:00,45969.76,49647.34,237
J100032,30/06/2026 05:30,45970.14,49647.76,239
J100032,30/06/2026 06:00,45970.53,49648.17,226
J100032,30/06/2026 06:30,45970.92,49648.59,221
J100032,30/06/2026 07:00,45971.3,49649.01,227
J100032,30/06/2026 07:30,45971.69,49649.42,224
J100032,30/06/2026 08:00,45972.07,49649.84,231
J100032,30/06/2026 08:30,45972.46,49650.26,226
J100032,30/06/2026 09:00,45972.85,49650.67,237
J100032,30/06/2026 09:30,45973.23,49651.09,230
J100032,30/06/2026 10:00,45973.62,49651.51,234
J100032,30/06/2026 10:30,45974.01,49651.93,221
J100032,30/06/2026 11:00,45974.39,49652.34,223
J100032,30/06/2026 11:30,45974.78,49652.76,222
J100032,30/06/2026 12:00,45975.16,49653.18,224
J100032,30/06/2026 12:30,45975.55,49653.59,239
J100032,30/06/2026 13:00,45975.94,49654.01,227
J100032,30/06/2026 13:30,45976.32,49654.43,233
J100032,30/06/2026 14:00,45976.71,49654.85,233
J100032,30/06/2026 14:30,45977.09,49655.26,222
J100032,30/06/2026 15:00,45977.48,49655.68,222
J100032,30/06/2026 15:30,45977.87,49656.1,237
J100032,30/06/2026 16:00,45978.25,49656.51,230
J100032,30/06/2026 16:30,45978.64,49656.93,223
J100032,30/06/2026 17:00,45979.03,49657.35,233
J100032,30/06/2026 17:30,45979.41,49657.76,238
J100032,30/06/2026 18:00,45979.8,49658.18,229
J100032,30/06/2026 18:30,45980.18,49658.6,238
J100032,30/06/2026 19:00,45980.57,49659.02,228
J100032,30/06/2026 19:30,45980.96,49659.43,224
J100032,30/06/2026 20:00,45981.34,49659.85,237
J100032,30/06/2026 20:30,45981.73,49660.27,226
J100032,30/06/2026 21:00,45982.11,49660.68,224
J100032,30/06/2026 21:30,45982.5,49661.1,227
J100032,30/06/2026 22:00,45982.89,49661.52,235
J100032,30/06/2026 22:30,45983.27,49661.93,229
J100032,30/06/2026 23:00,45983.66,49662.35,239
J100032,30/06/2026 23:30,45984.05,49662.77,240
J100033,23/06/2026 23:30,43192.89,46648.32,235
J100033,24/06/2026 00:00,43193.22,46648.67,231
J100033,24/06/2026 00:30,43193.54,46649.02,236
J100033,24/06/2026 01:00,43193.87,46649.38,229
J100033,24/06/2026 01:30,43194.19,46649.73,222
J100033,24/06/2026 02:00,43194.52,46650.08,223
J100033,24/06/2026 02:30,43194.84,46650.43,224
J100033,24/06/2026 03:00,43195.17,46650.78,229
J100033,24/06/2026 03:30,43195.49,46651.13,233
J100033,24/06/2026 04:00,43195.82,46651.48,238
J100033,24/06/2026 04:30,43196.14,46651.83,236
J100033,24/06/2026 05:00,43196.47,46652.18,230
J100033,24/06/2026 05:30,43196.79,46652.54,227
J100033,24/06/2026 06:00,43197.12,46652.89,230
J100033,24/06/2026 06:30,43197.44,46653.24,231
J100033,24/06/2026 07:00,43197.77,46653.59,223
J100033,24/06/2026 07:30,43198.09,46653.94,231
J100033,24/06/2026 08:00,43198.42,46654.29,221
J100033,24/06/2026 08:30,43198.74,46654.64,224
J100033,24/06/2026 09:00,43199.07,46654.99,237
J100033,24/06/2026 09:30,43199.39,46655.34,230
J100033,24/06/2026 10:00,43199.72,46655.69,224
J100033,24/06/2026 10:30,43200.04,46656.05,238
J100033,24/06/2026 11:00,43200.37,46656.4,231
J100033,24/06/2026 11:30,43200.69,46656.75,232
J100033,24/06/2026 12:00,43201.02,46657.1,231
J100033,24/06/2026 12:30,43201.34,46657.45,229
J100033,24/06/2026 13:00,43201.67,46657.8,222
J100033,24/06/2026 13:30,43201.99,46658.15,228
J100033,24/06/2026 14:00,43202.32,46658.5,234
J100033,24/06/2026 14:30,43202.64,46658.85,225
J100033,24/06/2026 15:00,43202.97,46659.21,230
J100033,24/06/2026 15:30,43203.29,46659.56,223
J100033,24/06/2026 16:00,43203.62,46659.91,239
J100033,24/06/2026 16:30,43203.94,46660.26,227
J100033,24/06/2026 17:00,43204.27,46660.61,225
J100033,24/06/2026 17:30,43204.59,46660.96,227
J100033,24/06/2026 18:00,43204.92,46661.31,238
J100033,24/06/2026 18:30,43205.24,46661.66,237
J100033,24/06/2026 19:00,43205.57,46662.01,229
J100033,24/06/2026 19:30,43205.89,46662.37,232
J100033,24/06/2026 20:00,43206.22,46662.72,224
J100033,24/06/2026 20:30,43206.54,46663.07,221
J100033,24/06/2026 21:00,43206.87,46663.42,239
J100033,24/06/2026 21:30,43207.19,46663.77,237
J100033,24/06/2026 22:00,43207.52,46664.12,226
J100033,24/06/2026 22:30,43207.84,46664.47,231
J100033,24/06/2026 23:00,43208.17,46664.82,223
J100033,24/06/2026 23:30,43208.49,46665.17,222
J100033,25/06/2026 00:00,43208.82,46665.53,234
J100033,25/06/2026 00:30,43209.14,46665.88,222
J100033,25/06/2026 01:00,43209.47,46666.23,221
J100033,25/06/2026 01:30,43209.79,46666.58,229
J100033,25/06/2026 02:00,43210.12,46666.93,222
J100033,25/06/2026 02:30,43210.45,46667.28,236
J100033,25/06/2026 03:00,43210.77,46667.63,236
J100033,25/06/2026 03:30,43211.1,46667.98,236
J100033,25/06/2026 04:00,43211.42,46668.33,232
J100033,25/06/2026 04:30,43211.75,46668.69,234
J100033,25/06/2026 05:00,43212.07,46669.04,235
J100033,25/06/2026 05:30,43212.4,46669.39,222
J100033,25/06/2026 06:00,43212.72,46669.74,225
J100033,25/06/2026 06:30,43213.05,46670.09,224
J100033,25/06/2026 07:00,43213.37,46670.44,225
J100033,25/06/2026 07:30,43213.7,46670.79,239
J100033,25/06/2026 08:00,43214.02,46671.14,227
J100033,25/06/2026 08:30,43214.35,46671.49,238
J100033,25/06/2026 09:00,43214.67,46671.84,234
J100033,25/06/2026 09:30,43215,46672.2,231
J100033,25/06/2026 10:00,43215.32,46672.55,240
J100033,25/06/2026 10:30,43215.65,46672.9,230
J100033,25/06/2026 11:00,43215.97,46673.25,222
J100033,25/06/2026 11:30,43216.3,46673.6,234
J100033,25/06/2026 12:00,43216.62,46673.95,233
J100033,25/06/2026 12:30,43216.95,46674.3,237
J100033,25/06/2026 13:00,43217.27,46674.65,235
J100033,25/06/2026 13:30,43217.6,46675,226
J100033,25/06/2026 14:00,43217.92,46675.36,221
J100033,25/06/2026 14:30,43218.25,46675.71,235
J100033,25/06/2026 15:00,43218.57,46676.06,232
J100033,25/06/2026 15:30,43218.9,46676.41,236
J100033,25/06/2026 16:00,43219.22,46676.76,238
J100033,25/06/2026 16:30,43219.55,46677.11,233
J100033,25/06/2026 17:00,43219.87,46677.46,237
J100033,25/06/2026 17:30,43220.2,46677.81,236
J100033,25/06/2026 18:00,43220.52,46678.16,225
J100033,25/06/2026 18:30,43220.85,46678.52,232
J100033,25/06/2026 19:00,43221.17,46678.87,235
J100033,25/06/2026 19:30,43221.5,46679.22,227
J100033,25/06/2026 20:00,43221.82,46679.57,240
J100033,25/06/2026 20:30,43222.15,46679.92,235
J100033,25/06/2026 21:00,43222.47,46680.27,220
J100033,25/06/2026 21:30,43222.8,46680.62,236
J100033,25/06/2026 22:00,43223.12,46680.97,237
J100033,25/06/2026 22:30,43223.45,46681.32,238
J100033,25/06/2026 23:00,43223.77,46681.68,226
J100033,25/06/2026 23:30,43224.1,46682.03,230
J100033,26/06/2026 00:00,43224.42,46682.38,233
J100033,26/06/2026 00:30,43224.75,46682.73,227
J100033,26/06/2026 01:00,43225.07,46683.08,237
J100033,26/06/2026 01:30,43225.4,46683.43,237
J100033,26/06/2026 02:00,43225.72,46683.78,236
J100033,26/06/2026 02:30,43226.05,46684.13,223
J100033,26/06/2026 03:00,43226.37,46684.48,239
J100033,26/06/2026 03:30,43226.7,46684.84,229
J100033,26/06/2026 04:00,43227.02,46685.19,238
J100033,26/06/2026 04:30,43227.35,46685.54,234
J100033,26/06/2026 05:00,43227.67,46685.89,240
J100033,26/06/2026 05:30,43228,46686.24,226
J100033,26/06/2026 06:00,43228.32,46686.59,234
J100033,26/06/2026 06:30,43228.65,46686.94,231
J100033,26/06/2026 07:00,43228.97,46687.29,221
J100033,26/06/2026 07:30,43229.3,46687.64,223
J100033,26/06/2026 08:00,43229.62,46687.99,225
J100033,26/06/2026 08:30,43229.95,46688.35,237
J100033,26/06/2026 09:00,43230.28,46688.7,225
J100033,26/06/2026 09:30,43230.6,46689.05,230
J100033,26/06/2026 10:00,43230.93,46689.4,230
J100033,26/06/2026 10:30,43231.25,46689.75,236
J100033,26/06/2026 11:00,43231.58,46690.1,232
J100033,26/06/2026 11:30,43231.9,46690.45,230
J100033,26/06/2026 12:00,43232.23,46690.8,221
J100033,26/06/2026 12:30,43232.55,46691.15,231
J100033,26/06/2026 13:00,43232.88,46691.51,223
J100033,26/06/2026 13:30,43233.2,46691.86,221
J100033,26/06/2026 14:00,43233.53,46692.21,235
J100033,26/06/2026 14:30,43233.85,46692.56,230
J100033,26/06/2026 15:00,43234.18,46692.91,224
J100033,26/06/2026 15:30,43234.5,46693.26,231
J100033,26/06/2026 16:00,43234.83,46693.61,226
J100033,26/06/2026 16:30,43235.15,46693.96,234
J100033,26/06/2026 17:00,43235.48,46694.31,229
J100033,26/06/2026 17:30,43235.8,46694.67,234
J100033,26/06/2026 18:00,43236.13,46695.02,226
J100033,26/06/2026 18:30,43236.45,46695.37,240
J100033,26/06/2026 19:00,43236.78,46695.72,237
J100033,26/06/2026 19:30,43237.1,46696.07,237
J100033,26/06/2026 20:00,43237.43,46696.42,233
J100033,26/06/2026 20:30,43237.75,46696.77,237
J100033,26/06/2026 21:00,43238.08,46697.12,234
J100033,26/06/2026 21:30,43238.4,46697.47,238
J100033,26/06/2026 22:00,43238.73,46697.83,235
J100033,26/06/2026 22:30,43239.05,46698.18,237
J100033,26/06/2026 23:00,43239.38,46698.53,231
J100033,26/06/2026 23:30,43239.7,46698.88,232
J100033,27/06/2026 00:00,43240.03,46699.23,224
J100033,27/06/2026 00:30,43240.35,46699.58,232
J100033,27/06/2026 01:00,43240.68,46699.93,222
J100033,27/06/2026 01:30,43241,46700.28,230
J100033,27/06/2026 02:00,43241.33,46700.63,227
J100033,27/06/2026 02:30,43241.65,46700.99,234
J100033,27/06/2026 03:00,43241.98,46701.34,229
J100033,27/06/2026 03:30,43242.3,46701.69,233
J100033,27/06/2026 04:00,43242.63,46702.04,229
J100033,27/06/2026 04:30,43242.95,46702.39,220
J100033,27/06/2026 05:00,43243.28,46702.74,235
J100033,27/06/2026 05:30,43243.6,46703.09,230
J100033,27/06/2026 06:00,43243.93,46703.44,220
J100033,27/06/2026 06:30,43244.25,46703.79,225
J100033,27/06/2026 07:00,43244.58,46704.15,222
J100033,27/06/2026 07:30,43244.9,46704.5,240
J100033,27/06/2026 08:00,43245.23,46704.85,230
J100033,27/06/2026 08:30,43245.55,46705.2,230
J100033,27/06/2026 09:00,43245.88,46705.55,224
J100033,27/06/2026 09:30,43246.2,46705.9,237
J100033,27/06/2026 10:00,43246.53,46706.25,237
J100033,27/06/2026 10:30,43246.85,46706.6,226
J100033,27/06/2026 11:00,43247.18,46706.95,234
J100033,27/06/2026 11:30,43247.5,46707.3,226
J100033,27/06/2026 12:00,43247.83,46707.66,226
J100033,27/06/2026 12:30,43248.15,46708.01,223
J100033,27/06/2026 13:00,43248.48,46708.36,220
J100033,27/06/2026 13:30,43248.8,46708.71,221
J100033,27/06/2026 14:00,43249.13,46709.06,239
J100033,27/06/2026 14:30,43249.45,46709.41,239
J100033,27/06/2026 15:00,43249.78,46709.76,236
J100033,27/06/2026 15:30,43250.11,46710.11,229
J100033,27/06/2026 16:00,43250.43,46710.46,237
J100033,27/06/2026 16:30,43250.76,46710.82,231
J100033,27/06/2026 17:00,43251.08,46711.17,235
J100033,27/06/2026 17:30,43251.41,46711.52,222
J100033,27/06/2026 18:00,43251.73,46711.87,238
J100033,27/06/2026 18:30,43252.06,46712.22,237
J100033,27/06/2026 19:00,43252.38,46712.57,232
J100033,27/06/2026 19:30,43252.71,46712.92,226
J100033,27/06/2026 20:00,43253.03,46713.27,224
J100033,27/06/2026 20:30,43253.36,46713.62,225
J100033,27/06/2026 21:00,43253.68,46713.98,229
J100033,27/06/2026 21:30,43254.01,46714.33,226
J100033,27/06/2026 22:00,43254.33,46714.68,223
J100033,27/06/2026 22:30,43254.66,46715.03,227
J100033,27/06/2026 23:00,43254.98,46715.38,232
J100033,27/06/2026 23:30,43255.31,46715.73,228
J100033,28/06/2026 00:00,43255.63,46716.08,226
J100033,28/06/2026 00:30,43255.96,46716.43,233
J100033,28/06/2026 01:00,43256.28,46716.78,223
J100033,28/06/2026 01:30,43256.61,46717.14,229
J100033,28/06/2026 02:00,43256.93,46717.49,232
J100033,28/06/2026 02:30,43257.26,46717.84,225
J100033,28/06/2026 03:00,43257.58,46718.19,235
J100033,28/06/2026 03:30,43257.91,46718.54,235
J100033,28/06/2026 04:00,43258.23,46718.89,222
J100033,28/06/2026 04:30,43258.56,46719.24,227
J100033,28/06/2026 05:00,43258.88,46719.59,223
J100033,28/06/2026 05:30,43259.21,46719.94,232
J100033,28/06/2026 06:00,43259.53,46720.3,235
J100033,28/06/2026 06:30,43259.86,46720.65,235
J100033,28/06/2026 07:00,43260.18,46721,236
J100033,28/06/2026 07:30,43260.51,46721.35,228
J100033,28/06/2026 08:00,43260.83,46721.7,229
J100033,28/06/2026 08:30,43261.16,46722.05,233
J100033,28/06/2026 09:00,43261.48,46722.4,235
J100033,28/06/2026 09:30,43261.81,46722.75,223
J100033,28/06/2026 10:00,43262.13,46723.1,237
J100033,28/06/2026 10:30,43262.46,46723.45,229
J100033,28/06/2026 11:00,43262.78,46723.81,235
J100033,28/06/2026 11:30,43263.11,46724.16,222
J100033,28/06/2026 12:00,43263.43,46724.51,236
J100033,28/06/2026 12:30,43263.76,46724.86,232
J100033,28/06/2026 13:00,43264.08,46725.21,235
J100033,28/06/2026 13:30,43264.41,46725.56,222
J100033,28/06/2026 14:00,43264.73,46725.91,235
J100033,28/06/2026 14:30,43265.06,46726.26,224
J100033,28/06/2026 15:00,43265.38,46726.61,225
J100033,28/06/2026 15:30,43265.71,46726.97,240
J100033,28/06/2026 16:00,43266.03,46727.32,237
J100033,28/06/2026 16:30,43266.36,46727.67,233
J100033,28/06/2026 17:00,43266.68,46728.02,226
J100033,28/06/2026 17:30,43267.01,46728.37,237
J100033,28/06/2026 18:00,43267.33,46728.72,237
J100033,28/06/2026 18:30,43267.66,46729.07,226
J100033,28/06/2026 19:00,43267.98,46729.42,233
J100033,28/06/2026 19:30,43268.31,46729.77,231
J100033,28/06/2026 20:00,43268.63,46730.13,228
J100033,28/06/2026 20:30,43268.96,46730.48,222
J100033,28/06/2026 21:00,43269.29,46730.83,224
J100033,28/06/2026 21:30,43269.61,46731.18,236
J100033,28/06/2026 22:00,43269.94,46731.53,231
J100033,28/06/2026 22:30,43270.26,46731.88,227
J100033,28/06/2026 23:00,43270.59,46732.23,235
J100033,28/06/2026 23:30,43270.91,46732.58,220
J100033,29/06/2026 00:00,43271.24,46732.93,240
J100033,29/06/2026 00:30,43271.56,46733.29,230
J100033,29/06/2026 01:00,43271.89,46733.64,236
J100033,29/06/2026 01:30,43272.21,46733.99,234
J100033,29/06/2026 02:00,43272.54,46734.34,233
J100033,29/06/2026 02:30,43272.86,46734.69,222
J100033,29/06/2026 03:00,43273.19,46735.04,235
J100033,29/06/2026 03:30,43273.51,46735.39,234
J100033,29/06/2026 04:00,43273.84,46735.74,222
J100033,29/06/2026 04:30,43274.16,46736.09,231
J100033,29/06/2026 05:00,43274.49,46736.45,232
J100033,29/06/2026 05:30,43274.81,46736.8,237
J100033,29/06/2026 06:00,43275.14,46737.15,225
J100033,29/06/2026 06:30,43275.46,46737.5,231
J100033,29/06/2026 07:00,43275.79,46737.85,228
J100033,29/06/2026 07:30,43276.11,46738.2,231
J100033,29/06/2026 08:00,43276.44,46738.55,228
J100033,29/06/2026 08:30,43276.76,46738.9,235
J100033,29/06/2026 09:00,43277.09,46739.25,222
J100033,29/06/2026 09:30,43277.41,46739.61,223
J100033,29/06/2026 10:00,43277.74,46739.96,234
J100033,29/06/2026 10:30,43278.06,46740.31,236
J100033,29/06/2026 11:00,43278.39,46740.66,227
J100033,29/06/2026 11:30,43278.71,46741.01,222
J100033,29/06/2026 12:00,43279.04,46741.36,240
J100033,29/06/2026 12:30,43279.36,46741.71,220
J100033,29/06/2026 13:00,43279.69,46742.06,238
J100033,29/06/2026 13:30,43280.01,46742.41,224
J100033,29/06/2026 14:00,43280.34,46742.76,225
J100033,29/06/2026 14:30,43280.66,46743.12,231
J100033,29/06/2026 15:00,43280.99,46743.47,228
J100033,29/06/2026 15:30,43281.31,46743.82,221
J100033,29/06/2026 16:00,43281.64,46744.17,239
J100033,29/06/2026 16:30,43281.96,46744.52,229
J100033,29/06/2026 17:00,43282.29,46744.87,221
J100033,29/06/2026 17:30,43282.61,46745.22,226
J100033,29/06/2026 18:00,43282.94,46745.57,238
J100033,29/06/2026 18:30,43283.26,46745.92,223
J100033,29/06/2026 19:00,43283.59,46746.28,230
J100033,29/06/2026 19:30,43283.91,46746.63,234
J100033,29/06/2026 20:00,43284.24,46746.98,235
J100033,29/06/2026 20:30,43284.56,46747.33,237
J100033,29/06/2026 21:00,43284.89,46747.68,229
J100033,29/06/2026 21:30,43285.21,46748.03,229
J100033,29/06/2026 22:00,43285.54,46748.38,220
J100033,29/06/2026 22:30,43285.86,46748.73,227
J100033,29/06/2026 23:00,43286.19,46749.08,238
J100033,29/06/2026 23:30,43286.51,46749.44,226
J100033,30/06/2026 00:00,43286.84,46749.79,238
J100033,30/06/2026 00:30,43287.16,46750.14,228
J100033,30/06/2026 01:00,43287.49,46750.49,231
J100033,30/06/2026 01:30,43287.81,46750.84,231
J100033,30/06/2026 02:00,43288.14,46751.19,224
J100033,30/06/2026 02:30,43288.46,46751.54,235
J100033,30/06/2026 03:00,43288.79,46751.89,230
J100033,30/06/2026 03:30,43289.12,46752.24,234
J100033,30/06/2026 04:00,43289.44,46752.6,237
J100033,30/06/2026 04:30,43289.77,46752.95,225
J100033,30/06/2026 05:00,43290.09,46753.3,236
J100033,30/06/2026 05:30,43290.42,46753.65,239
J100033,30/06/2026 06:00,43290.74,46754,225
J100033,30/06/2026 06:30,43291.07,46754.35,235
J100033,30/06/2026 07:00,43291.39,46754.7,232
J100033,30/06/2026 07:30,43291.72,46755.05,230
J100033,30/06/2026 08:00,43292.04,46755.4,234
J100033,30/06/2026 08:30,43292.37,46755.76,223
J100033,30/06/2026 09:00,43292.69,46756.11,239
J100033,30/06/2026 09:30,43293.02,46756.46,229
J100033,30/06/2026 10:00,43293.34,46756.81,225
J100033,30/06/2026 10:30,43293.67,46757.16,230
J100033,30/06/2026 11:00,43293.99,46757.51,237
J100033,30/06/2026 11:30,43294.32,46757.86,232
J100033,30/06/2026 12:00,43294.64,46758.21,221
J100033,30/06/2026 12:30,43294.97,46758.56,231
J100033,30/06/2026 13:00,43295.29,46758.91,236
J100033,30/06/2026 13:30,43295.62,46759.27,231
J100033,30/06/2026 14:00,43295.94,46759.62,235
J100033,30/06/2026 14:30,43296.27,46759.97,238
J100033,30/06/2026 15:00,43296.59,46760.32,238
J100033,30/06/2026 15:30,43296.92,46760.67,227
J100033,30/06/2026 16:00,43297.24,46761.02,225
J100033,30/06/2026 16:30,43297.57,46761.37,235
J100033,30/06/2026 17:00,43297.89,46761.72,222
J100033,30/06/2026 17:30,43298.22,46762.07,226
J100033,30/06/2026 18:00,43298.54,46762.43,232
J100033,30/06/2026 18:30,43298.87,46762.78,233
J100033,30/06/2026 19:00,43299.19,46763.13,221
J100033,30/06/2026 19:30,43299.52,46763.48,239
J100033,30/06/2026 20:00,43299.84,46763.83,225
J100033,30/06/2026 20:30,43300.17,46764.18,238
J100033,30/06/2026 21:00,43300.49,46764.53,227
J100033,30/06/2026 21:30,43300.82,46764.88,237
J100033,30/06/2026 22:00,43301.14,46765.23,237
J100033,30/06/2026 22:30,43301.47,46765.59,237
J100033,30/06/2026 23:00,43301.79,46765.94,237
J100033,30/06/2026 23:30,43302.12,46766.29,230
J100034,23/06/2026 23:30,25176.25,27190.35,229
J100034,24/06/2026 00:00,25176.65,27190.79,232
J100034,24/06/2026 00:30,25177.06,27191.23,226
J100034,24/06/2026 01:00,25177.47,27191.67,228
J100034,24/06/2026 01:30,25177.88,27192.11,235
J100034,24/06/2026 02:00,25178.28,27192.54,236
J100034,24/06/2026 02:30,25178.69,27192.98,232
J100034,24/06/2026 03:00,25179.1,27193.42,224
J100034,24/06/2026 03:30,25179.5,27193.86,236
J100034,24/06/2026 04:00,25179.91,27194.3,221
J100034,24/06/2026 04:30,25180.32,27194.74,230
J100034,24/06/2026 05:00,25180.72,27195.18,239
J100034,24/06/2026 05:30,25181.13,27195.62,220
J100034,24/06/2026 06:00,25181.54,27196.06,239
J100034,24/06/2026 06:30,25181.94,27196.5,233
J100034,24/06/2026 07:00,25182.35,27196.94,237
J100034,24/06/2026 07:30,25182.76,27197.38,231
J100034,24/06/2026 08:00,25183.17,27197.82,234
J100034,24/06/2026 08:30,25183.57,27198.26,227
J100034,24/06/2026 09:00,25183.98,27198.7,223
J100034,24/06/2026 09:30,25184.39,27199.14,238
J100034,24/06/2026 10:00,25184.79,27199.58,222
J100034,24/06/2026 10:30,25185.2,27200.02,235
J100034,24/06/2026 11:00,25185.61,27200.46,230
J100034,24/06/2026 11:30,25186.01,27200.9,225
J100034,24/06/2026 12:00,25186.42,27201.33,229
J100034,24/06/2026 12:30,25186.83,27201.77,226
J100034,24/06/2026 13:00,25187.23,27202.21,224
J100034,24/06/2026 13:30,25187.64,27202.65,233
J100034,24/06/2026 14:00,25188.05,27203.09,235
J100034,24/06/2026 14:30,25188.46,27203.53,225
J100034,24/06/2026 15:00,25188.86,27203.97,220
J100034,24/06/2026 15:30,25189.27,27204.41,230
J100034,24/06/2026 16:00,25189.68,27204.85,226
J100034,24/06/2026 16:30,25190.08,27205.29,236
J100034,24/06/2026 17:00,25190.49,27205.73,224
J100034,24/06/2026 17:30,25190.9,27206.17,233
J100034,24/06/2026 18:00,25191.3,27206.61,230
J100034,24/06/2026 18:30,25191.71,27207.05,240
J100034,24/06/2026 19:00,25192.12,27207.49,235
J100034,24/06/2026 19:30,25192.52,27207.93,221
J100034,24/06/2026 20:00,25192.93,27208.37,232
J100034,24/06/2026 20:30,25193.34,27208.81,225
J100034,24/06/2026 21:00,25193.75,27209.25,226
J100034,24/06/2026 21:30,25194.15,27209.68,222
J100034,24/06/2026 22:00,25194.56,27210.12,227
J100034,24/06/2026 22:30,25194.97,27210.56,224
J100034,24/06/2026 23:00,25195.37,27211,221
J100034,24/06/2026 23:30,25195.78,27211.44,235
J100034,25/06/2026 00:00,25196.19,27211.88,227
J100034,25/06/2026 00:30,25196.59,27212.32,229
J100034,25/06/2026 01:00,25197,27212.76,222
J100034,25/06/2026 01:30,25197.41,27213.2,225
J100034,25/06/2026 02:00,25197.81,27213.64,227
J100034,25/06/2026 02:30,25198.22,27214.08,238
J100034,25/06/2026 03:00,25198.63,27214.52,230
J100034,25/06/2026 03:30,25199.04,27214.96,228
J100034,25/06/2026 04:00,25199.44,27215.4,235
J100034,25/06/2026 04:30,25199.85,27215.84,232
J100034,25/06/2026 05:00,25200.26,27216.28,225
J100034,25/06/2026 05:30,25200.66,27216.72,238
J100034,25/06/2026 06:00,25201.07,27217.16,236
J100034,25/06/2026 06:30,25201.48,27217.6,227
J100034,25/06/2026 07:00,25201.88,27218.03,232
J100034,25/06/2026 07:30,25202.29,27218.47,223
J100034,25/06/2026 08:00,25202.7,27218.91,229
J100034,25/06/2026 08:30,25203.1,27219.35,221
J100034,25/06/2026 09:00,25203.51,27219.79,233
J100034,25/06/2026 09:30,25203.92,27220.23,238
J100034,25/06/2026 10:00,25204.33,27220.67,224
J100034,25/06/2026 10:30,25204.73,27221.11,234
J100034,25/06/2026 11:00,25205.14,27221.55,234
J100034,25/06/2026 11:30,25205.55,27221.99,229
J100034,25/06/2026 12:00,25205.95,27222.43,237
J100034,25/06/2026 12:30,25206.36,27222.87,239
J100034,25/06/2026 13:00,25206.77,27223.31,226
J100034,25/06/2026 13:30,25207.17,27223.75,239
J100034,25/06/2026 14:00,25207.58,27224.19,237
J100034,25/06/2026 14:30,25207.99,27224.63,225
J100034,25/06/2026 15:00,25208.39,27225.07,224
J100034,25/06/2026 15:30,25208.8,27225.51,232
J100034,25/06/2026 16:00,25209.21,27225.95,232
J100034,25/06/2026 16:30,25209.62,27226.39,229
J100034,25/06/2026 17:00,25210.02,27226.82,238
J100034,25/06/2026 17:30,25210.43,27227.26,233
J100034,25/06/2026 18:00,25210.84,27227.7,227
J100034,25/06/2026 18:30,25211.24,27228.14,225
J100034,25/06/2026 19:00,25211.65,27228.58,224
J100034,25/06/2026 19:30,25212.06,27229.02,236
J100034,25/06/2026 20:00,25212.46,27229.46,225
J100034,25/06/2026 20:30,25212.87,27229.9,227
J100034,25/06/2026 21:00,25213.28,27230.34,231
J100034,25/06/2026 21:30,25213.69,27230.78,225
J100034,25/06/2026 22:00,25214.09,27231.22,224
J100034,25/06/2026 22:30,25214.5,27231.66,226
J100034,25/06/2026 23:00,25214.91,27232.1,232
J100034,25/06/2026 23:30,25215.31,27232.54,232
J100034,26/06/2026 00:00,25215.72,27232.98,238
J100034,26/06/2026 00:30,25216.13,27233.42,222
J100034,26/06/2026 01:00,25216.53,27233.86,221
J100034,26/06/2026 01:30,25216.94,27234.3,235
J100034,26/06/2026 02:00,25217.35,27234.74,238
J100034,26/06/2026 02:30,25217.75,27235.17,224
J100034,26/06/2026 03:00,25218.16,27235.61,234
J100034,26/06/2026 03:30,25218.57,27236.05,231
J100034,26/06/2026 04:00,25218.98,27236.49,224
J100034,26/06/2026 04:30,25219.38,27236.93,231
J100034,26/06/2026 05:00,25219.79,27237.37,239
J100034,26/06/2026 05:30,25220.2,27237.81,236
J100034,26/06/2026 06:00,25220.6,27238.25,223
J100034,26/06/2026 06:30,25221.01,27238.69,221
J100034,26/06/2026 07:00,25221.42,27239.13,235
J100034,26/06/2026 07:30,25221.82,27239.57,229
J100034,26/06/2026 08:00,25222.23,27240.01,232
J100034,26/06/2026 08:30,25222.64,27240.45,220
J100034,26/06/2026 09:00,25223.04,27240.89,222
J100034,26/06/2026 09:30,25223.45,27241.33,225
J100034,26/06/2026 10:00,25223.86,27241.77,225
J100034,26/06/2026 10:30,25224.27,27242.21,232
J100034,26/06/2026 11:00,25224.67,27242.65,229
J100034,26/06/2026 11:30,25225.08,27243.09,221
J100034,26/06/2026 12:00,25225.49,27243.52,225
J100034,26/06/2026 12:30,25225.89,27243.96,235
J100034,26/06/2026 13:00,25226.3,27244.4,235
J100034,26/06/2026 13:30,25226.71,27244.84,222
J100034,26/06/2026 14:00,25227.11,27245.28,222
J100034,26/06/2026 14:30,25227.52,27245.72,235
J100034,26/06/2026 15:00,25227.93,27246.16,234
J100034,26/06/2026 15:30,25228.33,27246.6,233
J100034,26/06/2026 16:00,25228.74,27247.04,227
J100034,26/06/2026 16:30,25229.15,27247.48,238
J100034,26/06/2026 17:00,25229.56,27247.92,227
J100034,26/06/2026 17:30,25229.96,27248.36,224
J100034,26/06/2026 18:00,25230.37,27248.8,228
J100034,26/06/2026 18:30,25230.78,27249.24,226
J100034,26/06/2026 19:00,25231.18,27249.68,222
J100034,26/06/2026 19:30,25231.59,27250.12,222
J100034,26/06/2026 20:00,25232,27250.56,238
J100034,26/06/2026 20:30,25232.4,27251,236
J100034,26/06/2026 21:00,25232.81,27251.44,233
J100034,26/06/2026 21:30,25233.22,27251.87,229
J100034,26/06/2026 22:00,25233.62,27252.31,224
J100034,26/06/2026 22:30,25234.03,27252.75,221
J100034,26/06/2026 23:00,25234.44,27253.19,224
J100034,26/06/2026 23:30,25234.85,27253.63,234
J100034,27/06/2026 00:00,25235.25,27254.07,222
J100034,27/06/2026 00:30,25235.66,27254.51,237
J100034,27/06/2026 01:00,25236.07,27254.95,232
J100034,27/06/2026 01:30,25236.47,27255.39,238
J100034,27/06/2026 02:00,25236.88,27255.83,229
J100034,27/06/2026 02:30,25237.29,27256.27,239
J100034,27/06/2026 03:00,25237.69,27256.71,230
J100034,27/06/2026 03:30,25238.1,27257.15,227
J100034,27/06/2026 04:00,25238.51,27257.59,229
J100034,27/06/2026 04:30,25238.91,27258.03,223
J100034,27/06/2026 05:00,25239.32,27258.47,222
J100034,27/06/2026 05:30,25239.73,27258.91,227
J100034,27/06/2026 06:00,25240.14,27259.35,225
J100034,27/06/2026 06:30,25240.54,27259.79,239
J100034,27/06/2026 07:00,25240.95,27260.23,235
J100034,27/06/2026 07:30,25241.36,27260.66,238
J100034,27/06/2026 08:00,25241.76,27261.1,231
J100034,27/06/2026 08:30,25242.17,27261.54,227
J100034,27/06/2026 09:00,25242.58,27261.98,231
J100034,27/06/2026 09:30,25242.98,27262.42,233
J100034,27/06/2026 10:00,25243.39,27262.86,225
J100034,27/06/2026 10:30,25243.8,27263.3,220
J100034,27/06/2026 11:00,25244.2,27263.74,233
J100034,27/06/2026 11:30,25244.61,27264.18,235
J100034,27/06/2026 12:00,25245.02,27264.62,227
J100034,27/06/2026 12:30,25245.43,27265.06,228
J100034,27/06/2026 13:00,25245.83,27265.5,238
J100034,27/06/2026 13:30,25246.24,27265.94,239
J100034,27/06/2026 14:00,25246.65,27266.38,226
J100034,27/06/2026 14:30,25247.05,27266.82,240
J100034,27/06/2026 15:00,25247.46,27267.26,223
J100034,27/06/2026 15:30,25247.87,27267.7,223
J100034,27/06/2026 16:00,25248.27,27268.14,235
J100034,27/06/2026 16:30,25248.68,27268.58,236
J100034,27/06/2026 17:00,25249.09,27269.01,231
J100034,27/06/2026 17:30,25249.49,27269.45,238
J100034,27/06/2026 18:00,25249.9,27269.89,239
J100034,27/06/2026 18:30,25250.31,27270.33,238
J100034,27/06/2026 19:00,25250.72,27270.77,233
J100034,27/06/2026 19:30,25251.12,27271.21,226
J100034,27/06/2026 20:00,25251.53,27271.65,233
J100034,27/06/2026 20:30,25251.94,27272.09,230
J100034,27/06/2026 21:00,25252.34,27272.53,232
J100034,27/06/2026 21:30,25252.75,27272.97,228
J100034,27/06/2026 22:00,25253.16,27273.41,234
J100034,27/06/2026 22:30,25253.56,27273.85,233
J100034,27/06/2026 23:00,25253.97,27274.29,232
J100034,27/06/2026 23:30,25254.38,27274.73,220
J100034,28/06/2026 00:00,25254.78,27275.17,227
J100034,28/06/2026 00:30,25255.19,27275.61,227
J100034,28/06/2026 01:00,25255.6,27276.05,230
J100034,28/06/2026 01:30,25256.01,27276.49,226
J100034,28/06/2026 02:00,25256.41,27276.93,236
J100034,28/06/2026 02:30,25256.82,27277.36,230
J100034,28/06/2026 03:00,25257.23,27277.8,239
J100034,28/06/2026 03:30,25257.63,27278.24,232
J100034,28/06/2026 04:00,25258.04,27278.68,222
J100034,28/06/2026 04:30,25258.45,27279.12,224
J100034,28/06/2026 05:00,25258.85,27279.56,233
J100034,28/06/2026 05:30,25259.26,27280,226
J100034,28/06/2026 06:00,25259.67,27280.44,223
J100034,28/06/2026 06:30,25260.07,27280.88,228
J100034,28/06/2026 07:00,25260.48,27281.32,233
J100034,28/06/2026 07:30,25260.89,27281.76,229
J100034,28/06/2026 08:00,25261.3,27282.2,229
J100034,28/06/2026 08:30,25261.7,27282.64,227
J100034,28/06/2026 09:00,25262.11,27283.08,224
J100034,28/06/2026 09:30,25262.52,27283.52,239
J100034,28/06/2026 10:00,25262.92,27283.96,238
J100034,28/06/2026 10:30,25263.33,27284.4,235
J100034,28/06/2026 11:00,25263.74,27284.84,231
J100034,28/06/2026 11:30,25264.14,27285.28,237
J100034,28/06/2026 12:00,25264.55,27285.72,221
J100034,28/06/2026 12:30,25264.96,27286.15,236
J100034,28/06/2026 13:00,25265.36,27286.59,231
J100034,28/06/2026 13:30,25265.77,27287.03,234
J100034,28/06/2026 14:00,25266.18,27287.47,236
J100034,28/06/2026 14:30,25266.59,27287.91,228
J100034,28/06/2026 15:00,25266.99,27288.35,235
J100034,28/06/2026 15:30,25267.4,27288.79,222
J100034,28/06/2026 16:00,25267.81,27289.23,227
J100034,28/06/2026 16:30,25268.21,27289.67,222
J100034,28/06/2026 17:00,25268.62,27290.11,224
J100034,28/06/2026 17:30,25269.03,27290.55,224
J100034,28/06/2026 18:00,25269.43,27290.99,229
J100034,28/06/2026 18:30,25269.84,27291.43,236
J100034,28/06/2026 19:00,25270.25,27291.87,239
J100034,28/06/2026 19:30,25270.65,27292.31,237
J100034,28/06/2026 20:00,25271.06,27292.75,233
J100034,28/06/2026 20:30,25271.47,27293.19,220
J100034,28/06/2026 21:00,25271.88,27293.63,233
J100034,28/06/2026 21:30,25272.28,27294.07,224
J100034,28/06/2026 22:00,25272.69,27294.5,224
J100034,28/06/2026 22:30,25273.1,27294.94,225
J100034,28/06/2026 23:00,25273.5,27295.38,234
J100034,28/06/2026 23:30,25273.91,27295.82,233
J100034,29/06/2026 00:00,25274.32,27296.26,222
J100034,29/06/2026 00:30,25274.72,27296.7,229
J100034,29/06/2026 01:00,25275.13,27297.14,224
J100034,29/06/2026 01:30,25275.54,27297.58,223
J100034,29/06/2026 02:00,25275.94,27298.02,240
J100034,29/06/2026 02:30,25276.35,27298.46,221
J100034,29/06/2026 03:00,25276.76,27298.9,223
J100034,29/06/2026 03:30,25277.17,27299.34,227
J100034,29/06/2026 04:00,25277.57,27299.78,231
J100034,29/06/2026 04:30,25277.98,27300.22,230
J100034,29/06/2026 05:00,25278.39,27300.66,240
J100034,29/06/2026 05:30,25278.79,27301.1,234
J100034,29/06/2026 06:00,25279.2,27301.54,227
J100034,29/06/2026 06:30,25279.61,27301.98,226
J100034,29/06/2026 07:00,25280.01,27302.42,223
J100034,29/06/2026 07:30,25280.42,27302.85,227
J100034,29/06/2026 08:00,25280.83,27303.29,230
J100034,29/06/2026 08:30,25281.23,27303.73,235
J100034,29/06/2026 09:00,25281.64,27304.17,224
J100034,29/06/2026 09:30,25282.05,27304.61,221
J100034,29/06/2026 10:00,25282.46,27305.05,238
J100034,29/06/2026 10:30,25282.86,27305.49,221
J100034,29/06/2026 11:00,25283.27,27305.93,223
J100034,29/06/2026 11:30,25283.68,27306.37,225
J100034,29/06/2026 12:00,25284.08,27306.81,232
J100034,29/06/2026 12:30,25284.49,27307.25,235
J100034,29/06/2026 13:00,25284.9,27307.69,228
J100034,29/06/2026 13:30,25285.3,27308.13,234
J100034,29/06/2026 14:00,25285.71,27308.57,238
J100034,29/06/2026 14:30,25286.12,27309.01,234
J100034,29/06/2026 15:00,25286.53,27309.45,231
J100034,29/06/2026 15:30,25286.93,27309.89,231
J100034,29/06/2026 16:00,25287.34,27310.33,230
J100034,29/06/2026 16:30,25287.75,27310.77,237
J100034,29/06/2026 17:00,25288.15,27311.2,226
J100034,29/06/2026 17:30,25288.56,27311.64,236
J100034,29/06/2026 18:00,25288.97,27312.08,229
J100034,29/06/2026 18:30,25289.37,27312.52,223
J100034,29/06/2026 19:00,25289.78,27312.96,239
J100034,29/06/2026 19:30,25290.19,27313.4,229
J100034,29/06/2026 20:00,25290.59,27313.84,220
J100034,29/06/2026 20:30,25291,27314.28,229
J100034,29/06/2026 21:00,25291.41,27314.72,233
J100034,29/06/2026 21:30,25291.82,27315.16,228
J100034,29/06/2026 22:00,25292.22,27315.6,229
J100034,29/06/2026 22:30,25292.63,27316.04,222
J100034,29/06/2026 23:00,25293.04,27316.48,225
J100034,29/06/2026 23:30,25293.44,27316.92,227
J100034,30/06/2026 00:00,25293.85,27317.36,228
J100034,30/06/2026 00:30,25294.26,27317.8,226
J100034,30/06/2026 01:00,25294.66,27318.24,235
J100034,30/06/2026 01:30,25295.07,27318.68,224
J100034,30/06/2026 02:00,25295.48,27319.12,231
J100034,30/06/2026 02:30,25295.88,27319.56,232
J100034,30/06/2026 03:00,25296.29,27319.99,232
J100034,30/06/2026 03:30,25296.7,27320.43,230
J100034,30/06/2026 04:00,25297.11,27320.87,237
J100034,30/06/2026 04:30,25297.51,27321.31,222
J100034,30/06/2026 05:00,25297.92,27321.75,240
J100034,30/06/2026 05:30,25298.33,27322.19,226
J100034,30/06/2026 06:00,25298.73,27322.63,239
J100034,30/06/2026 06:30,25299.14,27323.07,229
J100034,30/06/2026 07:00,25299.55,27323.51,224
J100034,30/06/2026 07:30,25299.95,27323.95,239
J100034,30/06/2026 08:00,25300.36,27324.39,239
J100034,30/06/2026 08:30,25300.77,27324.83,224
J100034,30/06/2026 09:00,25301.17,27325.27,225
J100034,30/06/2026 09:30,25301.58,27325.71,236
J100034,30/06/2026 10:00,25301.99,27326.15,228
J100034,30/06/2026 10:30,25302.4,27326.59,239
J100034,30/06/2026 11:00,25302.8,27327.03,221
J100034,30/06/2026 11:30,25303.21,27327.47,223
J100034,30/06/2026 12:00,25303.62,27327.91,229
J100034,30/06/2026 12:30,25304.02,27328.34,236
J100034,30/06/2026 13:00,25304.43,27328.78,220
J100034,30/06/2026 13:30,25304.84,27329.22,232
J100034,30/06/2026 14:00,25305.24,27329.66,224
J100034,30/06/2026 14:30,25305.65,27330.1,236
J100034,30/06/2026 15:00,25306.06,27330.54,234
J100034,30/06/2026 15:30,25306.46,27330.98,240
J100034,30/06/2026 16:00,25306.87,27331.42,233
J100034,30/06/2026 16:30,25307.28,27331.86,235
J100034,30/06/2026 17:00,25307.69,27332.3,238
J100034,30/06/2026 17:30,25308.09,27332.74,238
J100034,30/06/2026 18:00,25308.5,27333.18,221
J100034,30/06/2026 18:30,25308.91,27333.62,226
J100034,30/06/2026 19:00,25309.31,27334.06,228
J100034,30/06/2026 19:30,25309.72,27334.5,237
J100034,30/06/2026 20:00,25310.13,27334.94,234
J100034,30/06/2026 20:30,25310.53,27335.38,226
J100034,30/06/2026 21:00,25310.94,27335.82,233
J100034,30/06/2026 21:30,25311.35,27336.26,236
J100034,30/06/2026 22:00,25311.75,27336.69,221
J100034,30/06/2026 22:30,25312.16,27337.13,222
J100034,30/06/2026 23:00,25312.57,27337.57,229
J100034,30/06/2026 23:30,25312.98,27338.01,224
J100035,23/06/2026 23:30,19783.54,21366.22,224
J100035,24/06/2026 00:00,19783.77,21366.48,232
J100035,24/06/2026 00:30,19784.01,21366.73,233
J100035,24/06/2026 01:00,19784.24,21366.98,233
J100035,24/06/2026 01:30,19784.48,21367.24,232
J100035,24/06/2026 02:00,19784.71,21367.49,239
J100035,24/06/2026 02:30,19784.95,21367.75,234
J100035,24/06/2026 03:00,19785.18,21368,222
J100035,24/06/2026 03:30,19785.42,21368.25,228
J100035,24/06/2026 04:00,19785.65,21368.51,230
J100035,24/06/2026 04:30,19785.89,21368.76,220
J100035,24/06/2026 05:00,19786.12,21369.01,221
J100035,24/06/2026 05:30,19786.36,21369.27,234
J100035,24/06/2026 06:00,19786.59,21369.52,226
J100035,24/06/2026 06:30,19786.83,21369.78,235
J100035,24/06/2026 07:00,19787.06,21370.03,228
J100035,24/06/2026 07:30,19787.3,21370.28,236
J100035,24/06/2026 08:00,19787.54,21370.54,223
J100035,24/06/2026 08:30,19787.77,21370.79,234
J100035,24/06/2026 09:00,19788.01,21371.05,231
J100035,24/06/2026 09:30,19788.24,21371.3,231
J100035,24/06/2026 10:00,19788.48,21371.55,221
J100035,24/06/2026 10:30,19788.71,21371.81,237
J100035,24/06/2026 11:00,19788.95,21372.06,229
J100035,24/06/2026 11:30,19789.18,21372.32,236
J100035,24/06/2026 12:00,19789.42,21372.57,239
J100035,24/06/2026 12:30,19789.65,21372.82,235
J100035,24/06/2026 13:00,19789.89,21373.08,229
J100035,24/06/2026 13:30,19790.12,21373.33,225
J100035,24/06/2026 14:00,19790.36,21373.58,226
J100035,24/06/2026 14:30,19790.59,21373.84,228
J100035,24/06/2026 15:00,19790.83,21374.09,237
J100035,24/06/2026 15:30,19791.06,21374.35,224
J100035,24/06/2026 16:00,19791.3,21374.6,236
J100035,24/06/2026 16:30,19791.53,21374.85,230
J100035,24/06/2026 17:00,19791.77,21375.11,239
J100035,24/06/2026 17:30,19792,21375.36,236
J100035,24/06/2026 18:00,19792.24,21375.62,233
J100035,24/06/2026 18:30,19792.47,21375.87,231
J100035,24/06/2026 19:00,19792.71,21376.12,237
J100035,24/06/2026 19:30,19792.94,21376.38,230
J100035,24/06/2026 20:00,19793.18,21376.63,229
J100035,24/06/2026 20:30,19793.41,21376.89,232
J100035,24/06/2026 21:00,19793.65,21377.14,237
J100035,24/06/2026 21:30,19793.88,21377.39,221
J100035,24/06/2026 22:00,19794.12,21377.65,224
J100035,24/06/2026 22:30,19794.35,21377.9,236
J100035,24/06/2026 23:00,19794.59,21378.15,239
J100035,24/06/2026 23:30,19794.82,21378.41,230
J100035,25/06/2026 00:00,19795.06,21378.66,225
J100035,25/06/2026 00:30,19795.29,21378.92,239
J100035,25/06/2026 01:00,19795.53,21379.17,227
J100035,25/06/2026 01:30,19795.76,21379.42,225
J100035,25/06/2026 02:00,19796,21379.68,229
J100035,25/06/2026 02:30,19796.23,21379.93,222
J100035,25/06/2026 03:00,19796.47,21380.19,230
J100035,25/06/2026 03:30,19796.7,21380.44,239
J100035,25/06/2026 04:00,19796.94,21380.69,225
J100035,25/06/2026 04:30,19797.17,21380.95,236
J100035,25/06/2026 05:00,19797.41,21381.2,240
J100035,25/06/2026 05:30,19797.64,21381.46,238
J100035,25/06/2026 06:00,19797.88,21381.71,230
J100035,25/06/2026 06:30,19798.11,21381.96,238
J100035,25/06/2026 07:00,19798.35,21382.22,234
J100035,25/06/2026 07:30,19798.58,21382.47,225
J100035,25/06/2026 08:00,19798.82,21382.73,224
J100035,25/06/2026 08:30,19799.05,21382.98,222
J100035,25/06/2026 09:00,19799.29,21383.23,238
J100035,25/06/2026 09:30,19799.52,21383.49,229
J100035,25/06/2026 10:00,19799.76,21383.74,238
J100035,25/06/2026 10:30,19799.99,21383.99,224
J100035,25/06/2026 11:00,19800.23,21384.25,221
J100035,25/06/2026 11:30,19800.47,21384.5,227
J100035,25/06/2026 12:00,19800.7,21384.76,222
J100035,25/06/2026 12:30,19800.94,21385.01,234
J100035,25/06/2026 13:00,19801.17,21385.26,231
J100035,25/06/2026 13:30,19801.41,21385.52,224
J100035,25/06/2026 14:00,19801.64,21385.77,238
J100035,25/06/2026 14:30,19801.88,21386.03,224
J100035,25/06/2026 15:00,19802.11,21386.28,234
J100035,25/06/2026 15:30,19802.35,21386.53,229
J100035,25/06/2026 16:00,19802.58,21386.79,229
J100035,25/06/2026 16:30,19802.82,21387.04,239
J100035,25/06/2026 17:00,19803.05,21387.3,240
J100035,25/06/2026 17:30,19803.29,21387.55,227
J100035,25/06/2026 18:00,19803.52,21387.8,230
J100035,25/06/2026 18:30,19803.76,21388.06,234
J100035,25/06/2026 19:00,19803.99,21388.31,225
J100035,25/06/2026 19:30,19804.23,21388.56,236
J100035,25/06/2026 20:00,19804.46,21388.82,237
J100035,25/06/2026 20:30,19804.7,21389.07,228
J100035,25/06/2026 21:00,19804.93,21389.33,231
J100035,25/06/2026 21:30,19805.17,21389.58,232
J100035,25/06/2026 22:00,19805.4,21389.83,231
J100035,25/06/2026 22:30,19805.64,21390.09,222
J100035,25/06/2026 23:00,19805.87,21390.34,221
J100035,25/06/2026 23:30,19806.11,21390.6,228
J100035,26/06/2026 00:00,19806.34,21390.85,222
J100035,26/06/2026 00:30,19806.58,21391.1,236
J100035,26/06/2026 01:00,19806.81,21391.36,222
J100035,26/06/2026 01:30,19807.05,21391.61,224
J100035,26/06/2026 02:00,19807.28,21391.87,233
J100035,26/06/2026 02:30,19807.52,21392.12,230
J100035,26/06/2026 03:00,19807.75,21392.37,235
J100035,26/06/2026 03:30,19807.99,21392.63,234
J100035,26/06/2026 04:00,19808.22,21392.88,238
J100035,26/06/2026 04:30,19808.46,21393.13,228
J100035,26/06/2026 05:00,19808.69,21393.39,226
J100035,26/06/2026 05:30,19808.93,21393.64,239
J100035,26/06/2026 06:00,19809.16,21393.9,223
J100035,26/06/2026 06:30,19809.4,21394.15,240
J100035,26/06/2026 07:00,19809.63,21394.4,232
J100035,26/06/2026 07:30,19809.87,21394.66,227
J100035,26/06/2026 08:00,19810.1,21394.91,239
J100035,26/06/2026 08:30,19810.34,21395.17,237
J100035,26/06/2026 09:00,19810.57,21395.42,229
J100035,26/06/2026 09:30,19810.81,21395.67,228
J100035,26/06/2026 10:00,19811.04,21395.93,231
J100035,26/06/2026 10:30,19811.28,21396.18,230
J100035,26/06/2026 11:00,19811.51,21396.44,230
J100035,26/06/2026 11:30,19811.75,21396.69,221
J100035,26/06/2026 12:00,19811.98,21396.94,239
J100035,26/06/2026 12:30,19812.22,21397.2,229
J100035,26/06/2026 13:00,19812.45,21397.45,227
J100035,26/06/2026 13:30,19812.69,21397.7,227
J100035,26/06/2026 14:00,19812.92,21397.96,223
J100035,26/06/2026 14:30,19813.16,21398.21,220
J100035,26/06/2026 15:00,19813.39,21398.47,221
J100035,26/06/2026 15:30,19813.63,21398.72,222
J100035,26/06/2026 16:00,19813.87,21398.97,235
J100035,26/06/2026 16:30,19814.1,21399.23,226
J100035,26/06/2026 17:00,19814.34,21399.48,239
J100035,26/06/2026 17:30,19814.57,21399.74,231
J100035,26/06/2026 18:00,19814.81,21399.99,238
J100035,26/06/2026 18:30,19815.04,21400.24,237
J100035,26/06/2026 19:00,19815.28,21400.5,237
J100035,26/06/2026 19:30,19815.51,21400.75,235
J100035,26/06/2026 20:00,19815.75,21401.01,221
J100035,26/06/2026 20:30,19815.98,21401.26,230
J100035,26/06/2026 21:00,19816.22,21401.51,228
J100035,26/06/2026 21:30,19816.45,21401.77,229
J100035,26/06/2026 22:00,19816.69,21402.02,232
J100035,26/06/2026 22:30,19816.92,21402.28,236
J100035,26/06/2026 23:00,19817.16,21402.53,233
J100035,26/06/2026 23:30,19817.39,21402.78,236
J100035,27/06/2026 00:00,19817.63,21403.04,240
J100035,27/06/2026 00:30,19817.86,21403.29,240
J100035,27/06/2026 01:00,19818.1,21403.54,222
J100035,27/06/2026 01:30,19818.33,21403.8,230
J100035,27/06/2026 02:00,19818.57,21404.05,228
J100035,27/06/2026 02:30,19818.8,21404.31,222
J100035,27/06/2026 03:00,19819.04,21404.56,239
J100035,27/06/2026 03:30,19819.27,21404.81,228
J100035,27/06/2026 04:00,19819.51,21405.07,226
J100035,27/06/2026 04:30,19819.74,21405.32,239
J100035,27/06/2026 05:00,19819.98,21405.58,233
J100035,27/06/2026 05:30,19820.21,21405.83,238
J100035,27/06/2026 06:00,19820.45,21406.08,225
J100035,27/06/2026 06:30,19820.68,21406.34,232
J100035,27/06/2026 07:00,19820.92,21406.59,234
J100035,27/06/2026 07:30,19821.15,21406.85,223
J100035,27/06/2026 08:00,19821.39,21407.1,222
J100035,27/06/2026 08:30,19821.62,21407.35,232
J100035,27/06/2026 09:00,19821.86,21407.61,224
J100035,27/06/2026 09:30,19822.09,21407.86,235
J100035,27/06/2026 10:00,19822.33,21408.11,235
J100035,27/06/2026 10:30,19822.56,21408.37,222
J100035,27/06/2026 11:00,19822.8,21408.62,230
J100035,27/06/2026 11:30,19823.03,21408.88,233
J100035,27/06/2026 12:00,19823.27,21409.13,240
J100035,27/06/2026 12:30,19823.5,21409.38,233
J100035,27/06/2026 13:00,19823.74,21409.64,224
J100035,27/06/2026 13:30,19823.97,21409.89,229
J100035,27/06/2026 14:00,19824.21,21410.15,240
J100035,27/06/2026 14:30,19824.44,21410.4,239
J100035,27/06/2026 15:00,19824.68,21410.65,238
J100035,27/06/2026 15:30,19824.91,21410.91,235
J100035,27/06/2026 16:00,19825.15,21411.16,233
J100035,27/06/2026 16:30,19825.38,21411.42,239
J100035,27/06/2026 17:00,19825.62,21411.67,232
J100035,27/06/2026 17:30,19825.85,21411.92,240
J100035,27/06/2026 18:00,19826.09,21412.18,227
J100035,27/06/2026 18:30,19826.32,21412.43,233
J100035,27/06/2026 19:00,19826.56,21412.68,224
J100035,27/06/2026 19:30,19826.8,21412.94,222
J100035,27/06/2026 20:00,19827.03,21413.19,232
J100035,27/06/2026 20:30,19827.27,21413.45,223
J100035,27/06/2026 21:00,19827.5,21413.7,235
J100035,27/06/2026 21:30,19827.74,21413.95,232
J100035,27/06/2026 22:00,19827.97,21414.21,233
J100035,27/06/2026 22:30,19828.21,21414.46,240
J100035,27/06/2026 23:00,19828.44,21414.72,240
J100035,27/06/2026 23:30,19828.68,21414.97,234
J100035,28/06/2026 00:00,19828.91,21415.22,226
J100035,28/06/2026 00:30,19829.15,21415.48,228
J100035,28/06/2026 01:00,19829.38,21415.73,234
J100035,28/06/2026 01:30,19829.62,21415.99,231
J100035,28/06/2026 02:00,19829.85,21416.24,221
J100035,28/06/2026 02:30,19830.09,21416.49,221
J100035,28/06/2026 03:00,19830.32,21416.75,237
J100035,28/06/2026 03:30,19830.56,21417,226
J100035,28/06/2026 04:00,19830.79,21417.25,232
J100035,28/06/2026 04:30,19831.03,21417.51,234
J100035,28/06/2026 05:00,19831.26,21417.76,221
J100035,28/06/2026 05:30,19831.5,21418.02,231
J100035,28/06/2026 06:00,19831.73,21418.27,220
J100035,28/06/2026 06:30,19831.97,21418.52,238
J100035,28/06/2026 07:00,19832.2,21418.78,228
J100035,28/06/2026 07:30,19832.44,21419.03,234
J100035,28/06/2026 08:00,19832.67,21419.29,234
J100035,28/06/2026 08:30,19832.91,21419.54,238
J100035,28/06/2026 09:00,19833.14,21419.79,230
J100035,28/06/2026 09:30,19833.38,21420.05,236
J100035,28/06/2026 10:00,19833.61,21420.3,221
J100035,28/06/2026 10:30,19833.85,21420.56,240
J100035,28/06/2026 11:00,19834.08,21420.81,230
J100035,28/06/2026 11:30,19834.32,21421.06,224
J100035,28/06/2026 12:00,19834.55,21421.32,232
J100035,28/06/2026 12:30,19834.79,21421.57,239
J100035,28/06/2026 13:00,19835.02,21421.83,235
J100035,28/06/2026 13:30,19835.26,21422.08,228
J100035,28/06/2026 14:00,19835.49,21422.33,230
J100035,28/06/2026 14:30,19835.73,21422.59,237
J100035,28/06/2026 15:00,19835.96,21422.84,222
J100035,28/06/2026 15:30,19836.2,21423.09,229
J100035,28/06/2026 16:00,19836.43,21423.35,220
J100035,28/06/2026 16:30,19836.67,21423.6,232
J100035,28/06/2026 17:00,19836.9,21423.86,239
J100035,28/06/2026 17:30,19837.14,21424.11,229
J100035,28/06/2026 18:00,19837.37,21424.36,239
J100035,28/06/2026 18:30,19837.61,21424.62,239
J100035,28/06/2026 19:00,19837.84,21424.87,238
J100035,28/06/2026 19:30,19838.08,21425.13,223
J100035,28/06/2026 20:00,19838.31,21425.38,231
J100035,28/06/2026 20:30,19838.55,21425.63,221
J100035,28/06/2026 21:00,19838.78,21425.89,234
J100035,28/06/2026 21:30,19839.02,21426.14,237
J100035,28/06/2026 22:00,19839.25,21426.4,225
J100035,28/06/2026 22:30,19839.49,21426.65,235
J100035,28/06/2026 23:00,19839.72,21426.9,239
J100035,28/06/2026 23:30,19839.96,21427.16,220
J100035,29/06/2026 00:00,19840.2,21427.41,227
J100035,29/06/2026 00:30,19840.43,21427.66,238
J100035,29/06/2026 01:00,19840.67,21427.92,235
J100035,29/06/2026 01:30,19840.9,21428.17,237
J100035,29/06/2026 02:00,19841.14,21428.43,225
J100035,29/06/2026 02:30,19841.37,21428.68,224
J100035,29/06/2026 03:00,19841.61,21428.93,230
J100035,29/06/2026 03:30,19841.84,21429.19,234
J100035,29/06/2026 04:00,19842.08,21429.44,224
J100035,29/06/2026 04:30,19842.31,21429.7,223
J100035,29/06/2026 05:00,19842.55,21429.95,237
J100035,29/06/2026 05:30,19842.78,21430.2,228
J100035,29/06/2026 06:00,19843.02,21430.46,233
J100035,29/06/2026 06:30,19843.25,21430.71,236
J100035,29/06/2026 07:00,19843.49,21430.97,221
J100035,29/06/2026 07:30,19843.72,21431.22,220
J100035,29/06/2026 08:00,19843.96,21431.47,239
J100035,29/06/2026 08:30,19844.19,21431.73,226
J100035,29/06/2026 09:00,19844.43,21431.98,227
J100035,29/06/2026 09:30,19844.66,21432.23,236
J100035,29/06/2026 10:00,19844.9,21432.49,238
J100035,29/06/2026 10:30,19845.13,21432.74,224
J100035,29/06/2026 11:00,19845.37,21433,223
J100035,29/06/2026 11:30,19845.6,21433.25,234
J100035,29/06/2026 12:00,19845.84,21433.5,227
J100035,29/06/2026 12:30,19846.07,21433.76,226
J100035,29/06/2026 13:00,19846.31,21434.01,229
J100035,29/06/2026 13:30,19846.54,21434.27,234
J100035,29/06/2026 14:00,19846.78,21434.52,223
J100035,29/06/2026 14:30,19847.01,21434.77,220
J100035,29/06/2026 15:00,19847.25,21435.03,227
J100035,29/06/2026 15:30,19847.48,21435.28,223
J100035,29/06/2026 16:00,19847.72,21435.54,225
J100035,29/06/2026 16:30,19847.95,21435.79,233
J100035,29/06/2026 17:00,19848.19,21436.04,227
J100035,29/06/2026 17:30,19848.42,21436.3,235
J100035,29/06/2026 18:00,19848.66,21436.55,234
J100035,29/06/2026 18:30,19848.89,21436.8,222
J100035,29/06/2026 19:00,19849.13,21437.06,223
J100035,29/06/2026 19:30,19849.36,21437.31,235
J100035,29/06/2026 20:00,19849.6,21437.57,227
J100035,29/06/2026 20:30,19849.83,21437.82,234
J100035,29/06/2026 21:00,19850.07,21438.07,233
J100035,29/06/2026 21:30,19850.3,21438.33,230
J100035,29/06/2026 22:00,19850.54,21438.58,238
J100035,29/06/2026 22:30,19850.77,21438.84,233
J100035,29/06/2026 23:00,19851.01,21439.09,234
J100035,29/06/2026 23:30,19851.24,21439.34,231
J100035,30/06/2026 00:00,19851.48,21439.6,226
J100035,30/06/2026 00:30,19851.71,21439.85,230
J100035,30/06/2026 01:00,19851.95,21440.11,229
J100035,30/06/2026 01:30,19852.18,21440.36,222
J100035,30/06/2026 02:00,19852.42,21440.61,233
J100035,30/06/2026 02:30,19852.65,21440.87,222
J100035,30/06/2026 03:00,19852.89,21441.12,238
J100035,30/06/2026 03:30,19853.13,21441.38,234
J100035,30/06/2026 04:00,19853.36,21441.63,231
J100035,30/06/2026 04:30,19853.6,21441.88,228
J100035,30/06/2026 05:00,19853.83,21442.14,233
J100035,30/06/2026 05:30,19854.07,21442.39,230
J100035,30/06/2026 06:00,19854.3,21442.64,229
J100035,30/06/2026 06:30,19854.54,21442.9,221
J100035,30/06/2026 07:00,19854.77,21443.15,239
J100035,30/06/2026 07:30,19855.01,21443.41,230
J100035,30/06/2026 08:00,19855.24,21443.66,238
J100035,30/06/2026 08:30,19855.48,21443.91,237
J100035,30/06/2026 09:00,19855.71,21444.17,237
J100035,30/06/2026 09:30,19855.95,21444.42,238
J100035,30/06/2026 10:00,19856.18,21444.68,223
J100035,30/06/2026 10:30,19856.42,21444.93,223
J100035,30/06/2026 11:00,19856.65,21445.18,229
J100035,30/06/2026 11:30,19856.89,21445.44,235
J100035,30/06/2026 12:00,19857.12,21445.69,226
J100035,30/06/2026 12:30,19857.36,21445.95,224
J100035,30/06/2026 13:00,19857.59,21446.2,239
J100035,30/06/2026 13:30,19857.83,21446.45,235
J100035,30/06/2026 14:00,19858.06,21446.71,230
J100035,30/06/2026 14:30,19858.3,21446.96,232
J100035,30/06/2026 15:00,19858.53,21447.21,234
J100035,30/06/2026 15:30,19858.77,21447.47,237
J100035,30/06/2026 16:00,19859,21447.72,230
J100035,30/06/2026 16:30,19859.24,21447.98,233
J100035,30/06/2026 17:00,19859.47,21448.23,228
J100035,30/06/2026 17:30,19859.71,21448.48,221
J100035,30/06/2026 18:00,19859.94,21448.74,224
J100035,30/06/2026 18:30,19860.18,21448.99,225
J100035,30/06/2026 19:00,19860.41,21449.25,222
J100035,30/06/2026 19:30,19860.65,21449.5,226
J100035,30/06/2026 20:00,19860.88,21449.75,224
J100035,30/06/2026 20:30,19861.12,21450.01,235
J100035,30/06/2026 21:00,19861.35,21450.26,236
J100035,30/06/2026 21:30,19861.59,21450.52,223
J100035,30/06/2026 22:00,19861.82,21450.77,239
J100035,30/06/2026 22:30,19862.06,21451.02,240
J100035,30/06/2026 23:00,19862.29,21451.28,225
J100035,30/06/2026 23:30,19862.53,21451.53,225
J100036,23/06/2026 23:30,15697.4,16953.19,233
J100036,24/06/2026 00:00,15697.85,16953.68,240
J100036,24/06/2026 00:30,15698.31,16954.17,225
J100036,24/06/2026 01:00,15698.76,16954.66,221
J100036,24/06/2026 01:30,15699.22,16955.16,240
J100036,24/06/2026 02:00,15699.68,16955.65,226
J100036,24/06/2026 02:30,15700.13,16956.14,239
J100036,24/06/2026 03:00,15700.59,16956.63,224
J100036,24/06/2026 03:30,15701.04,16957.13,224
J100036,24/06/2026 04:00,15701.5,16957.62,225
J100036,24/06/2026 04:30,15701.96,16958.11,227
J100036,24/06/2026 05:00,15702.41,16958.6,225
J100036,24/06/2026 05:30,15702.87,16959.1,225
J100036,24/06/2026 06:00,15703.32,16959.59,222
J100036,24/06/2026 06:30,15703.78,16960.08,220
J100036,24/06/2026 07:00,15704.24,16960.57,227
J100036,24/06/2026 07:30,15704.69,16961.07,232
J100036,24/06/2026 08:00,15705.15,16961.56,228
J100036,24/06/2026 08:30,15705.6,16962.05,238
J100036,24/06/2026 09:00,15706.06,16962.54,227
J100036,24/06/2026 09:30,15706.52,16963.04,231
J100036,24/06/2026 10:00,15706.97,16963.53,234
J100036,24/06/2026 10:30,15707.43,16964.02,220
J100036,24/06/2026 11:00,15707.88,16964.51,236
J100036,24/06/2026 11:30,15708.34,16965.01,234
J100036,24/06/2026 12:00,15708.79,16965.5,222
J100036,24/06/2026 12:30,15709.25,16965.99,226
J100036,24/06/2026 13:00,15709.71,16966.48,227
J100036,24/06/2026 13:30,15710.16,16966.98,225
J100036,24/06/2026 14:00,15710.62,16967.47,234
J100036,24/06/2026 14:30,15711.07,16967.96,236
J100036,24/06/2026 15:00,15711.53,16968.45,238
J100036,24/06/2026 15:30,15711.99,16968.95,229
J100036,24/06/2026 16:00,15712.44,16969.44,223
J100036,24/06/2026 16:30,15712.9,16969.93,232
J100036,24/06/2026 17:00,15713.35,16970.42,237
J100036,24/06/2026 17:30,15713.81,16970.92,232
J100036,24/06/2026 18:00,15714.27,16971.41,223
J100036,24/06/2026 18:30,15714.72,16971.9,229
J100036,24/06/2026 19:00,15715.18,16972.39,228
J100036,24/06/2026 19:30,15715.63,16972.89,230
J100036,24/06/2026 20:00,15716.09,16973.38,229
J100036,24/06/2026 20:30,15716.55,16973.87,226
J100036,24/06/2026 21:00,15717,16974.36,237
J100036,24/06/2026 21:30,15717.46,16974.86,228
J100036,24/06/2026 22:00,15717.91,16975.35,221
J100036,24/06/2026 22:30,15718.37,16975.84,234
J100036,24/06/2026 23:00,15718.83,16976.33,236
J100036,24/06/2026 23:30,15719.28,16976.82,223
J100036,25/06/2026 00:00,15719.74,16977.32,226
J100036,25/06/2026 00:30,15720.19,16977.81,238
J100036,25/06/2026 01:00,15720.65,16978.3,234
J100036,25/06/2026 01:30,15721.11,16978.79,228
J100036,25/06/2026 02:00,15721.56,16979.29,223
J100036,25/06/2026 02:30,15722.02,16979.78,227
J100036,25/06/2026 03:00,15722.47,16980.27,222
J100036,25/06/2026 03:30,15722.93,16980.76,224
J100036,25/06/2026 04:00,15723.39,16981.26,238
J100036,25/06/2026 04:30,15723.84,16981.75,227
J100036,25/06/2026 05:00,15724.3,16982.24,232
J100036,25/06/2026 05:30,15724.75,16982.73,232
J100036,25/06/2026 06:00,15725.21,16983.23,234
J100036,25/06/2026 06:30,15725.67,16983.72,239
J100036,25/06/2026 07:00,15726.12,16984.21,238
J100036,25/06/2026 07:30,15726.58,16984.7,233
J100036,25/06/2026 08:00,15727.03,16985.2,228
J100036,25/06/2026 08:30,15727.49,16985.69,233
J100036,25/06/2026 09:00,15727.95,16986.18,225
J100036,25/06/2026 09:30,15728.4,16986.67,221
J100036,25/06/2026 10:00,15728.86,16987.17,237
J100036,25/06/2026 10:30,15729.31,16987.66,220
J100036,25/06/2026 11:00,15729.77,16988.15,220
J100036,25/06/2026 11:30,15730.23,16988.64,222
J100036,25/06/2026 12:00,15730.68,16989.14,235
J100036,25/06/2026 12:30,15731.14,16989.63,221
J100036,25/06/2026 13:00,15731.59,16990.12,224
J100036,25/06/2026 13:30,15732.05,16990.61,239
J100036,25/06/2026 14:00,15732.51,16991.11,225
J100036,25/06/2026 14:30,15732.96,16991.6,237
J100036,25/06/2026 15:00,15733.42,16992.09,221
J100036,25/06/2026 15:30,15733.87,16992.58,240
J100036,25/06/2026 16:00,15734.33,16993.08,232
J100036,25/06/2026 16:30,15734.79,16993.57,231
J100036,25/06/2026 17:00,15735.24,16994.06,223
J100036,25/06/2026 17:30,15735.7,16994.55,229
J100036,25/06/2026 18:00,15736.15,16995.05,237
J100036,25/06/2026 18:30,15736.61,16995.54,229
J100036,25/06/2026 19:00,15737.07,16996.03,232
J100036,25/06/2026 19:30,15737.52,16996.52,228
J100036,25/06/2026 20:00,15737.98,16997.02,235
J100036,25/06/2026 20:30,15738.43,16997.51,221
J100036,25/06/2026 21:00,15738.89,16998,221
J100036,25/06/2026 21:30,15739.35,16998.49,229
J100036,25/06/2026 22:00,15739.8,16998.99,235
J100036,25/06/2026 22:30,15740.26,16999.48,236
J100036,25/06/2026 23:00,15740.71,16999.97,235
J100036,25/06/2026 23:30,15741.17,17000.46,238
J100036,26/06/2026 00:00,15741.63,17000.96,233
J100036,26/06/2026 00:30,15742.08,17001.45,235
J100036,26/06/2026 01:00,15742.54,17001.94,236
J100036,26/06/2026 01:30,15742.99,17002.43,236
J100036,26/06/2026 02:00,15743.45,17002.92,233
J100036,26/06/2026 02:30,15743.9,17003.42,225
J100036,26/06/2026 03:00,15744.36,17003.91,233
J100036,26/06/2026 03:30,15744.82,17004.4,233
J100036,26/06/2026 04:00,15745.27,17004.89,239
J100036,26/06/2026 04:30,15745.73,17005.39,226
J100036,26/06/2026 05:00,15746.18,17005.88,230
J100036,26/06/2026 05:30,15746.64,17006.37,223
J100036,26/06/2026 06:00,15747.1,17006.86,220
J100036,26/06/2026 06:30,15747.55,17007.36,234
J100036,26/06/2026 07:00,15748.01,17007.85,235
J100036,26/06/2026 07:30,15748.46,17008.34,224
J100036,26/06/2026 08:00,15748.92,17008.83,237
J100036,26/06/2026 08:30,15749.38,17009.33,232
J100036,26/06/2026 09:00,15749.83,17009.82,221
J100036,26/06/2026 09:30,15750.29,17010.31,233
J100036,26/06/2026 10:00,15750.74,17010.8,226
J100036,26/06/2026 10:30,15751.2,17011.3,224
J100036,26/06/2026 11:00,15751.66,17011.79,231
J100036,26/06/2026 11:30,15752.11,17012.28,236
J100036,26/06/2026 12:00,15752.57,17012.77,229
J100036,26/06/2026 12:30,15753.02,17013.27,234
J100036,26/06/2026 13:00,15753.48,17013.76,235
J100036,26/06/2026 13:30,15753.94,17014.25,236
J100036,26/06/2026 14:00,15754.39,17014.74,221
J100036,26/06/2026 14:30,15754.85,17015.24,231
J100036,26/06/2026 15:00,15755.3,17015.73,220
J100036,26/06/2026 15:30,15755.76,17016.22,228
J100036,26/06/2026 16:00,15756.22,17016.71,240
J100036,26/06/2026 16:30,15756.67,17017.21,221
J100036,26/06/2026 17:00,15757.13,17017.7,236
J100036,26/06/2026 17:30,15757.58,17018.19,231
J100036,26/06/2026 18:00,15758.04,17018.68,223
J100036,26/06/2026 18:30,15758.5,17019.18,231
J100036,26/06/2026 19:00,15758.95,17019.67,224
J100036,26/06/2026 19:30,15759.41,17020.16,223
J100036,26/06/2026 20:00,15759.86,17020.65,222
J100036,26/06/2026 20:30,15760.32,17021.15,226
J100036,26/06/2026 21:00,15760.78,17021.64,239
J100036,26/06/2026 21:30,15761.23,17022.13,239
J100036,26/06/2026 22:00,15761.69,17022.62,225
J100036,26/06/2026 22:30,15762.14,17023.12,231
J100036,26/06/2026 23:00,15762.6,17023.61,234
J100036,26/06/2026 23:30,15763.06,17024.1,235
J100036,27/06/2026 00:00,15763.51,17024.59,227
J100036,27/06/2026 00:30,15763.97,17025.09,227
J100036,27/06/2026 01:00,15764.42,17025.58,222
J100036,27/06/2026 01:30,15764.88,17026.07,230
J100036,27/06/2026 02:00,15765.34,17026.56,231
J100036,27/06/2026 02:30,15765.79,17027.06,225
J100036,27/06/2026 03:00,15766.25,17027.55,232
J100036,27/06/2026 03:30,15766.7,17028.04,222
J100036,27/06/2026 04:00,15767.16,17028.53,239
J100036,27/06/2026 04:30,15767.62,17029.02,239
J100036,27/06/2026 05:00,15768.07,17029.52,222
J100036,27/06/2026 05:30,15768.53,17030.01,235
J100036,27/06/2026 06:00,15768.98,17030.5,228
J100036,27/06/2026 06:30,15769.44,17030.99,221
J100036,27/06/2026 07:00,15769.9,17031.49,221
J100036,27/06/2026 07:30,15770.35,17031.98,231
J100036,27/06/2026 08:00,15770.81,17032.47,223
J100036,27/06/2026 08:30,15771.26,17032.96,226
J100036,27/06/2026 09:00,15771.72,17033.46,223
J100036,27/06/2026 09:30,15772.18,17033.95,236
J100036,27/06/2026 10:00,15772.63,17034.44,223
J100036,27/06/2026 10:30,15773.09,17034.93,230
J100036,27/06/2026 11:00,15773.54,17035.43,233
J100036,27/06/2026 11:30,15774,17035.92,226
J100036,27/06/2026 12:00,15774.46,17036.41,223
J100036,27/06/2026 12:30,15774.91,17036.9,228
J100036,27/06/2026 13:00,15775.37,17037.4,233
J100036,27/06/2026 13:30,15775.82,17037.89,228
J100036,27/06/2026 14:00,15776.28,17038.38,237
J100036,27/06/2026 14:30,15776.74,17038.87,238
J100036,27/06/2026 15:00,15777.19,17039.37,222
J100036,27/06/2026 15:30,15777.65,17039.86,223
J100036,27/06/2026 16:00,15778.1,17040.35,236
J100036,27/06/2026 16:30,15778.56,17040.84,229
J100036,27/06/2026 17:00,15779.01,17041.34,227
J100036,27/06/2026 17:30,15779.47,17041.83,234
J100036,27/06/2026 18:00,15779.93,17042.32,227
J100036,27/06/2026 18:30,15780.38,17042.81,226
J100036,27/06/2026 19:00,15780.84,17043.31,223
J100036,27/06/2026 19:30,15781.29,17043.8,236
J100036,27/06/2026 20:00,15781.75,17044.29,232
J100036,27/06/2026 20:30,15782.21,17044.78,238
J100036,27/06/2026 21:00,15782.66,17045.28,238
J100036,27/06/2026 21:30,15783.12,17045.77,231
J100036,27/06/2026 22:00,15783.57,17046.26,231
J100036,27/06/2026 22:30,15784.03,17046.75,223
J100036,27/06/2026 23:00,15784.49,17047.25,231
J100036,27/06/2026 23:30,15784.94,17047.74,230
J100036,28/06/2026 00:00,15785.4,17048.23,236
J100036,28/06/2026 00:30,15785.85,17048.72,235
J100036,28/06/2026 01:00,15786.31,17049.22,224
J100036,28/06/2026 01:30,15786.77,17049.71,230
J100036,28/06/2026 02:00,15787.22,17050.2,231
J100036,28/06/2026 02:30,15787.68,17050.69,222
J100036,28/06/2026 03:00,15788.13,17051.19,224
J100036,28/06/2026 03:30,15788.59,17051.68,227
J100036,28/06/2026 04:00,15789.05,17052.17,227
J100036,28/06/2026 04:30,15789.5,17052.66,225
J100036,28/06/2026 05:00,15789.96,17053.15,223
J100036,28/06/2026 05:30,15790.41,17053.65,224
J100036,28/06/2026 06:00,15790.87,17054.14,234
J100036,28/06/2026 06:30,15791.33,17054.63,222
J100036,28/06/2026 07:00,15791.78,17055.12,237
J100036,28/06/2026 07:30,15792.24,17055.62,233
J100036,28/06/2026 08:00,15792.69,17056.11,226
J100036,28/06/2026 08:30,15793.15,17056.6,235
J100036,28/06/2026 09:00,15793.61,17057.09,236
J100036,28/06/2026 09:30,15794.06,17057.59,227
J100036,28/06/2026 10:00,15794.52,17058.08,220
J100036,28/06/2026 10:30,15794.97,17058.57,239
J100036,28/06/2026 11:00,15795.43,17059.06,234
J100036,28/06/2026 11:30,15795.89,17059.56,227
J100036,28/06/2026 12:00,15796.34,17060.05,230
J100036,28/06/2026 12:30,15796.8,17060.54,224
J100036,28/06/2026 13:00,15797.25,17061.03,231
J100036,28/06/2026 13:30,15797.71,17061.53,235
J100036,28/06/2026 14:00,15798.17,17062.02,238
J100036,28/06/2026 14:30,15798.62,17062.51,224
J100036,28/06/2026 15:00,15799.08,17063,227
J100036,28/06/2026 15:30,15799.53,17063.5,235
J100036,28/06/2026 16:00,15799.99,17063.99,233
J100036,28/06/2026 16:30,15800.45,17064.48,232
J100036,28/06/2026 17:00,15800.9,17064.97,221
J100036,28/06/2026 17:30,15801.36,17065.47,234
J100036,28/06/2026 18:00,15801.81,17065.96,220
J100036,28/06/2026 18:30,15802.27,17066.45,226
J100036,28/06/2026 19:00,15802.73,17066.94,230
J100036,28/06/2026 19:30,15803.18,17067.44,225
J100036,28/06/2026 20:00,15803.64,17067.93,230
J100036,28/06/2026 20:30,15804.09,17068.42,236
J100036,28/06/2026 21:00,15804.55,17068.91,239
J100036,28/06/2026 21:30,15805.01,17069.41,237
J100036,28/06/2026 22:00,15805.46,17069.9,234
J100036,28/06/2026 22:30,15805.92,17070.39,240
J100036,28/06/2026 23:00,15806.37,17070.88,223
J100036,28/06/2026 23:30,15806.83,17071.38,232
J100036,29/06/2026 00:00,15807.29,17071.87,236
J100036,29/06/2026 00:30,15807.74,17072.36,234
J100036,29/06/2026 01:00,15808.2,17072.85,231
J100036,29/06/2026 01:30,15808.65,17073.35,225
J100036,29/06/2026 02:00,15809.11,17073.84,228
J100036,29/06/2026 02:30,15809.57,17074.33,239
J100036,29/06/2026 03:00,15810.02,17074.82,232
J100036,29/06/2026 03:30,15810.48,17075.32,230
J100036,29/06/2026 04:00,15810.93,17075.81,240
J100036,29/06/2026 04:30,15811.39,17076.3,229
J100036,29/06/2026 05:00,15811.85,17076.79,221
J100036,29/06/2026 05:30,15812.3,17077.29,222
J100036,29/06/2026 06:00,15812.76,17077.78,239
J100036,29/06/2026 06:30,15813.21,17078.27,232
J100036,29/06/2026 07:00,15813.67,17078.76,240
J100036,29/06/2026 07:30,15814.12,17079.25,240
J100036,29/06/2026 08:00,15814.58,17079.75,230
J100036,29/06/2026 08:30,15815.04,17080.24,235
J100036,29/06/2026 09:00,15815.49,17080.73,235
J100036,29/06/2026 09:30,15815.95,17081.22,231
J100036,29/06/2026 10:00,15816.4,17081.72,229
J100036,29/06/2026 10:30,15816.86,17082.21,222
J100036,29/06/2026 11:00,15817.32,17082.7,228
J100036,29/06/2026 11:30,15817.77,17083.19,233
J100036,29/06/2026 12:00,15818.23,17083.69,231
J100036,29/06/2026 12:30,15818.68,17084.18,238
J100036,29/06/2026 13:00,15819.14,17084.67,228
J100036,29/06/2026 13:30,15819.6,17085.16,227
J100036,29/06/2026 14:00,15820.05,17085.66,237
J100036,29/06/2026 14:30,15820.51,17086.15,233
J100036,29/06/2026 15:00,15820.96,17086.64,221
J100036,29/06/2026 15:30,15821.42,17087.13,225
J100036,29/06/2026 16:00,15821.88,17087.63,224
J100036,29/06/2026 16:30,15822.33,17088.12,221
J100036,29/06/2026 17:00,15822.79,17088.61,220
J100036,29/06/2026 17:30,15823.24,17089.1,229
J100036,29/06/2026 18:00,15823.7,17089.6,229
J100036,29/06/2026 18:30,15824.16,17090.09,231
J100036,29/06/2026 19:00,15824.61,17090.58,224
J100036,29/06/2026 19:30,15825.07,17091.07,231
J100036,29/06/2026 20:00,15825.52,17091.57,222
J100036,29/06/2026 20:30,15825.98,17092.06,221
J100036,29/06/2026 21:00,15826.44,17092.55,222
J100036,29/06/2026 21:30,15826.89,17093.04,238
J100036,29/06/2026 22:00,15827.35,17093.54,231
J100036,29/06/2026 22:30,15827.8,17094.03,228
J100036,29/06/2026 23:00,15828.26,17094.52,234
J100036,29/06/2026 23:30,15828.72,17095.01,235
J100036,30/06/2026 00:00,15829.17,17095.51,234
J100036,30/06/2026 00:30,15829.63,17096,229
J100036,30/06/2026 01:00,15830.08,17096.49,234
J100036,30/06/2026 01:30,15830.54,17096.98,225
J100036,30/06/2026 02:00,15831,17097.48,225
J100036,30/06/2026 02:30,15831.45,17097.97,236
J100036,30/06/2026 03:00,15831.91,17098.46,238
J100036,30/06/2026 03:30,15832.36,17098.95,226
J100036,30/06/2026 04:00,15832.82,17099.45,236
J100036,30/06/2026 04:30,15833.28,17099.94,225
J100036,30/06/2026 05:00,15833.73,17100.43,223
J100036,30/06/2026 05:30,15834.19,17100.92,224
J100036,30/06/2026 06:00,15834.64,17101.42,231
J100036,30/06/2026 06:30,15835.1,17101.91,235
J100036,30/06/2026 07:00,15835.56,17102.4,221
J100036,30/06/2026 07:30,15836.01,17102.89,235
J100036,30/06/2026 08:00,15836.47,17103.39,235
J100036,30/06/2026 08:30,15836.92,17103.88,221
J100036,30/06/2026 09:00,15837.38,17104.37,224
J100036,30/06/2026 09:30,15837.84,17104.86,222
J100036,30/06/2026 10:00,15838.29,17105.35,228
J100036,30/06/2026 10:30,15838.75,17105.85,228
J100036,30/06/2026 11:00,15839.2,17106.34,238
J100036,30/06/2026 11:30,15839.66,17106.83,232
J100036,30/06/2026 12:00,15840.12,17107.32,225
J100036,30/06/2026 12:30,15840.57,17107.82,239
J100036,30/06/2026 13:00,15841.03,17108.31,234
J100036,30/06/2026 13:30,15841.48,17108.8,227
J100036,30/06/2026 14:00,15841.94,17109.29,222
J100036,30/06/2026 14:30,15842.4,17109.79,225
J100036,30/06/2026 15:00,15842.85,17110.28,228
J100036,30/06/2026 15:30,15843.31,17110.77,230
J100036,30/06/2026 16:00,15843.76,17111.26,231
J100036,30/06/2026 16:30,15844.22,17111.76,233
J100036,30/06/2026 17:00,15844.68,17112.25,235
J100036,30/06/2026 17:30,15845.13,17112.74,227
J100036,30/06/2026 18:00,15845.59,17113.23,234
J100036,30/06/2026 18:30,15846.04,17113.73,230
J100036,30/06/2026 19:00,15846.5,17114.22,239
J100036,30/06/2026 19:30,15846.96,17114.71,220
J100036,30/06/2026 20:00,15847.41,17115.2,228
J100036,30/06/2026 20:30,15847.87,17115.7,227
J100036,30/06/2026 21:00,15848.32,17116.19,224
J100036,30/06/2026 21:30,15848.78,17116.68,220
J100036,30/06/2026 22:00,15849.23,17117.17,222
J100036,30/06/2026 22:30,15849.69,17117.67,231
J100036,30/06/2026 23:00,15850.15,17118.16,231
J100036,30/06/2026 23:30,15850.6,17118.65,223
J100037,23/06/2026 23:30,23957.74,25874.36,227
J100037,24/06/2026 00:00,23958.28,25874.94,224
J100037,24/06/2026 00:30,23958.82,25875.52,220
J100037,24/06/2026 01:00,23959.35,25876.1,226
J100037,24/06/2026 01:30,23959.89,25876.68,230
J100037,24/06/2026 02:00,23960.43,25877.27,229
J100037,24/06/2026 02:30,23960.97,25877.85,222
J100037,24/06/2026 03:00,23961.51,25878.43,231
J100037,24/06/2026 03:30,23962.05,25879.01,230
J100037,24/06/2026 04:00,23962.59,25879.59,226
J100037,24/06/2026 04:30,23963.13,25880.18,234
J100037,24/06/2026 05:00,23963.66,25880.76,232
J100037,24/06/2026 05:30,23964.2,25881.34,220
J100037,24/06/2026 06:00,23964.74,25881.92,227
J100037,24/06/2026 06:30,23965.28,25882.5,222
J100037,24/06/2026 07:00,23965.82,25883.08,237
J100037,24/06/2026 07:30,23966.36,25883.67,234
J100037,24/06/2026 08:00,23966.9,25884.25,234
J100037,24/06/2026 08:30,23967.44,25884.83,229
J100037,24/06/2026 09:00,23967.97,25885.41,227
J100037,24/06/2026 09:30,23968.51,25885.99,229
J100037,24/06/2026 10:00,23969.05,25886.58,232
J100037,24/06/2026 10:30,23969.59,25887.16,228
J100037,24/06/2026 11:00,23970.13,25887.74,226
J100037,24/06/2026 11:30,23970.67,25888.32,226
J100037,24/06/2026 12:00,23971.21,25888.9,227
J100037,24/06/2026 12:30,23971.74,25889.48,221
J100037,24/06/2026 13:00,23972.28,25890.07,226
J100037,24/06/2026 13:30,23972.82,25890.65,221
J100037,24/06/2026 14:00,23973.36,25891.23,237
J100037,24/06/2026 14:30,23973.9,25891.81,231
J100037,24/06/2026 15:00,23974.44,25892.39,238
J100037,24/06/2026 15:30,23974.98,25892.98,237
J100037,24/06/2026 16:00,23975.52,25893.56,228
J100037,24/06/2026 16:30,23976.05,25894.14,224
J100037,24/06/2026 17:00,23976.59,25894.72,237
J100037,24/06/2026 17:30,23977.13,25895.3,225
J100037,24/06/2026 18:00,23977.67,25895.88,238
J100037,24/06/2026 18:30,23978.21,25896.47,227
J100037,24/06/2026 19:00,23978.75,25897.05,237
J100037,24/06/2026 19:30,23979.29,25897.63,226
J100037,24/06/2026 20:00,23979.83,25898.21,229
J100037,24/06/2026 20:30,23980.36,25898.79,238
J100037,24/06/2026 21:00,23980.9,25899.38,234
J100037,24/06/2026 21:30,23981.44,25899.96,230
J100037,24/06/2026 22:00,23981.98,25900.54,221
J100037,24/06/2026 22:30,23982.52,25901.12,233
J100037,24/06/2026 23:00,23983.06,25901.7,230
J100037,24/06/2026 23:30,23983.6,25902.28,226
J100037,25/06/2026 00:00,23984.14,25902.87,232
J100037,25/06/2026 00:30,23984.67,25903.45,238
J100037,25/06/2026 01:00,23985.21,25904.03,234
J100037,25/06/2026 01:30,23985.75,25904.61,229
J100037,25/06/2026 02:00,23986.29,25905.19,232
J100037,25/06/2026 02:30,23986.83,25905.78,230
J100037,25/06/2026 03:00,23987.37,25906.36,226
J100037,25/06/2026 03:30,23987.91,25906.94,228
J100037,25/06/2026 04:00,23988.44,25907.52,222
J100037,25/06/2026 04:30,23988.98,25908.1,222
J100037,25/06/2026 05:00,23989.52,25908.68,236
J100037,25/06/2026 05:30,23990.06,25909.27,228
J100037,25/06/2026 06:00,23990.6,25909.85,237
J100037,25/06/2026 06:30,23991.14,25910.43,235
J100037,25/06/2026 07:00,23991.68,25911.01,240
J100037,25/06/2026 07:30,23992.22,25911.59,223
J100037,25/06/2026 08:00,23992.75,25912.17,228
J100037,25/06/2026 08:30,23993.29,25912.76,239
J100037,25/06/2026 09:00,23993.83,25913.34,235
J100037,25/06/2026 09:30,23994.37,25913.92,236
J100037,25/06/2026 10:00,23994.91,25914.5,231
J100037,25/06/2026 10:30,23995.45,25915.08,227
J100037,25/06/2026 11:00,23995.99,25915.67,236
J100037,25/06/2026 11:30,23996.53,25916.25,239
J100037,25/06/2026 12:00,23997.06,25916.83,234
J100037,25/06/2026 12:30,23997.6,25917.41,236
J100037,25/06/2026 13:00,23998.14,25917.99,221
J100037,25/06/2026 13:30,23998.68,25918.57,233
J100037,25/06/2026 14:00,23999.22,25919.16,222
J100037,25/06/2026 14:30,23999.76,25919.74,224
J100037,25/06/2026 15:00,24000.3,25920.32,221
J100037,25/06/2026 15:30,24000.84,25920.9,229
J100037,25/06/2026 16:00,24001.37,25921.48,221
J100037,25/06/2026 16:30,24001.91,25922.07,240
J100037,25/06/2026 17:00,24002.45,25922.65,225
J100037,25/06/2026 17:30,24002.99,25923.23,230
J100037,25/06/2026 18:00,24003.53,25923.81,229
J100037,25/06/2026 18:30,24004.07,25924.39,237
J100037,25/06/2026 19:00,24004.61,25924.97,226
J100037,25/06/2026 19:30,24005.15,25925.56,221
J100037,25/06/2026 20:00,24005.68,25926.14,234
J100037,25/06/2026 20:30,24006.22,25926.72,224
J100037,25/06/2026 21:00,24006.76,25927.3,239
J100037,25/06/2026 21:30,24007.3,25927.88,235
J100037,25/06/2026 22:00,24007.84,25928.47,234
J100037,25/06/2026 22:30,24008.38,25929.05,238
J100037,25/06/2026 23:00,24008.92,25929.63,233
J100037,25/06/2026 23:30,24009.45,25930.21,228
J100037,26/06/2026 00:00,24009.99,25930.79,227
J100037,26/06/2026 00:30,24010.53,25931.37,230
J100037,26/06/2026 01:00,24011.07,25931.96,227
J100037,26/06/2026 01:30,24011.61,25932.54,223
J100037,26/06/2026 02:00,24012.15,25933.12,232
J100037,26/06/2026 02:30,24012.69,25933.7,226
J100037,26/06/2026 03:00,24013.23,25934.28,222
J100037,26/06/2026 03:30,24013.76,25934.87,230
J100037,26/06/2026 04:00,24014.3,25935.45,228
J100037,26/06/2026 04:30,24014.84,25936.03,234
J100037,26/06/2026 05:00,24015.38,25936.61,235
J100037,26/06/2026 05:30,24015.92,25937.19,237
J100037,26/06/2026 06:00,24016.46,25937.77,238
J100037,26/06/2026 06:30,24017,25938.36,224
J100037,26/06/2026 07:00,24017.54,25938.94,238
J100037,26/06/2026 07:30,24018.07,25939.52,239
J100037,26/06/2026 08:00,24018.61,25940.1,232
J100037,26/06/2026 08:30,24019.15,25940.68,223
J100037,26/06/2026 09:00,24019.69,25941.27,239
J100037,26/06/2026 09:30,24020.23,25941.85,235
J100037,26/06/2026 10:00,24020.77,25942.43,232
J100037,26/06/2026 10:30,24021.31,25943.01,220
J100037,26/06/2026 11:00,24021.85,25943.59,236
J100037,26/06/2026 11:30,24022.38,25944.17,225
J100037,26/06/2026 12:00,24022.92,25944.76,236
J100037,26/06/2026 12:30,24023.46,25945.34,240
J100037,26/06/2026 13:00,24024,25945.92,224
J100037,26/06/2026 13:30,24024.54,25946.5,235
J100037,26/06/2026 14:00,24025.08,25947.08,239
J100037,26/06/2026 14:30,24025.62,25947.67,230
J100037,26/06/2026 15:00,24026.15,25948.25,226
J100037,26/06/2026 15:30,24026.69,25948.83,222
J100037,26/06/2026 16:00,24027.23,25949.41,240
J100037,26/06/2026 16:30,24027.77,25949.99,230
J100037,26/06/2026 17:00,24028.31,25950.57,228
J100037,26/06/2026 17:30,24028.85,25951.16,232
J100037,26/06/2026 18:00,24029.39,25951.74,221
J100037,26/06/2026 18:30,24029.93,25952.32,238
J100037,26/06/2026 19:00,24030.46,25952.9,222
J100037,26/06/2026 19:30,24031,25953.48,231
J100037,26/06/2026 20:00,24031.54,25954.07,228
J100037,26/06/2026 20:30,24032.08,25954.65,229
J100037,26/06/2026 21:00,24032.62,25955.23,230
J100037,26/06/2026 21:30,24033.16,25955.81,230
J100037,26/06/2026 22:00,24033.7,25956.39,221
J100037,26/06/2026 22:30,24034.24,25956.97,223
J100037,26/06/2026 23:00,24034.77,25957.56,224
J100037,26/06/2026 23:30,24035.31,25958.14,225
J100037,27/06/2026 00:00,24035.85,25958.72,223
J100037,27/06/2026 00:30,24036.39,25959.3,224
J100037,27/06/2026 01:00,24036.93,25959.88,235
J100037,27/06/2026 01:30,24037.47,25960.47,239
J100037,27/06/2026 02:00,24038.01,25961.05,220
J100037,27/06/2026 02:30,24038.55,25961.63,224
J100037,27/06/2026 03:00,24039.08,25962.21,227
J100037,27/06/2026 03:30,24039.62,25962.79,222
J100037,27/06/2026 04:00,24040.16,25963.37,233
J100037,27/06/2026 04:30,24040.7,25963.96,225
J100037,27/06/2026 05:00,24041.24,25964.54,232
J100037,27/06/2026 05:30,24041.78,25965.12,239
J100037,27/06/2026 06:00,24042.32,25965.7,225
J100037,27/06/2026 06:30,24042.85,25966.28,225
J100037,27/06/2026 07:00,24043.39,25966.87,221
J100037,27/06/2026 07:30,24043.93,25967.45,234
J100037,27/06/2026 08:00,24044.47,25968.03,222
J100037,27/06/2026 08:30,24045.01,25968.61,223
J100037,27/06/2026 09:00,24045.55,25969.19,229
J100037,27/06/2026 09:30,24046.09,25969.77,235
J100037,27/06/2026 10:00,24046.63,25970.36,225
J100037,27/06/2026 10:30,24047.16,25970.94,237
J100037,27/06/2026 11:00,24047.7,25971.52,226
J100037,27/06/2026 11:30,24048.24,25972.1,233
J100037,27/06/2026 12:00,24048.78,25972.68,239
J100037,27/06/2026 12:30,24049.32,25973.26,230
J100037,27/06/2026 13:00,24049.86,25973.85,229
J100037,27/06/2026 13:30,24050.4,25974.43,229
J100037,27/06/2026 14:00,24050.94,25975.01,225
J100037,27/06/2026 14:30,24051.47,25975.59,228
J100037,27/06/2026 15:00,24052.01,25976.17,230
J100037,27/06/2026 15:30,24052.55,25976.76,220
J100037,27/06/2026 16:00,24053.09,25977.34,236
J100037,27/06/2026 16:30,24053.63,25977.92,223
J100037,27/06/2026 17:00,24054.17,25978.5,231
J100037,27/06/2026 17:30,24054.71,25979.08,230
J100037,27/06/2026 18:00,24055.25,25979.66,224
J100037,27/06/2026 18:30,24055.78,25980.25,226
J100037,27/06/2026 19:00,24056.32,25980.83,223
J100037,27/06/2026 19:30,24056.86,25981.41,236
J100037,27/06/2026 20:00,24057.4,25981.99,221
J100037,27/06/2026 20:30,24057.94,25982.57,228
J100037,27/06/2026 21:00,24058.48,25983.16,239
J100037,27/06/2026 21:30,24059.02,25983.74,234
J100037,27/06/2026 22:00,24059.55,25984.32,221
J100037,27/06/2026 22:30,24060.09,25984.9,236
J100037,27/06/2026 23:00,24060.63,25985.48,229
J100037,27/06/2026 23:30,24061.17,25986.06,233
J100037,28/06/2026 00:00,24061.71,25986.65,233
J100037,28/06/2026 00:30,24062.25,25987.23,238
J100037,28/06/2026 01:00,24062.79,25987.81,226
J100037,28/06/2026 01:30,24063.33,25988.39,232
J100037,28/06/2026 02:00,24063.86,25988.97,238
J100037,28/06/2026 02:30,24064.4,25989.56,225
J100037,28/06/2026 03:00,24064.94,25990.14,235
J100037,28/06/2026 03:30,24065.48,25990.72,228
J100037,28/06/2026 04:00,24066.02,25991.3,222
J100037,28/06/2026 04:30,24066.56,25991.88,223
J100037,28/06/2026 05:00,24067.1,25992.46,238
J100037,28/06/2026 05:30,24067.64,25993.05,229
J100037,28/06/2026 06:00,24068.17,25993.63,233
J100037,28/06/2026 06:30,24068.71,25994.21,223
J100037,28/06/2026 07:00,24069.25,25994.79,231
J100037,28/06/2026 07:30,24069.79,25995.37,239
J100037,28/06/2026 08:00,24070.33,25995.96,221
J100037,28/06/2026 08:30,24070.87,25996.54,227
J100037,28/06/2026 09:00,24071.41,25997.12,223
J100037,28/06/2026 09:30,24071.95,25997.7,236
J100037,28/06/2026 10:00,24072.48,25998.28,234
J100037,28/06/2026 10:30,24073.02,25998.86,228
J100037,28/06/2026 11:00,24073.56,25999.45,237
J100037,28/06/2026 11:30,24074.1,26000.03,238
J100037,28/06/2026 12:00,24074.64,26000.61,235
J100037,28/06/2026 12:30,24075.18,26001.19,231
J100037,28/06/2026 13:00,24075.72,26001.77,238
J100037,28/06/2026 13:30,24076.26,26002.36,233
J100037,28/06/2026 14:00,24076.79,26002.94,220
J100037,28/06/2026 14:30,24077.33,26003.52,233
J100037,28/06/2026 15:00,24077.87,26004.1,223
J100037,28/06/2026 15:30,24078.41,26004.68,233
J100037,28/06/2026 16:00,24078.95,26005.26,229
J100037,28/06/2026 16:30,24079.49,26005.85,236
J100037,28/06/2026 17:00,24080.03,26006.43,228
J100037,28/06/2026 17:30,24080.56,26007.01,226
J100037,28/06/2026 18:00,24081.1,26007.59,234
J100037,28/06/2026 18:30,24081.64,26008.17,236
J100037,28/06/2026 19:00,24082.18,26008.76,226
J100037,28/06/2026 19:30,24082.72,26009.34,234
J100037,28/06/2026 20:00,24083.26,26009.92,239
J100037,28/06/2026 20:30,24083.8,26010.5,229
J100037,28/06/2026 21:00,24084.34,26011.08,236
J100037,28/06/2026 21:30,24084.87,26011.66,222
J100037,28/06/2026 22:00,24085.41,26012.25,231
J100037,28/06/2026 22:30,24085.95,26012.83,232
J100037,28/06/2026 23:00,24086.49,26013.41,237
J100037,28/06/2026 23:30,24087.03,26013.99,229
J100037,29/06/2026 00:00,24087.57,26014.57,221
J100037,29/06/2026 00:30,24088.11,26015.16,224
J100037,29/06/2026 01:00,24088.65,26015.74,229
J100037,29/06/2026 01:30,24089.18,26016.32,229
J100037,29/06/2026 02:00,24089.72,26016.9,239
J100037,29/06/2026 02:30,24090.26,26017.48,239
J100037,29/06/2026 03:00,24090.8,26018.06,221
J100037,29/06/2026 03:30,24091.34,26018.65,233
J100037,29/06/2026 04:00,24091.88,26019.23,231
J100037,29/06/2026 04:30,24092.42,26019.81,236
J100037,29/06/2026 05:00,24092.96,26020.39,232
J100037,29/06/2026 05:30,24093.49,26020.97,236
J100037,29/06/2026 06:00,24094.03,26021.56,230
J100037,29/06/2026 06:30,24094.57,26022.14,233
J100037,29/06/2026 07:00,24095.11,26022.72,233
J100037,29/06/2026 07:30,24095.65,26023.3,227
J100037,29/06/2026 08:00,24096.19,26023.88,240
J100037,29/06/2026 08:30,24096.73,26024.46,236
J100037,29/06/2026 09:00,24097.26,26025.05,240
J100037,29/06/2026 09:30,24097.8,26025.63,227
J100037,29/06/2026 10:00,24098.34,26026.21,234
J100037,29/06/2026 10:30,24098.88,26026.79,238
J100037,29/06/2026 11:00,24099.42,26027.37,225
J100037,29/06/2026 11:30,24099.96,26027.96,225
J100037,29/06/2026 12:00,24100.5,26028.54,229
J100037,29/06/2026 12:30,24101.04,26029.12,231
J100037,29/06/2026 13:00,24101.57,26029.7,239
J100037,29/06/2026 13:30,24102.11,26030.28,222
J100037,29/06/2026 14:00,24102.65,26030.86,222
J100037,29/06/2026 14:30,24103.19,26031.45,238
J100037,29/06/2026 15:00,24103.73,26032.03,237
J100037,29/06/2026 15:30,24104.27,26032.61,223
J100037,29/06/2026 16:00,24104.81,26033.19,238
J100037,29/06/2026 16:30,24105.35,26033.77,236
J100037,29/06/2026 17:00,24105.88,26034.35,224
J100037,29/06/2026 17:30,24106.42,26034.94,231
J100037,29/06/2026 18:00,24106.96,26035.52,237
J100037,29/06/2026 18:30,24107.5,26036.1,227
J100037,29/06/2026 19:00,24108.04,26036.68,221
J100037,29/06/2026 19:30,24108.58,26037.26,239
J100037,29/06/2026 20:00,24109.12,26037.85,237
J100037,29/06/2026 20:30,24109.66,26038.43,235
J100037,29/06/2026 21:00,24110.19,26039.01,236
J100037,29/06/2026 21:30,24110.73,26039.59,233
J100037,29/06/2026 22:00,24111.27,26040.17,232
J100037,29/06/2026 22:30,24111.81,26040.75,236
J100037,29/06/2026 23:00,24112.35,26041.34,232
J100037,29/06/2026 23:30,24112.89,26041.92,227
J100037,30/06/2026 00:00,24113.43,26042.5,240
J100037,30/06/2026 00:30,24113.96,26043.08,221
J100037,30/06/2026 01:00,24114.5,26043.66,233
J100037,30/06/2026 01:30,24115.04,26044.25,221
J100037,30/06/2026 02:00,24115.58,26044.83,238
J100037,30/06/2026 02:30,24116.12,26045.41,238
J100037,30/06/2026 03:00,24116.66,26045.99,226
J100037,30/06/2026 03:30,24117.2,26046.57,239
J100037,30/06/2026 04:00,24117.74,26047.15,239
J100037,30/06/2026 04:30,24118.27,26047.74,228
J100037,30/06/2026 05:00,24118.81,26048.32,221
J100037,30/06/2026 05:30,24119.35,26048.9,226
J100037,30/06/2026 06:00,24119.89,26049.48,225
J100037,30/06/2026 06:30,24120.43,26050.06,221
J100037,30/06/2026 07:00,24120.97,26050.65,239
J100037,30/06/2026 07:30,24121.51,26051.23,238
J100037,30/06/2026 08:00,24122.05,26051.81,221
J100037,30/06/2026 08:30,24122.58,26052.39,228
J100037,30/06/2026 09:00,24123.12,26052.97,229
J100037,30/06/2026 09:30,24123.66,26053.55,237
J100037,30/06/2026 10:00,24124.2,26054.14,223
J100037,30/06/2026 10:30,24124.74,26054.72,231
J100037,30/06/2026 11:00,24125.28,26055.3,227
J100037,30/06/2026 11:30,24125.82,26055.88,231
J100037,30/06/2026 12:00,24126.36,26056.46,233
J100037,30/06/2026 12:30,24126.89,26057.05,239
J100037,30/06/2026 13:00,24127.43,26057.63,227
J100037,30/06/2026 13:30,24127.97,26058.21,222
J100037,30/06/2026 14:00,24128.51,26058.79,232
J100037,30/06/2026 14:30,24129.05,26059.37,233
J100037,30/06/2026 15:00,24129.59,26059.95,236
J100037,30/06/2026 15:30,24130.13,26060.54,225
J100037,30/06/2026 16:00,24130.66,26061.12,228
J100037,30/06/2026 16:30,24131.2,26061.7,236
J100037,30/06/2026 17:00,24131.74,26062.28,234
J100037,30/06/2026 17:30,24132.28,26062.86,226
J100037,30/06/2026 18:00,24132.82,26063.45,233
J100037,30/06/2026 18:30,24133.36,26064.03,225
J100037,30/06/2026 19:00,24133.9,26064.61,235
J100037,30/06/2026 19:30,24134.44,26065.19,238
J100037,30/06/2026 20:00,24134.97,26065.77,235
J100037,30/06/2026 20:30,24135.51,26066.35,224
J100037,30/06/2026 21:00,24136.05,26066.94,233
J100037,30/06/2026 21:30,24136.59,26067.52,224
J100037,30/06/2026 22:00,24137.13,26068.1,222
J100037,30/06/2026 22:30,24137.67,26068.68,222
J100037,30/06/2026 23:00,24138.21,26069.26,234
J100037,30/06/2026 23:30,24138.75,26069.85,227
J100038,23/06/2026 23:30,1856.92,2005.47,230
J100038,24/06/2026 00:00,1857.14,2005.71,239
J100038,24/06/2026 00:30,1857.36,2005.95,222
J100038,24/06/2026 01:00,1857.59,2006.19,232
J100038,24/06/2026 01:30,1857.81,2006.43,235
J100038,24/06/2026 02:00,1858.03,2006.68,223
J100038,24/06/2026 02:30,1858.26,2006.92,226
J100038,24/06/2026 03:00,1858.48,2007.16,228
J100038,24/06/2026 03:30,1858.7,2007.4,222
J100038,24/06/2026 04:00,1858.93,2007.64,233
J100038,24/06/2026 04:30,1859.15,2007.88,239
J100038,24/06/2026 05:00,1859.38,2008.13,226
J100038,24/06/2026 05:30,1859.6,2008.37,236
J100038,24/06/2026 06:00,1859.82,2008.61,220
J100038,24/06/2026 06:30,1860.05,2008.85,239
J100038,24/06/2026 07:00,1860.27,2009.09,233
J100038,24/06/2026 07:30,1860.49,2009.33,229
J100038,24/06/2026 08:00,1860.72,2009.57,232
J100038,24/06/2026 08:30,1860.94,2009.82,224
J100038,24/06/2026 09:00,1861.16,2010.06,227
J100038,24/06/2026 09:30,1861.39,2010.3,238
J100038,24/06/2026 10:00,1861.61,2010.54,226
J100038,24/06/2026 10:30,1861.84,2010.78,228
J100038,24/06/2026 11:00,1862.06,2011.02,236
J100038,24/06/2026 11:30,1862.28,2011.27,232
J100038,24/06/2026 12:00,1862.51,2011.51,226
J100038,24/06/2026 12:30,1862.73,2011.75,233
J100038,24/06/2026 13:00,1862.95,2011.99,235
J100038,24/06/2026 13:30,1863.18,2012.23,226
J100038,24/06/2026 14:00,1863.4,2012.47,239
J100038,24/06/2026 14:30,1863.63,2012.72,232
J100038,24/06/2026 15:00,1863.85,2012.96,231
J100038,24/06/2026 15:30,1864.07,2013.2,226
J100038,24/06/2026 16:00,1864.3,2013.44,230
J100038,24/06/2026 16:30,1864.52,2013.68,221
J100038,24/06/2026 17:00,1864.74,2013.92,237
J100038,24/06/2026 17:30,1864.97,2014.16,235
J100038,24/06/2026 18:00,1865.19,2014.41,230
J100038,24/06/2026 18:30,1865.41,2014.65,234
J100038,24/06/2026 19:00,1865.64,2014.89,221
J100038,24/06/2026 19:30,1865.86,2015.13,226
J100038,24/06/2026 20:00,1866.09,2015.37,227
J100038,24/06/2026 20:30,1866.31,2015.61,232
J100038,24/06/2026 21:00,1866.53,2015.86,236
J100038,24/06/2026 21:30,1866.76,2016.1,240
J100038,24/06/2026 22:00,1866.98,2016.34,239
J100038,24/06/2026 22:30,1867.2,2016.58,221
J100038,24/06/2026 23:00,1867.43,2016.82,234
J100038,24/06/2026 23:30,1867.65,2017.06,238
J100038,25/06/2026 00:00,1867.87,2017.3,234
J100038,25/06/2026 00:30,1868.1,2017.55,237
J100038,25/06/2026 01:00,1868.32,2017.79,226
J100038,25/06/2026 01:30,1868.55,2018.03,223
J100038,25/06/2026 02:00,1868.77,2018.27,238
J100038,25/06/2026 02:30,1868.99,2018.51,224
J100038,25/06/2026 03:00,1869.22,2018.75,239
J100038,25/06/2026 03:30,1869.44,2019,232
J100038,25/06/2026 04:00,1869.66,2019.24,228
J100038,25/06/2026 04:30,1869.89,2019.48,221
J100038,25/06/2026 05:00,1870.11,2019.72,222
J100038,25/06/2026 05:30,1870.33,2019.96,220
J100038,25/06/2026 06:00,1870.56,2020.2,227
J100038,25/06/2026 06:30,1870.78,2020.44,229
J100038,25/06/2026 07:00,1871.01,2020.69,225
J100038,25/06/2026 07:30,1871.23,2020.93,229
J100038,25/06/2026 08:00,1871.45,2021.17,222
J100038,25/06/2026 08:30,1871.68,2021.41,222
J100038,25/06/2026 09:00,1871.9,2021.65,230
J100038,25/06/2026 09:30,1872.12,2021.89,224
J100038,25/06/2026 10:00,1872.35,2022.14,231
J100038,25/06/2026 10:30,1872.57,2022.38,237
J100038,25/06/2026 11:00,1872.79,2022.62,225
J100038,25/06/2026 11:30,1873.02,2022.86,230
J100038,25/06/2026 12:00,1873.24,2023.1,229
J100038,25/06/2026 12:30,1873.47,2023.34,226
J100038,25/06/2026 13:00,1873.69,2023.58,231
J100038,25/06/2026 13:30,1873.91,2023.83,232
J100038,25/06/2026 14:00,1874.14,2024.07,240
J100038,25/06/2026 14:30,1874.36,2024.31,235
J100038,25/06/2026 15:00,1874.58,2024.55,234
J100038,25/06/2026 15:30,1874.81,2024.79,234
J100038,25/06/2026 16:00,1875.03,2025.03,239
J100038,25/06/2026 16:30,1875.26,2025.28,221
J100038,25/06/2026 17:00,1875.48,2025.52,224
J100038,25/06/2026 17:30,1875.7,2025.76,239
J100038,25/06/2026 18:00,1875.93,2026,228
J100038,25/06/2026 18:30,1876.15,2026.24,231
J100038,25/06/2026 19:00,1876.37,2026.48,229
J100038,25/06/2026 19:30,1876.6,2026.72,226
J100038,25/06/2026 20:00,1876.82,2026.97,225
J100038,25/06/2026 20:30,1877.04,2027.21,232
J100038,25/06/2026 21:00,1877.27,2027.45,222
J100038,25/06/2026 21:30,1877.49,2027.69,240
J100038,25/06/2026 22:00,1877.72,2027.93,234
J100038,25/06/2026 22:30,1877.94,2028.17,228
J100038,25/06/2026 23:00,1878.16,2028.42,235
J100038,25/06/2026 23:30,1878.39,2028.66,237
J100038,26/06/2026 00:00,1878.61,2028.9,228
J100038,26/06/2026 00:30,1878.83,2029.14,231
J100038,26/06/2026 01:00,1879.06,2029.38,223
J100038,26/06/2026 01:30,1879.28,2029.62,222
J100038,26/06/2026 02:00,1879.5,2029.86,223
J100038,26/06/2026 02:30,1879.73,2030.11,234
J100038,26/06/2026 03:00,1879.95,2030.35,223
J100038,26/06/2026 03:30,1880.18,2030.59,228
J100038,26/06/2026 04:00,1880.4,2030.83,233
J100038,26/06/2026 04:30,1880.62,2031.07,220
J100038,26/06/2026 05:00,1880.85,2031.31,225
J100038,26/06/2026 05:30,1881.07,2031.56,239
J100038,26/06/2026 06:00,1881.29,2031.8,230
J100038,26/06/2026 06:30,1881.52,2032.04,239
J100038,26/06/2026 07:00,1881.74,2032.28,229
J100038,26/06/2026 07:30,1881.96,2032.52,234
J100038,26/06/2026 08:00,1882.19,2032.76,230
J100038,26/06/2026 08:30,1882.41,2033.01,222
J100038,26/06/2026 09:00,1882.64,2033.25,240
J100038,26/06/2026 09:30,1882.86,2033.49,232
J100038,26/06/2026 10:00,1883.08,2033.73,235
J100038,26/06/2026 10:30,1883.31,2033.97,232
J100038,26/06/2026 11:00,1883.53,2034.21,226
J100038,26/06/2026 11:30,1883.75,2034.45,221
J100038,26/06/2026 12:00,1883.98,2034.7,230
J100038,26/06/2026 12:30,1884.2,2034.94,237
J100038,26/06/2026 13:00,1884.42,2035.18,222
J100038,26/06/2026 13:30,1884.65,2035.42,222
J100038,26/06/2026 14:00,1884.87,2035.66,237
J100038,26/06/2026 14:30,1885.1,2035.9,220
J100038,26/06/2026 15:00,1885.32,2036.15,224
J100038,26/06/2026 15:30,1885.54,2036.39,220
J100038,26/06/2026 16:00,1885.77,2036.63,231
J100038,26/06/2026 16:30,1885.99,2036.87,239
J100038,26/06/2026 17:00,1886.21,2037.11,238
J100038,26/06/2026 17:30,1886.44,2037.35,221
J100038,26/06/2026 18:00,1886.66,2037.59,223
J100038,26/06/2026 18:30,1886.89,2037.84,229
J100038,26/06/2026 19:00,1887.11,2038.08,231
J100038,26/06/2026 19:30,1887.33,2038.32,233
J100038,26/06/2026 20:00,1887.56,2038.56,238
J100038,26/06/2026 20:30,1887.78,2038.8,234
J100038,26/06/2026 21:00,1888,2039.04,231
J100038,26/06/2026 21:30,1888.23,2039.29,222
J100038,26/06/2026 22:00,1888.45,2039.53,236
J100038,26/06/2026 22:30,1888.67,2039.77,240
J100038,26/06/2026 23:00,1888.9,2040.01,228
J100038,26/06/2026 23:30,1889.12,2040.25,229
J100038,27/06/2026 00:00,1889.35,2040.49,239
J100038,27/06/2026 00:30,1889.57,2040.73,232
J100038,27/06/2026 01:00,1889.79,2040.98,235
J100038,27/06/2026 01:30,1890.02,2041.22,231
J100038,27/06/2026 02:00,1890.24,2041.46,226
J100038,27/06/2026 02:30,1890.46,2041.7,238
J100038,27/06/2026 03:00,1890.69,2041.94,227
J100038,27/06/2026 03:30,1890.91,2042.18,229
J100038,27/06/2026 04:00,1891.13,2042.43,239
J100038,27/06/2026 04:30,1891.36,2042.67,236
J100038,27/06/2026 05:00,1891.58,2042.91,220
J100038,27/06/2026 05:30,1891.81,2043.15,233
J100038,27/06/2026 06:00,1892.03,2043.39,225
J100038,27/06/2026 06:30,1892.25,2043.63,224
J100038,27/06/2026 07:00,1892.48,2043.87,233
J100038,27/06/2026 07:30,1892.7,2044.12,232
J100038,27/06/2026 08:00,1892.92,2044.36,220
J100038,27/06/2026 08:30,1893.15,2044.6,224
J100038,27/06/2026 09:00,1893.37,2044.84,233
J100038,27/06/2026 09:30,1893.59,2045.08,240
J100038,27/06/2026 10:00,1893.82,2045.32,236
J100038,27/06/2026 10:30,1894.04,2045.57,232
J100038,27/06/2026 11:00,1894.27,2045.81,221
J100038,27/06/2026 11:30,1894.49,2046.05,237
J100038,27/06/2026 12:00,1894.71,2046.29,236
J100038,27/06/2026 12:30,1894.94,2046.53,239
J100038,27/06/2026 13:00,1895.16,2046.77,239
J100038,27/06/2026 13:30,1895.38,2047.01,220
J100038,27/06/2026 14:00,1895.61,2047.26,231
J100038,27/06/2026 14:30,1895.83,2047.5,236
J100038,27/06/2026 15:00,1896.06,2047.74,240
J100038,27/06/2026 15:30,1896.28,2047.98,224
J100038,27/06/2026 16:00,1896.5,2048.22,231
J100038,27/06/2026 16:30,1896.73,2048.46,231
J100038,27/06/2026 17:00,1896.95,2048.71,227
J100038,27/06/2026 17:30,1897.17,2048.95,227
J100038,27/06/2026 18:00,1897.4,2049.19,240
J100038,27/06/2026 18:30,1897.62,2049.43,222
J100038,27/06/2026 19:00,1897.84,2049.67,236
J100038,27/06/2026 19:30,1898.07,2049.91,229
J100038,27/06/2026 20:00,1898.29,2050.15,239
J100038,27/06/2026 20:30,1898.52,2050.4,223
J100038,27/06/2026 21:00,1898.74,2050.64,234
J100038,27/06/2026 21:30,1898.96,2050.88,224
J100038,27/06/2026 22:00,1899.19,2051.12,227
J100038,27/06/2026 22:30,1899.41,2051.36,222
J100038,27/06/2026 23:00,1899.63,2051.6,239
J100038,27/06/2026 23:30,1899.86,2051.85,234
J100038,28/06/2026 00:00,1900.08,2052.09,222
J100038,28/06/2026 00:30,1900.3,2052.33,224
J100038,28/06/2026 01:00,1900.53,2052.57,239
J100038,28/06/2026 01:30,1900.75,2052.81,238
J100038,28/06/2026 02:00,1900.98,2053.05,234
J100038,28/06/2026 02:30,1901.2,2053.3,226
J100038,28/06/2026 03:00,1901.42,2053.54,235
J100038,28/06/2026 03:30,1901.65,2053.78,224
J100038,28/06/2026 04:00,1901.87,2054.02,222
J100038,28/06/2026 04:30,1902.09,2054.26,237
J100038,28/06/2026 05:00,1902.32,2054.5,232
J100038,28/06/2026 05:30,1902.54,2054.74,227
J100038,28/06/2026 06:00,1902.76,2054.99,221
J100038,28/06/2026 06:30,1902.99,2055.23,239
J100038,28/06/2026 07:00,1903.21,2055.47,225
J100038,28/06/2026 07:30,1903.44,2055.71,233
J100038,28/06/2026 08:00,1903.66,2055.95,236
J100038,28/06/2026 08:30,1903.88,2056.19,226
J100038,28/06/2026 09:00,1904.11,2056.44,223
J100038,28/06/2026 09:30,1904.33,2056.68,240
J100038,28/06/2026 10:00,1904.55,2056.92,232
J100038,28/06/2026 10:30,1904.78,2057.16,230
J100038,28/06/2026 11:00,1905,2057.4,223
J100038,28/06/2026 11:30,1905.22,2057.64,238
J100038,28/06/2026 12:00,1905.45,2057.88,225
J100038,28/06/2026 12:30,1905.67,2058.13,236
J100038,28/06/2026 13:00,1905.9,2058.37,226
J100038,28/06/2026 13:30,1906.12,2058.61,233
J100038,28/06/2026 14:00,1906.34,2058.85,230
J100038,28/06/2026 14:30,1906.57,2059.09,238
J100038,28/06/2026 15:00,1906.79,2059.33,221
J100038,28/06/2026 15:30,1907.01,2059.58,237
J100038,28/06/2026 16:00,1907.24,2059.82,230
J100038,28/06/2026 16:30,1907.46,2060.06,230
J100038,28/06/2026 17:00,1907.69,2060.3,230
J100038,28/06/2026 17:30,1907.91,2060.54,226
J100038,28/06/2026 18:00,1908.13,2060.78,234
J100038,28/06/2026 18:30,1908.36,2061.02,236
J100038,28/06/2026 19:00,1908.58,2061.27,222
J100038,28/06/2026 19:30,1908.8,2061.51,227
J100038,28/06/2026 20:00,1909.03,2061.75,239
J100038,28/06/2026 20:30,1909.25,2061.99,229
J100038,28/06/2026 21:00,1909.47,2062.23,225
J100038,28/06/2026 21:30,1909.7,2062.47,234
J100038,28/06/2026 22:00,1909.92,2062.72,228
J100038,28/06/2026 22:30,1910.15,2062.96,233
J100038,28/06/2026 23:00,1910.37,2063.2,230
J100038,28/06/2026 23:30,1910.59,2063.44,230
J100038,29/06/2026 00:00,1910.82,2063.68,229
J100038,29/06/2026 00:30,1911.04,2063.92,237
J100038,29/06/2026 01:00,1911.26,2064.16,228
J100038,29/06/2026 01:30,1911.49,2064.41,230
J100038,29/06/2026 02:00,1911.71,2064.65,221
J100038,29/06/2026 02:30,1911.93,2064.89,229
J100038,29/06/2026 03:00,1912.16,2065.13,238
J100038,29/06/2026 03:30,1912.38,2065.37,227
J100038,29/06/2026 04:00,1912.61,2065.61,228
J100038,29/06/2026 04:30,1912.83,2065.86,233
J100038,29/06/2026 05:00,1913.05,2066.1,236
J100038,29/06/2026 05:30,1913.28,2066.34,228
J100038,29/06/2026 06:00,1913.5,2066.58,231
J100038,29/06/2026 06:30,1913.72,2066.82,233
J100038,29/06/2026 07:00,1913.95,2067.06,235
J100038,29/06/2026 07:30,1914.17,2067.3,239
J100038,29/06/2026 08:00,1914.39,2067.55,236
J100038,29/06/2026 08:30,1914.62,2067.79,223
J100038,29/06/2026 09:00,1914.84,2068.03,223
J100038,29/06/2026 09:30,1915.07,2068.27,233
J100038,29/06/2026 10:00,1915.29,2068.51,235
J100038,29/06/2026 10:30,1915.51,2068.75,237
J100038,29/06/2026 11:00,1915.74,2069,236
J100038,29/06/2026 11:30,1915.96,2069.24,230
J100038,29/06/2026 12:00,1916.18,2069.48,231
J100038,29/06/2026 12:30,1916.41,2069.72,222
J100038,29/06/2026 13:00,1916.63,2069.96,222
J100038,29/06/2026 13:30,1916.85,2070.2,225
J100038,29/06/2026 14:00,1917.08,2070.44,222
J100038,29/06/2026 14:30,1917.3,2070.69,238
J100038,29/06/2026 15:00,1917.53,2070.93,226
J100038,29/06/2026 15:30,1917.75,2071.17,234
J100038,29/06/2026 16:00,1917.97,2071.41,230
J100038,29/06/2026 16:30,1918.2,2071.65,231
J100038,29/06/2026 17:00,1918.42,2071.89,235
J100038,29/06/2026 17:30,1918.64,2072.14,220
J100038,29/06/2026 18:00,1918.87,2072.38,237
J100038,29/06/2026 18:30,1919.09,2072.62,230
J100038,29/06/2026 19:00,1919.32,2072.86,230
J100038,29/06/2026 19:30,1919.54,2073.1,229
J100038,29/06/2026 20:00,1919.76,2073.34,222
J100038,29/06/2026 20:30,1919.99,2073.59,226
J100038,29/06/2026 21:00,1920.21,2073.83,221
J100038,29/06/2026 21:30,1920.43,2074.07,227
J100038,29/06/2026 22:00,1920.66,2074.31,237
J100038,29/06/2026 22:30,1920.88,2074.55,220
J100038,29/06/2026 23:00,1921.1,2074.79,222
J100038,29/06/2026 23:30,1921.33,2075.03,231
J100038,30/06/2026 00:00,1921.55,2075.28,239
J100038,30/06/2026 00:30,1921.78,2075.52,233
J100038,30/06/2026 01:00,1922,2075.76,226
J100038,30/06/2026 01:30,1922.22,2076,238
J100038,30/06/2026 02:00,1922.45,2076.24,231
J100038,30/06/2026 02:30,1922.67,2076.48,233
J100038,30/06/2026 03:00,1922.89,2076.73,235
J100038,30/06/2026 03:30,1923.12,2076.97,222
J100038,30/06/2026 04:00,1923.34,2077.21,229
J100038,30/06/2026 04:30,1923.56,2077.45,227
J100038,30/06/2026 05:00,1923.79,2077.69,236
J100038,30/06/2026 05:30,1924.01,2077.93,222
J100038,30/06/2026 06:00,1924.24,2078.17,229
J100038,30/06/2026 06:30,1924.46,2078.42,226
J100038,30/06/2026 07:00,1924.68,2078.66,231
J100038,30/06/2026 07:30,1924.91,2078.9,234
J100038,30/06/2026 08:00,1925.13,2079.14,224
J100038,30/06/2026 08:30,1925.35,2079.38,223
J100038,30/06/2026 09:00,1925.58,2079.62,232
J100038,30/06/2026 09:30,1925.8,2079.87,237
J100038,30/06/2026 10:00,1926.02,2080.11,229
J100038,30/06/2026 10:30,1926.25,2080.35,222
J100038,30/06/2026 11:00,1926.47,2080.59,235
J100038,30/06/2026 11:30,1926.7,2080.83,225
J100038,30/06/2026 12:00,1926.92,2081.07,232
J100038,30/06/2026 12:30,1927.14,2081.31,235
J100038,30/06/2026 13:00,1927.37,2081.56,233
J100038,30/06/2026 13:30,1927.59,2081.8,228
J100038,30/06/2026 14:00,1927.81,2082.04,221
J100038,30/06/2026 14:30,1928.04,2082.28,227
J100038,30/06/2026 15:00,1928.26,2082.52,228
J100038,30/06/2026 15:30,1928.49,2082.76,238
J100038,30/06/2026 16:00,1928.71,2083.01,228
J100038,30/06/2026 16:30,1928.93,2083.25,222
J100038,30/06/2026 17:00,1929.16,2083.49,239
J100038,30/06/2026 17:30,1929.38,2083.73,231
J100038,30/06/2026 18:00,1929.6,2083.97,222
J100038,30/06/2026 18:30,1929.83,2084.21,231
J100038,30/06/2026 19:00,1930.05,2084.45,235
J100038,30/06/2026 19:30,1930.27,2084.7,230
J100038,30/06/2026 20:00,1930.5,2084.94,227
J100038,30/06/2026 20:30,1930.72,2085.18,220
J100038,30/06/2026 21:00,1930.95,2085.42,225
J100038,30/06/2026 21:30,1931.17,2085.66,232
J100038,30/06/2026 22:00,1931.39,2085.9,223
J100038,30/06/2026 22:30,1931.62,2086.15,227
J100038,30/06/2026 23:00,1931.84,2086.39,229
J100038,30/06/2026 23:30,1932.06,2086.63,234
J100039,23/06/2026 23:30,20237.26,21856.24,240
J100039,24/06/2026 00:00,20237.65,21856.66,223
J100039,24/06/2026 00:30,20238.04,21857.09,238
J100039,24/06/2026 01:00,20238.44,21857.51,224
J100039,24/06/2026 01:30,20238.83,21857.93,231
J100039,24/06/2026 02:00,20239.22,21858.36,238
J100039,24/06/2026 02:30,20239.61,21858.78,225
J100039,24/06/2026 03:00,20240.01,21859.21,224
J100039,24/06/2026 03:30,20240.4,21859.63,226
J100039,24/06/2026 04:00,20240.79,21860.05,229
J100039,24/06/2026 04:30,20241.18,21860.48,238
J100039,24/06/2026 05:00,20241.58,21860.9,230
J100039,24/06/2026 05:30,20241.97,21861.33,239
J100039,24/06/2026 06:00,20242.36,21861.75,228
J100039,24/06/2026 06:30,20242.75,21862.17,236
J100039,24/06/2026 07:00,20243.15,21862.6,235
J100039,24/06/2026 07:30,20243.54,21863.02,238
J100039,24/06/2026 08:00,20243.93,21863.44,229
J100039,24/06/2026 08:30,20244.32,21863.87,235
J100039,24/06/2026 09:00,20244.72,21864.29,237
J100039,24/06/2026 09:30,20245.11,21864.72,234
J100039,24/06/2026 10:00,20245.5,21865.14,233
J100039,24/06/2026 10:30,20245.89,21865.56,236
J100039,24/06/2026 11:00,20246.28,21865.99,239
J100039,24/06/2026 11:30,20246.68,21866.41,225
J100039,24/06/2026 12:00,20247.07,21866.84,221
J100039,24/06/2026 12:30,20247.46,21867.26,237
J100039,24/06/2026 13:00,20247.85,21867.68,236
J100039,24/06/2026 13:30,20248.25,21868.11,224
J100039,24/06/2026 14:00,20248.64,21868.53,231
J100039,24/06/2026 14:30,20249.03,21868.95,234
J100039,24/06/2026 15:00,20249.42,21869.38,231
J100039,24/06/2026 15:30,20249.82,21869.8,223
J100039,24/06/2026 16:00,20250.21,21870.23,223
J100039,24/06/2026 16:30,20250.6,21870.65,228
J100039,24/06/2026 17:00,20250.99,21871.07,224
J100039,24/06/2026 17:30,20251.39,21871.5,238
J100039,24/06/2026 18:00,20251.78,21871.92,233
J100039,24/06/2026 18:30,20252.17,21872.35,234
J100039,24/06/2026 19:00,20252.56,21872.77,237
J100039,24/06/2026 19:30,20252.96,21873.19,221
J100039,24/06/2026 20:00,20253.35,21873.62,233
J100039,24/06/2026 20:30,20253.74,21874.04,231
J100039,24/06/2026 21:00,20254.13,21874.46,238
J100039,24/06/2026 21:30,20254.53,21874.89,240
J100039,24/06/2026 22:00,20254.92,21875.31,229
J100039,24/06/2026 22:30,20255.31,21875.74,237
J100039,24/06/2026 23:00,20255.7,21876.16,222
J100039,24/06/2026 23:30,20256.1,21876.58,225
J100039,25/06/2026 00:00,20256.49,21877.01,230
J100039,25/06/2026 00:30,20256.88,21877.43,231
J100039,25/06/2026 01:00,20257.27,21877.86,222
J100039,25/06/2026 01:30,20257.67,21878.28,222
J100039,25/06/2026 02:00,20258.06,21878.7,238
J100039,25/06/2026 02:30,20258.45,21879.13,224
J100039,25/06/2026 03:00,20258.84,21879.55,220
J100039,25/06/2026 03:30,20259.24,21879.97,234
J100039,25/06/2026 04:00,20259.63,21880.4,230
J100039,25/06/2026 04:30,20260.02,21880.82,231
J100039,25/06/2026 05:00,20260.41,21881.25,237
J100039,25/06/2026 05:30,20260.81,21881.67,230
J100039,25/06/2026 06:00,20261.2,21882.09,225
J100039,25/06/2026 06:30,20261.59,21882.52,234
J100039,25/06/2026 07:00,20261.98,21882.94,230
J100039,25/06/2026 07:30,20262.38,21883.37,236
J100039,25/06/2026 08:00,20262.77,21883.79,227
J100039,25/06/2026 08:30,20263.16,21884.21,228
J100039,25/06/2026 09:00,20263.55,21884.64,223
J100039,25/06/2026 09:30,20263.94,21885.06,238
J100039,25/06/2026 10:00,20264.34,21885.48,231
J100039,25/06/2026 10:30,20264.73,21885.91,239
J100039,25/06/2026 11:00,20265.12,21886.33,239
J100039,25/06/2026 11:30,20265.51,21886.76,237
J100039,25/06/2026 12:00,20265.91,21887.18,222
J100039,25/06/2026 12:30,20266.3,21887.6,228
J100039,25/06/2026 13:00,20266.69,21888.03,234
J100039,25/06/2026 13:30,20267.08,21888.45,225
J100039,25/06/2026 14:00,20267.48,21888.88,222
J100039,25/06/2026 14:30,20267.87,21889.3,228
J100039,25/06/2026 15:00,20268.26,21889.72,223
J100039,25/06/2026 15:30,20268.65,21890.15,238
J100039,25/06/2026 16:00,20269.05,21890.57,233
J100039,25/06/2026 16:30,20269.44,21890.99,238
J100039,25/06/2026 17:00,20269.83,21891.42,224
J100039,25/06/2026 17:30,20270.22,21891.84,220
J100039,25/06/2026 18:00,20270.62,21892.27,228
J100039,25/06/2026 18:30,20271.01,21892.69,237
J100039,25/06/2026 19:00,20271.4,21893.11,236
J100039,25/06/2026 19:30,20271.79,21893.54,229
J100039,25/06/2026 20:00,20272.19,21893.96,230
J100039,25/06/2026 20:30,20272.58,21894.39,221
J100039,25/06/2026 21:00,20272.97,21894.81,232
J100039,25/06/2026 21:30,20273.36,21895.23,238
J100039,25/06/2026 22:00,20273.76,21895.66,224
J100039,25/06/2026 22:30,20274.15,21896.08,233
J100039,25/06/2026 23:00,20274.54,21896.5,231
J100039,25/06/2026 23:30,20274.93,21896.93,226
J100039,26/06/2026 00:00,20275.33,21897.35,223
J100039,26/06/2026 00:30,20275.72,21897.78,231
J100039,26/06/2026 01:00,20276.11,21898.2,239
J100039,26/06/2026 01:30,20276.5,21898.62,221
J100039,26/06/2026 02:00,20276.9,21899.05,221
J100039,26/06/2026 02:30,20277.29,21899.47,231
J100039,26/06/2026 03:00,20277.68,21899.89,232
J100039,26/06/2026 03:30,20278.07,21900.32,237
J100039,26/06/2026 04:00,20278.47,21900.74,233
J100039,26/06/2026 04:30,20278.86,21901.17,226
J100039,26/06/2026 05:00,20279.25,21901.59,231
J100039,26/06/2026 05:30,20279.64,21902.01,229
J100039,26/06/2026 06:00,20280.04,21902.44,228
J100039,26/06/2026 06:30,20280.43,21902.86,230
J100039,26/06/2026 07:00,20280.82,21903.29,230
J100039,26/06/2026 07:30,20281.21,21903.71,229
J100039,26/06/2026 08:00,20281.6,21904.13,226
J100039,26/06/2026 08:30,20282,21904.56,220
J100039,26/06/2026 09:00,20282.39,21904.98,225
J100039,26/06/2026 09:30,20282.78,21905.4,231
J100039,26/06/2026 10:00,20283.17,21905.83,229
J100039,26/06/2026 10:30,20283.57,21906.25,225
J100039,26/06/2026 11:00,20283.96,21906.68,232
J100039,26/06/2026 11:30,20284.35,21907.1,234
J100039,26/06/2026 12:00,20284.74,21907.52,227
J100039,26/06/2026 12:30,20285.14,21907.95,229
J100039,26/06/2026 13:00,20285.53,21908.37,230
J100039,26/06/2026 13:30,20285.92,21908.8,227
J100039,26/06/2026 14:00,20286.31,21909.22,231
J100039,26/06/2026 14:30,20286.71,21909.64,238
J100039,26/06/2026 15:00,20287.1,21910.07,236
J100039,26/06/2026 15:30,20287.49,21910.49,232
J100039,26/06/2026 16:00,20287.88,21910.91,236
J100039,26/06/2026 16:30,20288.28,21911.34,222
J100039,26/06/2026 17:00,20288.67,21911.76,226
J100039,26/06/2026 17:30,20289.06,21912.19,234
J100039,26/06/2026 18:00,20289.45,21912.61,236
J100039,26/06/2026 18:30,20289.85,21913.03,234
J100039,26/06/2026 19:00,20290.24,21913.46,222
J100039,26/06/2026 19:30,20290.63,21913.88,236
J100039,26/06/2026 20:00,20291.02,21914.31,231
J100039,26/06/2026 20:30,20291.42,21914.73,230
J100039,26/06/2026 21:00,20291.81,21915.15,237
J100039,26/06/2026 21:30,20292.2,21915.58,232
J100039,26/06/2026 22:00,20292.59,21916,236
J100039,26/06/2026 22:30,20292.99,21916.42,231
J100039,26/06/2026 23:00,20293.38,21916.85,226
J100039,26/06/2026 23:30,20293.77,21917.27,237
J100039,27/06/2026 00:00,20294.16,21917.7,232
J100039,27/06/2026 00:30,20294.56,21918.12,231
J100039,27/06/2026 01:00,20294.95,21918.54,226
J100039,27/06/2026 01:30,20295.34,21918.97,230
J100039,27/06/2026 02:00,20295.73,21919.39,227
J100039,27/06/2026 02:30,20296.13,21919.82,227
J100039,27/06/2026 03:00,20296.52,21920.24,230
J100039,27/06/2026 03:30,20296.91,21920.66,237
J100039,27/06/2026 04:00,20297.3,21921.09,229
J100039,27/06/2026 04:30,20297.7,21921.51,233
J100039,27/06/2026 05:00,20298.09,21921.93,229
J100039,27/06/2026 05:30,20298.48,21922.36,232
J100039,27/06/2026 06:00,20298.87,21922.78,239
J100039,27/06/2026 06:30,20299.26,21923.21,224
J100039,27/06/2026 07:00,20299.66,21923.63,221
J100039,27/06/2026 07:30,20300.05,21924.05,232
J100039,27/06/2026 08:00,20300.44,21924.48,233
J100039,27/06/2026 08:30,20300.83,21924.9,232
J100039,27/06/2026 09:00,20301.23,21925.33,222
J100039,27/06/2026 09:30,20301.62,21925.75,234
J100039,27/06/2026 10:00,20302.01,21926.17,238
J100039,27/06/2026 10:30,20302.4,21926.6,233
J100039,27/06/2026 11:00,20302.8,21927.02,222
J100039,27/06/2026 11:30,20303.19,21927.44,238
J100039,27/06/2026 12:00,20303.58,21927.87,229
J100039,27/06/2026 12:30,20303.97,21928.29,226
J100039,27/06/2026 13:00,20304.37,21928.72,235
J100039,27/06/2026 13:30,20304.76,21929.14,232
J100039,27/06/2026 14:00,20305.15,21929.56,223
J100039,27/06/2026 14:30,20305.54,21929.99,222
J100039,27/06/2026 15:00,20305.94,21930.41,232
J100039,27/06/2026 15:30,20306.33,21930.84,224
J100039,27/06/2026 16:00,20306.72,21931.26,221
J100039,27/06/2026 16:30,20307.11,21931.68,229
J100039,27/06/2026 17:00,20307.51,21932.11,239
J100039,27/06/2026 17:30,20307.9,21932.53,240
J100039,27/06/2026 18:00,20308.29,21932.95,228
J100039,27/06/2026 18:30,20308.68,21933.38,225
J100039,27/06/2026 19:00,20309.08,21933.8,227
J100039,27/06/2026 19:30,20309.47,21934.23,224
J100039,27/06/2026 20:00,20309.86,21934.65,236
J100039,27/06/2026 20:30,20310.25,21935.07,231
J100039,27/06/2026 21:00,20310.65,21935.5,240
J100039,27/06/2026 21:30,20311.04,21935.92,233
J100039,27/06/2026 22:00,20311.43,21936.35,230
J100039,27/06/2026 22:30,20311.82,21936.77,238
J100039,27/06/2026 23:00,20312.22,21937.19,222
J100039,27/06/2026 23:30,20312.61,21937.62,229
J100039,28/06/2026 00:00,20313,21938.04,228
J100039,28/06/2026 00:30,20313.39,21938.46,225
J100039,28/06/2026 01:00,20313.79,21938.89,231
J100039,28/06/2026 01:30,20314.18,21939.31,222
J100039,28/06/2026 02:00,20314.57,21939.74,238
J100039,28/06/2026 02:30,20314.96,21940.16,220
J100039,28/06/2026 03:00,20315.36,21940.58,232
J100039,28/06/2026 03:30,20315.75,21941.01,225
J100039,28/06/2026 04:00,20316.14,21941.43,236
J100039,28/06/2026 04:30,20316.53,21941.86,231
J100039,28/06/2026 05:00,20316.92,21942.28,239
J100039,28/06/2026 05:30,20317.32,21942.7,229
J100039,28/06/2026 06:00,20317.71,21943.13,228
J100039,28/06/2026 06:30,20318.1,21943.55,235
J100039,28/06/2026 07:00,20318.49,21943.97,223
J100039,28/06/2026 07:30,20318.89,21944.4,240
J100039,28/06/2026 08:00,20319.28,21944.82,223
J100039,28/06/2026 08:30,20319.67,21945.25,233
J100039,28/06/2026 09:00,20320.06,21945.67,225
J100039,28/06/2026 09:30,20320.46,21946.09,233
J100039,28/06/2026 10:00,20320.85,21946.52,233
J100039,28/06/2026 10:30,20321.24,21946.94,226
J100039,28/06/2026 11:00,20321.63,21947.37,232
J100039,28/06/2026 11:30,20322.03,21947.79,237
J100039,28/06/2026 12:00,20322.42,21948.21,224
J100039,28/06/2026 12:30,20322.81,21948.64,232
J100039,28/06/2026 13:00,20323.2,21949.06,235
J100039,28/06/2026 13:30,20323.6,21949.48,232
J100039,28/06/2026 14:00,20323.99,21949.91,239
J100039,28/06/2026 14:30,20324.38,21950.33,232
J100039,28/06/2026 15:00,20324.77,21950.76,236
J100039,28/06/2026 15:30,20325.17,21951.18,227
J100039,28/06/2026 16:00,20325.56,21951.6,232
J100039,28/06/2026 16:30,20325.95,21952.03,223
J100039,28/06/2026 17:00,20326.34,21952.45,236
J100039,28/06/2026 17:30,20326.74,21952.87,220
J100039,28/06/2026 18:00,20327.13,21953.3,221
J100039,28/06/2026 18:30,20327.52,21953.72,229
J100039,28/06/2026 19:00,20327.91,21954.15,232
J100039,28/06/2026 19:30,20328.31,21954.57,235
J100039,28/06/2026 20:00,20328.7,21954.99,221
J100039,28/06/2026 20:30,20329.09,21955.42,236
J100039,28/06/2026 21:00,20329.48,21955.84,221
J100039,28/06/2026 21:30,20329.88,21956.27,232
J100039,28/06/2026 22:00,20330.27,21956.69,230
J100039,28/06/2026 22:30,20330.66,21957.11,230
J100039,28/06/2026 23:00,20331.05,21957.54,222
J100039,28/06/2026 23:30,20331.45,21957.96,225
J100039,29/06/2026 00:00,20331.84,21958.38,228
J100039,29/06/2026 00:30,20332.23,21958.81,235
J100039,29/06/2026 01:00,20332.62,21959.23,226
J100039,29/06/2026 01:30,20333.02,21959.66,225
J100039,29/06/2026 02:00,20333.41,21960.08,228
J100039,29/06/2026 02:30,20333.8,21960.5,233
J100039,29/06/2026 03:00,20334.19,21960.93,238
J100039,29/06/2026 03:30,20334.58,21961.35,226
J100039,29/06/2026 04:00,20334.98,21961.78,228
J100039,29/06/2026 04:30,20335.37,21962.2,240
J100039,29/06/2026 05:00,20335.76,21962.62,236
J100039,29/06/2026 05:30,20336.15,21963.05,238
J100039,29/06/2026 06:00,20336.55,21963.47,231
J100039,29/06/2026 06:30,20336.94,21963.89,237
J100039,29/06/2026 07:00,20337.33,21964.32,234
J100039,29/06/2026 07:30,20337.72,21964.74,231
J100039,29/06/2026 08:00,20338.12,21965.17,222
J100039,29/06/2026 08:30,20338.51,21965.59,231
J100039,29/06/2026 09:00,20338.9,21966.01,230
J100039,29/06/2026 09:30,20339.29,21966.44,237
J100039,29/06/2026 10:00,20339.69,21966.86,239
J100039,29/06/2026 10:30,20340.08,21967.29,235
J100039,29/06/2026 11:00,20340.47,21967.71,222
J100039,29/06/2026 11:30,20340.86,21968.13,231
J100039,29/06/2026 12:00,20341.26,21968.56,233
J100039,29/06/2026 12:30,20341.65,21968.98,239
J100039,29/06/2026 13:00,20342.04,21969.4,220
J100039,29/06/2026 13:30,20342.43,21969.83,234
J100039,29/06/2026 14:00,20342.83,21970.25,239
J100039,29/06/2026 14:30,20343.22,21970.68,223
J100039,29/06/2026 15:00,20343.61,21971.1,227
J100039,29/06/2026 15:30,20344,21971.52,220
J100039,29/06/2026 16:00,20344.4,21971.95,233
J100039,29/06/2026 16:30,20344.79,21972.37,227
J100039,29/06/2026 17:00,20345.18,21972.8,234
J100039,29/06/2026 17:30,20345.57,21973.22,235
J100039,29/06/2026 18:00,20345.97,21973.64,225
J100039,29/06/2026 18:30,20346.36,21974.07,224
J100039,29/06/2026 19:00,20346.75,21974.49,220
J100039,29/06/2026 19:30,20347.14,21974.91,230
J100039,29/06/2026 20:00,20347.54,21975.34,239
J100039,29/06/2026 20:30,20347.93,21975.76,228
J100039,29/06/2026 21:00,20348.32,21976.19,234
J100039,29/06/2026 21:30,20348.71,21976.61,237
J100039,29/06/2026 22:00,20349.11,21977.03,223
J100039,29/06/2026 22:30,20349.5,21977.46,223
J100039,29/06/2026 23:00,20349.89,21977.88,224
J100039,29/06/2026 23:30,20350.28,21978.31,238
J100039,30/06/2026 00:00,20350.68,21978.73,232
J100039,30/06/2026 00:30,20351.07,21979.15,225
J100039,30/06/2026 01:00,20351.46,21979.58,235
J100039,30/06/2026 01:30,20351.85,21980,225
J100039,30/06/2026 02:00,20352.24,21980.42,236
J100039,30/06/2026 02:30,20352.64,21980.85,225
J100039,30/06/2026 03:00,20353.03,21981.27,226
J100039,30/06/2026 03:30,20353.42,21981.7,231
J100039,30/06/2026 04:00,20353.81,21982.12,224
J100039,30/06/2026 04:30,20354.21,21982.54,232
J100039,30/06/2026 05:00,20354.6,21982.97,224
J100039,30/06/2026 05:30,20354.99,21983.39,225
J100039,30/06/2026 06:00,20355.38,21983.82,231
J100039,30/06/2026 06:30,20355.78,21984.24,234
J100039,30/06/2026 07:00,20356.17,21984.66,228
J100039,30/06/2026 07:30,20356.56,21985.09,234
J100039,30/06/2026 08:00,20356.95,21985.51,238
J100039,30/06/2026 08:30,20357.35,21985.93,227
J100039,30/06/2026 09:00,20357.74,21986.36,226
J100039,30/06/2026 09:30,20358.13,21986.78,228
J100039,30/06/2026 10:00,20358.52,21987.21,229
J100039,30/06/2026 10:30,20358.92,21987.63,228
J100039,30/06/2026 11:00,20359.31,21988.05,233
J100039,30/06/2026 11:30,20359.7,21988.48,233
J100039,30/06/2026 12:00,20360.09,21988.9,225
J100039,30/06/2026 12:30,20360.49,21989.33,229
J100039,30/06/2026 13:00,20360.88,21989.75,239
J100039,30/06/2026 13:30,20361.27,21990.17,238
J100039,30/06/2026 14:00,20361.66,21990.6,237
J100039,30/06/2026 14:30,20362.06,21991.02,238
J100039,30/06/2026 15:00,20362.45,21991.44,227
J100039,30/06/2026 15:30,20362.84,21991.87,238
J100039,30/06/2026 16:00,20363.23,21992.29,231
J100039,30/06/2026 16:30,20363.63,21992.72,224
J100039,30/06/2026 17:00,20364.02,21993.14,234
J100039,30/06/2026 17:30,20364.41,21993.56,221
J100039,30/06/2026 18:00,20364.8,21993.99,226
J100039,30/06/2026 18:30,20365.2,21994.41,223
J100039,30/06/2026 19:00,20365.59,21994.84,234
J100039,30/06/2026 19:30,20365.98,21995.26,222
J100039,30/06/2026 20:00,20366.37,21995.68,238
J100039,30/06/2026 20:30,20366.77,21996.11,229
J100039,30/06/2026 21:00,20367.16,21996.53,225
J100039,30/06/2026 21:30,20367.55,21996.95,229
J100039,30/06/2026 22:00,20367.94,21997.38,236
J100039,30/06/2026 22:30,20368.34,21997.8,233
J100039,30/06/2026 23:00,20368.73,21998.23,239
J100039,30/06/2026 23:30,20369.12,21998.65,238
J100040,23/06/2026 00:00,5219.83,5637.41,230
J100040,24/06/2026 00:00,5228.69,5646.98,230
J100040,25/06/2026 00:00,5237.55,5656.56,240
J100040,26/06/2026 00:00,5246.41,5666.13,222
J100040,27/06/2026 00:00,5255.28,5675.7,223
J100040,28/06/2026 00:00,5264.14,5685.27,225
J100040,29/06/2026 00:00,5273,5694.84,235
J100040,30/06/2026 00:00,5281.86,5704.41,229
J100041,23/06/2026 00:00,28059.83,30304.62,229
J100041,24/06/2026 00:00,28068.48,30313.95,234
J100041,25/06/2026 00:00,28077.12,30323.29,227
J100041,26/06/2026 00:00,28085.77,30332.63,236
J100041,27/06/2026 00:00,28094.41,30341.96,224
J100041,28/06/2026 00:00,28103.06,30351.3,239
J100041,29/06/2026 00:00,28111.7,30360.64,227
J100041,30/06/2026 00:00,28120.35,30369.97,228
J100042,23/06/2026 00:00,8823.56,9529.44,239
J100042,24/06/2026 00:00,8831.8,9538.34,239
J100042,25/06/2026 00:00,8840.04,9547.24,223
J100042,26/06/2026 00:00,8848.28,9556.14,223
J100042,27/06/2026 00:00,8856.52,9565.04,235
J100042,28/06/2026 00:00,8864.76,9573.94,225
J100042,29/06/2026 00:00,8873,9582.85,229
J100042,30/06/2026 00:00,8881.25,9591.75,226
J100043,23/06/2026 00:00,23980.26,25898.68,225
J100043,24/06/2026 00:00,23993.97,25913.48,227
J100043,25/06/2026 00:00,24007.67,25928.29,239
J100043,26/06/2026 00:00,24021.38,25943.09,229
J100043,27/06/2026 00:00,24035.09,25957.89,222
J100043,28/06/2026 00:00,24048.79,25972.7,236
J100043,29/06/2026 00:00,24062.5,25987.5,223
J100043,30/06/2026 00:00,24076.21,26002.3,227
J100044,23/06/2026 00:00,28112.13,30361.1,222
J100044,24/06/2026 00:00,28135.36,30386.18,234
J100044,25/06/2026 00:00,28158.58,30411.27,239
J100044,26/06/2026 00:00,28181.8,30436.35,230
J100044,27/06/2026 00:00,28205.03,30461.43,227
J100044,28/06/2026 00:00,28228.25,30486.51,224
J100044,29/06/2026 00:00,28251.47,30511.59,225
J100044,30/06/2026 00:00,28274.69,30536.67,224
J100045,23/06/2026 00:00,21720.76,23458.42,237
J100045,24/06/2026 00:00,21733.23,23471.89,229
J100045,25/06/2026 00:00,21745.7,23485.35,225
J100045,26/06/2026 00:00,21758.16,23498.82,222
J100045,27/06/2026 00:00,21770.63,23512.28,229
J100045,28/06/2026 00:00,21783.1,23525.75,234
J100045,29/06/2026 00:00,21795.57,23539.21,239
J100045,30/06/2026 00:00,21808.04,23552.68,235
J100046,23/06/2026 00:00,26545.32,28668.94,226
J100046,24/06/2026 00:00,26564.85,28690.04,225
J100046,25/06/2026 00:00,26584.39,28711.14,226
J100046,26/06/2026 00:00,26603.92,28732.24,234
J100046,27/06/2026 00:00,26623.46,28753.34,224
J100046,28/06/2026 00:00,26643,28774.44,229
J100046,29/06/2026 00:00,26662.53,28795.53,236
J100046,30/06/2026 00:00,26682.07,28816.63,222
J100047,23/06/2026 00:00,6284.31,6787.06,221
J100047,24/06/2026 00:00,6302.59,6806.79,221
J100047,25/06/2026 00:00,6320.86,6826.53,229
J100047,26/06/2026 00:00,6339.13,6846.27,233
J100047,27/06/2026 00:00,6357.41,6866,233
J100047,28/06/2026 00:00,6375.68,6885.74,227
J100047,29/06/2026 00:00,6393.96,6905.47,229
J100047,30/06/2026 00:00,6412.23,6925.21,238
J100048,23/06/2026 00:00,21915,23668.2,237
J100048,24/06/2026 00:00,21926.96,23681.11,227
J100048,25/06/2026 00:00,21938.91,23694.03,234
J100048,26/06/2026 00:00,21950.87,23706.94,225
J100048,27/06/2026 00:00,21962.83,23719.85,236
J100048,28/06/2026 00:00,21974.78,23732.77,239
J100048,29/06/2026 00:00,21986.74,23745.68,237
J100048,30/06/2026 00:00,21998.7,23758.59,230
J100049,23/06/2026 00:00,37562.9,40567.93,225
J100049,24/06/2026 00:00,37573.28,40579.15,230
J100049,25/06/2026 00:00,37583.67,40590.36,223
J100049,26/06/2026 00:00,37594.06,40601.58,221
J100049,27/06/2026 00:00,37604.44,40612.8,225
J100049,28/06/2026 00:00,37614.83,40624.02,230
J100049,29/06/2026 00:00,37625.22,40635.24,238
J100049,30/06/2026 00:00,37635.6,40646.45,222
J100050,23/06/2026 00:00,13885.38,14996.22,237
J100050,24/06/2026 00:00,13896.75,15008.49,230
J100050,25/06/2026 00:00,13908.11,15020.76,225
J100050,26/06/2026 00:00,13919.48,15033.04,238
J100050,27/06/2026 00:00,13930.84,15045.31,220
J100050,28/06/2026 00:00,13942.21,15057.58,234
J100050,29/06/2026 00:00,13953.57,15069.86,226
J100050,30/06/2026 00:00,13964.94,15082.13,227
J100051,23/06/2026 00:00,29019.48,31341.04,235
J100051,24/06/2026 00:00,29042.33,31365.71,229
J100051,25/06/2026 00:00,29065.17,31390.39,229
J100051,26/06/2026 00:00,29088.02,31415.06,238
J100051,27/06/2026 00:00,29110.87,31439.74,234
J100051,28/06/2026 00:00,29133.72,31464.41,235
J100051,29/06/2026 00:00,29156.56,31489.09,222
J100051,30/06/2026 00:00,29179.41,31513.76,221
J100052,23/06/2026 00:00,40711.82,43968.76,236
J100052,24/06/2026 00:00,40731.42,43989.93,229
J100052,25/06/2026 00:00,40751.02,44011.1,231
J100052,26/06/2026 00:00,40770.62,44032.27,237
J100052,27/06/2026 00:00,40790.22,44053.44,234
J100052,28/06/2026 00:00,40809.82,44074.61,231
J100052,29/06/2026 00:00,40829.42,44095.78,222
J100052,30/06/2026 00:00,40849.02,44116.95,228
J100053,23/06/2026 00:00,6357.27,6865.85,227
J100053,24/06/2026 00:00,6382.1,6892.67,237
J100053,25/06/2026 00:00,6406.94,6919.5,234
J100053,26/06/2026 00:00,6431.78,6946.32,237
J100053,27/06/2026 00:00,6456.62,6973.15,228
J100053,28/06/2026 00:00,6481.45,6999.97,228
J100053,29/06/2026 00:00,6506.29,7026.79,239
J100053,30/06/2026 00:00,6531.13,7053.62,232
J100054,23/06/2026 00:00,26203.49,28299.76,221
J100054,24/06/2026 00:00,26227.07,28325.24,235
J100054,25/06/2026 00:00,26250.66,28350.71,223
J100054,26/06/2026 00:00,26274.24,28376.18,239
J100054,27/06/2026 00:00,26297.83,28401.66,235
J100054,28/06/2026 00:00,26321.42,28427.13,238
J100054,29/06/2026 00:00,26345,28452.6,233
J100054,30/06/2026 00:00,26368.59,28478.08,235
J100055,23/06/2026 00:00,5542.31,5985.7,236
J100055,24/06/2026 00:00,5564.11,6009.24,222
J100055,25/06/2026 00:00,5585.9,6032.78,232
J100055,26/06/2026 00:00,5607.7,6056.32,237
J100055,27/06/2026 00:00,5629.5,6079.85,240
J100055,28/06/2026 00:00,5651.29,6103.39,222
J100055,29/06/2026 00:00,5673.09,6126.93,230
J100055,30/06/2026 00:00,5694.88,6150.47,232
J100056,23/06/2026 00:00,20100.14,21708.16,240
J100056,24/06/2026 00:00,20114.46,21723.61,220
J100056,25/06/2026 00:00,20128.77,21739.07,236
J100056,26/06/2026 00:00,20143.08,21754.52,238
J100056,27/06/2026 00:00,20157.39,21769.98,224
J100056,28/06/2026 00:00,20171.7,21785.43,239
J100056,29/06/2026 00:00,20186.01,21800.89,228
J100056,30/06/2026 00:00,20200.32,21816.34,237
J100057,23/06/2026 00:00,9798.15,10582,230
J100057,24/06/2026 00:00,9824.11,10610.04,235
J100057,25/06/2026 00:00,9850.08,10638.08,221
J100057,26/06/2026 00:00,9876.04,10666.12,228
J100057,27/06/2026 00:00,9902,10694.16,237
J100057,28/06/2026 00:00,9927.97,10722.2,229
J100057,29/06/2026 00:00,9953.93,10750.24,236
J100057,30/06/2026 00:00,9979.89,10778.28,239
J100058,23/06/2026 00:00,36767.47,39708.86,234
J100058,24/06/2026 00:00,36774.23,39716.16,238
J100058,25/06/2026 00:00,36780.99,39723.46,235
J100058,26/06/2026 00:00,36787.74,39730.76,237
J100058,27/06/2026 00:00,36794.5,39738.06,236
J100058,28/06/2026 00:00,36801.26,39745.36,224
J100058,29/06/2026 00:00,36808.02,39752.67,226
J100058,30/06/2026 00:00,36814.78,39759.97,239
J100059,23/06/2026 00:00,27893.7,30125.2,227
J100059,24/06/2026 00:00,27912.69,30145.7,223
J100059,25/06/2026 00:00,27931.68,30166.21,220
J100059,26/06/2026 00:00,27950.66,30186.72,230
J100059,27/06/2026 00:00,27969.65,30207.22,221
J100059,28/06/2026 00:00,27988.64,30227.73,234
J100059,29/06/2026 00:00,28007.62,30248.23,220
J100059,30/06/2026 00:00,28026.61,30268.74,225
J100060,23/06/2026 00:00,31559.96,34084.76,235
J100060,24/06/2026 00:00,31567.74,34093.16,221
J100060,25/06/2026 00:00,31575.52,34101.57,227
J100060,26/06/2026 00:00,31583.3,34109.97,231
J100060,27/06/2026 00:00,31591.09,34118.37,223
J100060,28/06/2026 00:00,31598.87,34126.78,240
J100060,29/06/2026 00:00,31606.65,34135.18,231
J100060,30/06/2026 00:00,31614.43,34143.58,227
J100061,23/06/2026 00:00,48495.61,52375.26,224
J100061,24/06/2026 00:00,48510.55,52391.4,229
J100061,25/06/2026 00:00,48525.49,52407.53,236
J100061,26/06/2026 00:00,48540.43,52423.67,234
J100061,27/06/2026 00:00,48555.37,52439.8,228
J100061,28/06/2026 00:00,48570.31,52455.94,233
J100061,29/06/2026 00:00,48585.25,52472.07,222
J100061,30/06/2026 00:00,48600.19,52488.21,234
J100062,23/06/2026 00:00,12383.26,13373.92,224
J100062,24/06/2026 00:00,12394.1,13385.63,239
J100062,25/06/2026 00:00,12404.94,13397.33,231
J100062,26/06/2026 00:00,12415.78,13409.04,238
J100062,27/06/2026 00:00,12426.61,13420.74,233
J100062,28/06/2026 00:00,12437.45,13432.45,232
J100062,29/06/2026 00:00,12448.29,13444.15,238
J100062,30/06/2026 00:00,12459.13,13455.86,233
J100063,23/06/2026 00:00,13676.58,14770.71,233
J100063,24/06/2026 00:00,13697.44,14793.23,228
J100063,25/06/2026 00:00,13718.29,14815.75,235
J100063,26/06/2026 00:00,13739.14,14838.27,225
J100063,27/06/2026 00:00,13759.99,14860.79,221
J100063,28/06/2026 00:00,13780.84,14883.31,239
J100063,29/06/2026 00:00,13801.69,14905.83,224
J100063,30/06/2026 00:00,13822.55,14928.35,232
J100064,23/06/2026 00:00,41766.48,45107.8,229
J100064,24/06/2026 00:00,41781.11,45123.6,226
J100064,25/06/2026 00:00,41795.74,45139.4,230
J100064,26/06/2026 00:00,41810.37,45155.2,225
J100064,27/06/2026 00:00,41825,45171,228
J100064,28/06/2026 00:00,41839.63,45186.8,240
J100064,29/06/2026 00:00,41854.26,45202.6,227
J100064,30/06/2026 00:00,41868.88,45218.4,228
J100065,23/06/2026 00:00,39699.7,42875.67,236
J100065,24/06/2026 00:00,39709.16,42885.89,232
J100065,25/06/2026 00:00,39718.63,42896.12,230
J100065,26/06/2026 00:00,39728.09,42906.34,226
J100065,27/06/2026 00:00,39737.56,42916.56,228
J100065,28/06/2026 00:00,39747.02,42926.78,221
J100065,29/06/2026 00:00,39756.49,42937.01,227
J100065,30/06/2026 00:00,39765.95,42947.23,230
J100066,23/06/2026 00:00,38920.77,42034.43,235
J100066,24/06/2026 00:00,38941.2,42056.49,235
J100066,25/06/2026 00:00,38961.62,42078.55,238
J100066,26/06/2026 00:00,38982.05,42100.61,224
J100066,27/06/2026 00:00,39002.47,42122.67,238
J100066,28/06/2026 00:00,39022.89,42144.73,222
J100066,29/06/2026 00:00,39043.32,42166.79,223
J100066,30/06/2026 00:00,39063.74,42188.84,221
J100067,23/06/2026 00:00,12635.1,13645.91,238
J100067,24/06/2026 00:00,12644.76,13656.34,222
J100067,25/06/2026 00:00,12654.42,13666.77,225
J100067,26/06/2026 00:00,12664.08,13677.2,235
J100067,27/06/2026 00:00,12673.73,13687.63,236
J100067,28/06/2026 00:00,12683.39,13698.06,231
J100067,29/06/2026 00:00,12693.05,13708.49,223
J100067,30/06/2026 00:00,12702.7,13718.92,227
J100068,23/06/2026 00:00,44951.99,48548.15,227
J100068,24/06/2026 00:00,44964.78,48561.96,229
J100068,25/06/2026 00:00,44977.56,48575.76,228
J100068,26/06/2026 00:00,44990.34,48589.57,234
J100068,27/06/2026 00:00,45003.12,48603.37,233
J100068,28/06/2026 00:00,45015.91,48617.18,234
J100068,29/06/2026 00:00,45028.69,48630.98,233
J100068,30/06/2026 00:00,45041.47,48644.79,236
J100069,23/06/2026 00:00,16390.9,17702.17,231
J100069,24/06/2026 00:00,16400.42,17712.45,234
J100069,25/06/2026 00:00,16409.94,17722.73,235
J100069,26/06/2026 00:00,16419.45,17733.01,235
J100069,27/06/2026 00:00,16428.97,17743.29,224
J100069,28/06/2026 00:00,16438.49,17753.57,223
J100069,29/06/2026 00:00,16448.01,17763.85,222
J100069,30/06/2026 00:00,16457.52,17774.12,239
J100070,23/06/2026 00:00,43186.05,46640.93,224
J100070,24/06/2026 00:00,43192.44,46647.83,234
J100070,25/06/2026 00:00,43198.83,46654.74,227
J100070,26/06/2026 00:00,43205.23,46661.64,226
J100070,27/06/2026 00:00,43211.62,46668.55,220
J100070,28/06/2026 00:00,43218.01,46675.45,231
J100070,29/06/2026 00:00,43224.41,46682.36,222
J100070,30/06/2026 00:00,43230.8,46689.26,220
J100071,23/06/2026 00:00,19616.54,21185.87,234
J100071,24/06/2026 00:00,19622.61,21192.42,233
J100071,25/06/2026 00:00,19628.68,21198.97,233
J100071,26/06/2026 00:00,19634.74,21205.52,233
J100071,27/06/2026 00:00,19640.81,21212.08,230
J100071,28/06/2026 00:00,19646.88,21218.63,236
J100071,29/06/2026 00:00,19652.95,21225.18,222
J100071,30/06/2026 00:00,19659.01,21231.73,238
J100072,23/06/2026 00:00,2958.33,3194.99,221
J100072,24/06/2026 00:00,2970.39,3208.02,225
J100072,25/06/2026 00:00,2982.44,3221.04,239
J100072,26/06/2026 00:00,2994.5,3234.06,239
J100072,27/06/2026 00:00,3006.56,3247.08,227
J100072,28/06/2026 00:00,3018.62,3260.11,224
J100072,29/06/2026 00:00,3030.68,3273.13,220
J100072,30/06/2026 00:00,3042.73,3286.15,239
J100073,23/06/2026 00:00,32841.72,35469.06,239
J100073,24/06/2026 00:00,32857.97,35486.61,235
J100073,25/06/2026 00:00,32874.22,35504.16,230
J100073,26/06/2026 00:00,32890.47,35521.71,221
J100073,27/06/2026 00:00,32906.72,35539.26,226
J100073,28/06/2026 00:00,32922.97,35556.8,232
J100073,29/06/2026 00:00,32939.22,35574.35,236
J100073,30/06/2026 00:00,32955.46,35591.9,227
J100074,23/06/2026 00:00,21314.21,23019.35,230
J100074,24/06/2026 00:00,21320.31,23025.93,220
J100074,25/06/2026 00:00,21326.4,23032.51,235
J100074,26/06/2026 00:00,21332.5,23039.1,233
J100074,27/06/2026 00:00,21338.59,23045.68,238
J100074,28/06/2026 00:00,21344.69,23052.26,231
J100074,29/06/2026 00:00,21350.79,23058.85,231
J100074,30/06/2026 00:00,21356.88,23065.43,226
J100075,23/06/2026 00:00,18628.48,20118.76,238
J100075,24/06/2026 00:00,18643.33,20134.8,223
J100075,25/06/2026 00:00,18658.18,20150.83,227
J100075,26/06/2026 00:00,18673.02,20166.87,228
J100075,27/06/2026 00:00,18687.87,20182.9,233
J100075,28/06/2026 00:00,18702.72,20198.93,228
J100075,29/06/2026 00:00,18717.56,20214.97,226
J100075,30/06/2026 00:00,18732.41,20231,233
J100076,23/06/2026 00:00,37852.94,40881.17,236
J100076,24/06/2026 00:00,37873.41,40903.29,235
J100076,25/06/2026 00:00,37893.89,40925.4,236
J100076,26/06/2026 00:00,37914.36,40947.51,224
J100076,27/06/2026 00:00,37934.84,40969.63,229
J100076,28/06/2026 00:00,37955.32,40991.74,221
J100076,29/06/2026 00:00,37975.79,41013.85,221
J100076,30/06/2026 00:00,37996.27,41035.97,238
J100077,23/06/2026 00:00,47683.47,51498.15,228
J100077,24/06/2026 00:00,47694.14,51509.67,236
J100077,25/06/2026 00:00,47704.81,51521.2,221
J100077,26/06/2026 00:00,47715.49,51532.72,230
J100077,27/06/2026 00:00,47726.16,51544.25,232
J100077,28/06/2026 00:00,47736.83,51555.78,232
J100077,29/06/2026 00:00,47747.5,51567.3,238
J100077,30/06/2026 00:00,47758.18,51578.83,237
J100078,23/06/2026 00:00,31901.23,34453.33,232
J100078,24/06/2026 00:00,31919.85,34473.43,236
J100078,25/06/2026 00:00,31938.46,34493.54,231
J100078,26/06/2026 00:00,31957.08,34513.65,235
J100078,27/06/2026 00:00,31975.7,34533.76,231
J100078,28/06/2026 00:00,31994.32,34553.87,221
J100078,29/06/2026 00:00,32012.94,34573.97,221
J100078,30/06/2026 00:00,32031.56,34594.08,229
J100079,23/06/2026 00:00,42731.05,46149.53,224
J100079,24/06/2026 00:00,42743.75,46163.25,229
J100079,25/06/2026 00:00,42756.44,46176.96,232
J100079,26/06/2026 00:00,42769.14,46190.67,231
J100079,27/06/2026 00:00,42781.84,46204.39,227
J100079,28/06/2026 00:00,42794.54,46218.1,231
J100079,29/06/2026 00:00,42807.23,46231.81,239
J100079,30/06/2026 00:00,42819.93,46245.53,223
J100080,23/06/2026 00:00,4712.73,5089.75,240
J100080,24/06/2026 00:00,4721.42,5099.13,232
J100080,25/06/2026 00:00,4730.1,5108.51,227
J100080,26/06/2026 00:00,4738.78,5117.89,220
J100080,27/06/2026 00:00,4747.47,5127.27,224
J100080,28/06/2026 00:00,4756.15,5136.64,224
J100080,29/06/2026 00:00,4764.84,5146.02,222
J100080,30/06/2026 00:00,4773.52,5155.4,221
J100081,23/06/2026 00:00,45081.74,48688.27,228
J100081,24/06/2026 00:00,45103.46,48711.74,233
J100081,25/06/2026 00:00,45125.19,48735.21,227
J100081,26/06/2026 00:00,45146.92,48758.67,237
J100081,27/06/2026 00:00,45168.65,48782.14,238
J100081,28/06/2026 00:00,45190.37,48805.6,230
J100081,29/06/2026 00:00,45212.1,48829.07,240
J100081,30/06/2026 00:00,45233.83,48852.53,230
J100082,23/06/2026 00:00,6877.9,7428.13,229
J100082,24/06/2026 00:00,6889.33,7440.48,223
J100082,25/06/2026 00:00,6900.76,7452.82,235
J100082,26/06/2026 00:00,6912.19,7465.17,236
J100082,27/06/2026 00:00,6923.62,7477.51,236
J100082,28/06/2026 00:00,6935.05,7489.86,223
J100082,29/06/2026 00:00,6946.48,7502.2,225
J100082,30/06/2026 00:00,6957.91,7514.55,222
J100083,23/06/2026 00:00,30025.79,32427.85,229
J100083,24/06/2026 00:00,30038.52,32441.6,229
J100083,25/06/2026 00:00,30051.25,32455.35,224
J100083,26/06/2026 00:00,30063.98,32469.1,222
J100083,27/06/2026 00:00,30076.71,32482.84,221
J100083,28/06/2026 00:00,30089.44,32496.59,234
J100083,29/06/2026 00:00,30102.17,32510.34,225
J100083,30/06/2026 00:00,30114.9,32524.09,230
J100084,23/06/2026 00:00,13512.26,14593.24,233
J100084,24/06/2026 00:00,13526.84,14608.99,236
J100084,25/06/2026 00:00,13541.42,14624.73,238
J100084,26/06/2026 00:00,13555.99,14640.47,238
J100084,27/06/2026 00:00,13570.57,14656.22,223
J100084,28/06/2026 00:00,13585.15,14671.96,232
J100084,29/06/2026 00:00,13599.72,14687.7,223
J100084,30/06/2026 00:00,13614.3,14703.44,238
J100085,23/06/2026 00:00,21484.08,23202.81,227
J100085,24/06/2026 00:00,21502.95,23223.19,233
J100085,25/06/2026 00:00,21521.83,23243.57,221
J100085,26/06/2026 00:00,21540.7,23263.95,230
J100085,27/06/2026 00:00,21559.57,23284.34,235
J100085,28/06/2026 00:00,21578.44,23304.72,228
J100085,29/06/2026 00:00,21597.32,23325.1,222
J100085,30/06/2026 00:00,21616.19,23345.49,223
J100086,23/06/2026 00:00,45512.76,49153.78,231
J100086,24/06/2026 00:00,45530.49,49172.92,226
J100086,25/06/2026 00:00,45548.21,49192.07,225
J100086,26/06/2026 00:00,45565.94,49211.22,239
J100086,27/06/2026 00:00,45583.67,49230.36,227
J100086,28/06/2026 00:00,45601.4,49249.51,230
J100086,29/06/2026 00:00,45619.13,49268.66,221
J100086,30/06/2026 00:00,45636.86,49287.81,221
J100087,23/06/2026 00:00,34996.95,37796.7,239
J100087,24/06/2026 00:00,35003.12,37803.37,237
J100087,25/06/2026 00:00,35009.29,37810.03,233
J100087,26/06/2026 00:00,35015.46,37816.7,228
J100087,27/06/2026 00:00,35021.63,37823.36,236
J100087,28/06/2026 00:00,35027.81,37830.03,238
J100087,29/06/2026 00:00,35033.98,37836.7,229
J100087,30/06/2026 00:00,35040.15,37843.36,232
J100088,23/06/2026 00:00,37952.83,40989.06,223
J100088,24/06/2026 00:00,37959.39,40996.14,233
J100088,25/06/2026 00:00,37965.95,41003.23,230
J100088,26/06/2026 00:00,37972.51,41010.31,225
J100088,27/06/2026 00:00,37979.07,41017.39,225
J100088,28/06/2026 00:00,37985.62,41024.47,226
J100088,29/06/2026 00:00,37992.18,41031.56,223
J100088,30/06/2026 00:00,37998.74,41038.64,225
J100089,23/06/2026 00:00,12678.83,13693.14,225
J100089,24/06/2026 00:00,12686.48,13701.39,225
J100089,25/06/2026 00:00,12694.12,13709.65,230
J100089,26/06/2026 00:00,12701.76,13717.91,235
J100089,27/06/2026 00:00,12709.41,13726.16,234
J100089,28/06/2026 00:00,12717.05,13734.42,235
J100089,29/06/2026 00:00,12724.7,13742.67,232
J100089,30/06/2026 00:00,12732.34,13750.93,229
J100089,30/06/2026 00:00,,13750.93,
J100090,23/06/2026 00:00,12740.95,13760.23,231
J100090,24/06/2026 00:00,12757.13,13777.7,237
J100090,25/06/2026 00:00,12773.3,13795.16,230
J100090,26/06/2026 00:00,12789.47,13812.63,230
J100090,27/06/2026 00:00,12805.64,13830.09,235
J100090,28/06/2026 00:00,12821.81,13847.56,230
J100090,29/06/2026 00:00,12837.99,13865.02,229
J100090,30/06/2026 00:00,12854.16,13882.49,227
J100091,23/06/2026 00:00,31831.1,34377.59,221
J100091,24/06/2026 00:00,31849.76,34397.74,226
J100091,25/06/2026 00:00,31868.42,34417.89,232
J100091,26/06/2026 00:00,31887.07,34438.04,229
J100091,27/06/2026 00:00,31905.73,34458.19,226
J100091,28/06/2026 00:00,31924.39,34478.34,237
J100091,29/06/2026 00:00,31943.05,34498.49,224
J100091,30/06/2026 00:00,31961.7,34518.64,227
J100092,23/06/2026 00:00,36359.96,39268.75,226
J100092,24/06/2026 00:00,36371.87,39281.62,238
J100092,25/06/2026 00:00,36383.78,39294.48,231
J100092,26/06/2026 00:00,36395.69,39307.35,225
J100092,27/06/2026 00:00,36407.6,39320.21,221
J100092,28/06/2026 00:00,36419.51,39333.07,222
J100092,29/06/2026 00:00,36431.42,39345.94,221
J100092,30/06/2026 00:00,36443.33,39358.8,229
J100093,23/06/2026 00:00,14331.69,15478.23,235
J100093,24/06/2026 00:00,14343.68,15491.17,224
J100093,25/06/2026 00:00,14355.67,15504.12,229
J100093,26/06/2026 00:00,14367.65,15517.07,235
J100093,27/06/2026 00:00,14379.64,15530.01,229
J100093,28/06/2026 00:00,14391.63,15542.96,233
J100093,29/06/2026 00:00,14403.61,15555.9,223
J100093,30/06/2026 00:00,14415.6,15568.85,229
J100094,23/06/2026 00:00,28189.13,30444.26,221
J100094,24/06/2026 00:00,28207.14,30463.71,236
J100094,25/06/2026 00:00,28225.15,30483.16,239
J100094,26/06/2026 00:00,28243.15,30502.6,232
J100094,27/06/2026 00:00,28261.16,30522.05,223
J100094,28/06/2026 00:00,28279.16,30541.5,228
J100094,29/06/2026 00:00,28297.17,30560.94,225
J100094,30/06/2026 00:00,28315.18,30580.39,237
J100095,23/06/2026 00:00,45226.79,48844.93,229
J100095,24/06/2026 00:00,45240.34,48859.57,239
J100095,25/06/2026 00:00,45253.9,48874.21,225
J100095,26/06/2026 00:00,45267.45,48888.85,238
J100095,27/06/2026 00:00,45281.01,48903.49,239
J100095,28/06/2026 00:00,45294.57,48918.13,239
J100095,29/06/2026 00:00,45308.12,48932.77,226
J100095,30/06/2026 00:00,45321.68,48947.41,240
J100096,23/06/2026 00:00,32842.12,35469.49,225
J100096,24/06/2026 00:00,32851.04,35479.12,232
J100096,25/06/2026 00:00,32859.96,35488.76,222
J100096,26/06/2026 00:00,32868.88,35498.39,228
J100096,27/06/2026 00:00,32877.8,35508.02,234
J100096,28/06/2026 00:00,32886.72,35517.65,233
J100096,29/06/2026 00:00,32895.63,35527.28,231
J100096,30/06/2026 00:00,32904.55,35536.92,230
J100097,23/06/2026 00:00,37123.96,40093.88,239
J100097,24/06/2026 00:00,37140.74,40112,238
J100097,25/06/2026 00:00,37157.52,40130.12,239
J100097,26/06/2026 00:00,37174.3,40148.24,229
J100097,27/06/2026 00:00,37191.08,40166.37,224
J100097,28/06/2026 00:00,37207.86,40184.49,237
J100097,29/06/2026 00:00,37224.64,40202.61,228
J100097,30/06/2026 00:00,37241.42,40220.74,235
J100098,23/06/2026 00:00,17508.99,18909.71,228
J100098,24/06/2026 00:00,17516.29,18917.59,234
J100098,25/06/2026 00:00,17523.6,18925.48,223
J100098,26/06/2026 00:00,17530.9,18933.37,223
J100098,27/06/2026 00:00,17538.2,18941.26,223
J100098,28/06/2026 00:00,17545.51,18949.15,222
J100098,29/06/2026 00:00,17552.81,18957.04,240
J100098,30/06/2026 00:00,17560.11,18964.92,231
J100099,23/06/2026 00:00,18516.53,19997.85,228
J100099,24/06/2026 00:00,18540.16,20023.37,224
J100099,25/06/2026 00:00,18563.79,20048.89,220
J100099,26/06/2026 00:00,18587.42,20074.41,220
J100099,27/06/2026 00:00,18611.05,20099.94,233
J100099,28/06/2026 00:00,18634.68,20125.46,238
J100099,29/06/2026 00:00,18658.32,20150.98,221
J100099,30/06/2026 00:00,18681.95,20176.5,223
J100100,23/06/2026 00:00,20373.31,22003.17,229
J100100,24/06/2026 00:00,20379.32,22009.67,231
J100100,25/06/2026 00:00,20385.33,22016.16,232
J100100,26/06/2026 00:00,20391.35,22022.66,230
J100100,27/06/2026 00:00,20397.36,22029.15,229
J100100,28/06/2026 00:00,20403.38,22035.65,232
J100100,29/06/2026 00:00,20409.39,22042.14,227
J100100,30/06/2026 00:00,20415.4,22048.63,234
J100101,23/06/2026 00:00,7001.56,7561.69,226
J100101,24/06/2026 00:00,7025.46,7587.49,231
J100101,25/06/2026 00:00,7049.35,7613.3,236
J100101,26/06/2026 00:00,7073.24,7639.1,235
J100101,27/06/2026 00:00,7097.14,7664.91,222
J100101,28/06/2026 00:00,7121.03,7690.71,228
J100101,29/06/2026 00:00,7144.93,7716.52,222
J100101,30/06/2026 00:00,7168.82,7742.33,224
J100102,23/06/2026 00:00,40544.79,43788.38,229
J100102,24/06/2026 00:00,40557.7,43802.31,237
J100102,25/06/2026 00:00,40570.6,43816.25,232
J100102,26/06/2026 00:00,40583.51,43830.19,227
J100102,27/06/2026 00:00,40596.41,43844.12,224
J100102,28/06/2026 00:00,40609.31,43858.06,227
J100102,29/06/2026 00:00,40622.22,43872,231
J100102,30/06/2026 00:00,40635.12,43885.93,223
J100103,23/06/2026 00:00,29521.47,31883.19,223
J100103,24/06/2026 00:00,29534.1,31896.83,239
J100103,25/06/2026 00:00,29546.73,31910.47,235
J100103,26/06/2026 00:00,29559.36,31924.11,240
J100103,27/06/2026 00:00,29571.99,31937.75,223
J100103,28/06/2026 00:00,29584.62,31951.39,227
J100103,29/06/2026 00:00,29597.25,31965.03,239
J100103,30/06/2026 00:00,29609.87,31978.66,239
J100104,23/06/2026 00:00,15691.55,16946.88,226
J100104,24/06/2026 00:00,15705.19,16961.6,231
J100104,25/06/2026 00:00,15718.82,16976.32,234
J100104,26/06/2026 00:00,15732.45,16991.05,228
J100104,27/06/2026 00:00,15746.08,17005.77,236
J100104,28/06/2026 00:00,15759.72,17020.49,223
J100104,29/06/2026 00:00,15773.35,17035.22,230
J100104,30/06/2026 00:00,15786.98,17049.94,223
J100105,23/06/2026 00:00,35363.27,38192.33,233
J100105,24/06/2026 00:00,35385.54,38216.38,233
J100105,25/06/2026 00:00,35407.81,38240.44,223
J100105,26/06/2026 00:00,35430.09,38264.49,237
J100105,27/06/2026 00:00,35452.36,38288.55,221
J100105,28/06/2026 00:00,35474.63,38312.6,224
J100105,29/06/2026 00:00,35496.9,38336.65,234
J100105,30/06/2026 00:00,35519.18,38360.71,224
J100106,23/06/2026 00:00,27673.58,29887.46,236
J100106,24/06/2026 00:00,27693.38,29908.86,236
J100106,25/06/2026 00:00,27713.19,29930.25,229
J100106,26/06/2026 00:00,27733,29951.64,232
J100106,27/06/2026 00:00,27752.81,29973.03,220
J100106,28/06/2026 00:00,27772.62,29994.42,224
J100106,29/06/2026 00:00,27792.42,30015.82,224
J100106,30/06/2026 00:00,27812.23,30037.21,225
J100107,23/06/2026 00:00,27591.05,29798.33,220
J100107,24/06/2026 00:00,27603.79,29812.09,239
J100107,25/06/2026 00:00,27616.53,29825.85,236
J100107,26/06/2026 00:00,27629.27,29839.61,240
J100107,27/06/2026 00:00,27642.01,29853.37,222
J100107,28/06/2026 00:00,27654.75,29867.13,226
J100107,29/06/2026 00:00,27667.49,29880.89,234
J100107,30/06/2026 00:00,27680.23,29894.65,235
J100108,23/06/2026 00:00,31477.61,33995.82,230
J100108,24/06/2026 00:00,31499.33,34019.28,228
J100108,25/06/2026 00:00,31521.05,34042.74,227
J100108,26/06/2026 00:00,31542.78,34066.2,239
J100108,27/06/2026 00:00,31564.5,34089.66,221
J100108,28/06/2026 00:00,31586.22,34113.12,231
J100108,29/06/2026 00:00,31607.94,34136.58,222
J100108,30/06/2026 00:00,31629.67,34160.04,237
J100109,23/06/2026 00:00,2646.35,2858.06,222
J100109,24/06/2026 00:00,2659.93,2872.73,235
J100109,25/06/2026 00:00,2673.51,2887.39,221
J100109,26/06/2026 00:00,2687.09,2902.06,239
J100109,27/06/2026 00:00,2700.67,2916.73,223
J100109,28/06/2026 00:00,2714.25,2931.39,228
J100109,29/06/2026 00:00,2727.83,2946.06,237
J100109,30/06/2026 00:00,2741.41,2960.73,221
J100110,23/06/2026 00:00,24904.99,26897.38,239
J100110,24/06/2026 00:00,24923.68,26917.57,225
J100110,25/06/2026 00:00,24942.38,26937.77,226
J100110,26/06/2026 00:00,24961.07,26957.96,239
J100110,27/06/2026 00:00,24979.77,26978.15,236
J100110,28/06/2026 00:00,24998.46,26998.34,232
J100110,29/06/2026 00:00,25017.16,27018.53,228
J100110,30/06/2026 00:00,25035.85,27038.72,230
J100111,23/06/2026 00:00,9878.87,10669.18,220
J100111,24/06/2026 00:00,9894.73,10686.31,223
J100111,25/06/2026 00:00,9910.6,10703.44,230
J100111,26/06/2026 00:00,9926.46,10720.58,226
J100111,27/06/2026 00:00,9942.32,10737.71,230
J100111,28/06/2026 00:00,9958.19,10754.84,232
J100111,29/06/2026 00:00,9974.05,10771.98,223
J100111,30/06/2026 00:00,9989.92,10789.11,234
J100112,23/06/2026 00:00,12980.45,14018.89,230
J100112,24/06/2026 00:00,12994.56,14034.12,237
J100112,25/06/2026 00:00,13008.67,14049.36,228
J100112,26/06/2026 00:00,13022.77,14064.59,223
J100112,27/06/2026 00:00,13036.88,14079.83,240
J100112,28/06/2026 00:00,13050.99,14095.06,230
J100112,29/06/2026 00:00,13065.09,14110.3,223
J100112,30/06/2026 00:00,13079.2,14125.53,223
J100113,23/06/2026 00:00,16884.75,18235.53,230
J100113,24/06/2026 00:00,16898.87,18250.78,238
J100113,25/06/2026 00:00,16912.99,18266.03,229
J100113,26/06/2026 00:00,16927.11,18281.28,231
J100113,27/06/2026 00:00,16941.23,18296.53,237
J100113,28/06/2026 00:00,16955.35,18311.78,224
J100113,29/06/2026 00:00,16969.47,18327.03,239
J100113,30/06/2026 00:00,16983.59,18342.28,224
J100114,23/06/2026 00:00,40557.87,43802.5,232
J100114,24/06/2026 00:00,40570.3,43815.92,233
J100114,25/06/2026 00:00,40582.73,43829.34,229
J100114,26/06/2026 00:00,40595.15,43842.77,234
J100114,27/06/2026 00:00,40607.58,43856.19,233
J100114,28/06/2026 00:00,40620.01,43869.61,227
J100114,29/06/2026 00:00,40632.44,43883.04,233
J100114,30/06/2026 00:00,40644.87,43896.46,228
J100115,23/06/2026 00:00,28598.19,30886.05,238
J100115,24/06/2026 00:00,28605.81,30894.28,235
J100115,25/06/2026 00:00,28613.43,30902.5,231
J100115,26/06/2026 00:00,28621.04,30910.73,231
J100115,27/06/2026 00:00,28628.66,30918.95,220
J100115,28/06/2026 00:00,28636.28,30927.18,225
J100115,29/06/2026 00:00,28643.9,30935.41,230
J100115,30/06/2026 00:00,28651.51,30943.63,229
J100116,23/06/2026 00:00,29094.44,31421.99,224
J100116,24/06/2026 00:00,29110.59,31439.44,221
J100116,25/06/2026 00:00,29126.74,31456.88,229
J100116,26/06/2026 00:00,29142.89,31474.32,230
J100116,27/06/2026 00:00,29159.04,31491.76,223
J100116,28/06/2026 00:00,29175.19,31509.2,235
J100116,29/06/2026 00:00,29191.34,31526.64,223
J100116,30/06/2026 00:00,29207.49,31544.08,235
J100117,23/06/2026 00:00,6045.56,6529.21,238
J100117,24/06/2026 00:00,6061.45,6546.37,224
J100117,25/06/2026 00:00,6077.35,6563.54,234
J100117,26/06/2026 00:00,6093.24,6580.7,229
J100117,27/06/2026 00:00,6109.14,6597.87,220
J100117,28/06/2026 00:00,6125.03,6615.03,235
J100117,29/06/2026 00:00,6140.92,6632.2,238
J100117,30/06/2026 00:00,6156.82,6649.36,228
J100118,23/06/2026 00:00,12448.32,13444.19,231
J100118,24/06/2026 00:00,12473.2,13471.06,221
J100118,25/06/2026 00:00,12498.09,13497.93,220
J100118,26/06/2026 00:00,12522.97,13524.81,223
J100118,27/06/2026 00:00,12547.85,13551.68,229
J100118,28/06/2026 00:00,12572.74,13578.56,223
J100118,29/06/2026 00:00,12597.62,13605.43,220
J100118,30/06/2026 00:00,12622.5,13632.31,225
J100119,23/06/2026 00:00,41427.01,44741.17,226
J100119,24/06/2026 00:00,41450.8,44766.86,239
J100119,25/06/2026 00:00,41474.58,44792.55,237
J100119,26/06/2026 00:00,41498.36,44818.23,230
J100119,27/06/2026 00:00,41522.15,44843.92,227
J100119,28/06/2026 00:00,41545.93,44869.6,235
J100119,29/06/2026 00:00,41569.71,44895.29,236
J100119,30/06/2026 00:00,41593.5,44920.98,231
J100120,23/06/2026 00:00,14305.74,15450.2,224
J100120,24/06/2026 00:00,14313.38,15458.45,222
J100120,25/06/2026 00:00,14321.02,15466.71,232
J100120,26/06/2026 00:00,14328.67,15474.96,222
J100120,27/06/2026 00:00,14336.31,15483.21,231
J100120,28/06/2026 00:00,14343.95,15491.46,228
J100120,29/06/2026 00:00,14351.59,15499.72,223
J100120,30/06/2026 00:00,14359.23,15507.97,220
J100121,23/06/2026 00:00,26560.86,28685.73,226
J100121,24/06/2026 00:00,26568.9,28694.41,239
J100121,25/06/2026 00:00,26576.94,28703.09,233
J100121,26/06/2026 00:00,26584.98,28711.77,230
J100121,27/06/2026 00:00,26593.01,28720.46,237
J100121,28/06/2026 00:00,26601.05,28729.14,231
J100121,29/06/2026 00:00,26609.09,28737.82,238
J100121,30/06/2026 00:00,26617.13,28746.5,230
J100122,23/06/2026 00:00,7680.68,8295.14,236
J100122,24/06/2026 00:00,7691.5,8306.82,231
J100122,25/06/2026 00:00,7702.31,8318.49,231
J100122,26/06/2026 00:00,7713.12,8330.17,234
J100122,27/06/2026 00:00,7723.93,8341.85,226
J100122,28/06/2026 00:00,7734.75,8353.53,228
J100122,29/06/2026 00:00,7745.56,8365.2,229
J100122,30/06/2026 00:00,7756.37,8376.88,230
J100123,23/06/2026 00:00,32599.88,35207.87,224
J100123,24/06/2026 00:00,32615.44,35224.68,240
J100123,25/06/2026 00:00,32631,35241.48,238
J100123,26/06/2026 00:00,32646.56,35258.29,233
J100123,27/06/2026 00:00,32662.12,35275.09,224
J100123,28/06/2026 00:00,32677.68,35291.9,238
J100123,29/06/2026 00:00,32693.24,35308.7,225
J100123,30/06/2026 00:00,32708.8,35325.51,225
J100124,23/06/2026 00:00,13170.54,14224.18,228
J100124,24/06/2026 00:00,13180.43,14234.86,233
J100124,25/06/2026 00:00,13190.32,14245.55,230
J100124,26/06/2026 00:00,13200.21,14256.23,231
J100124,27/06/2026 00:00,13210.11,14266.92,228
J100124,28/06/2026 00:00,13220,14277.6,224
J100124,29/06/2026 00:00,13229.89,14288.28,220
J100124,30/06/2026 00:00,13239.79,14298.97,221
J100125,23/06/2026 00:00,13193.59,14249.08,234
J100125,24/06/2026 00:00,13209.4,14266.15,233
J100125,25/06/2026 00:00,13225.21,14283.23,235
J100125,26/06/2026 00:00,13241.02,14300.3,226
J100125,27/06/2026 00:00,13256.83,14317.37,237
J100125,28/06/2026 00:00,13272.63,14334.44,230
J100125,29/06/2026 00:00,13288.44,14351.52,239
J100125,30/06/2026 00:00,13304.25,14368.59,224
J100126,23/06/2026 00:00,14208.05,15344.69,229
J100126,24/06/2026 00:00,14227.57,15365.78,236
J100126,25/06/2026 00:00,14247.1,15386.87,230
J100126,26/06/2026 00:00,14266.62,15407.95,231
J100126,27/06/2026 00:00,14286.15,15429.04,238
J100126,28/06/2026 00:00,14305.67,15450.12,222
J100126,29/06/2026 00:00,14325.19,15471.21,230
J100126,30/06/2026 00:00,14344.72,15492.3,237
J100127,23/06/2026 00:00,31229.45,33727.81,237
J100127,24/06/2026 00:00,31241.82,33741.17,231
J100127,25/06/2026 00:00,31254.19,33754.52,233
J100127,26/06/2026 00:00,31266.55,33767.88,230
J100127,27/06/2026 00:00,31278.92,33781.24,234
J100127,28/06/2026 00:00,31291.29,33794.59,226
J100127,29/06/2026 00:00,31303.66,33807.95,225
J100127,30/06/2026 00:00,31316.02,33821.31,228
J100128,23/06/2026 00:00,43928.87,47443.18,221
J100128,24/06/2026 00:00,43953.43,47469.7,237
J100128,25/06/2026 00:00,43977.98,47496.22,228
J100128,26/06/2026 00:00,44002.54,47522.75,239
J100128,27/06/2026 00:00,44027.1,47549.27,239
J100128,28/06/2026 00:00,44051.66,47575.8,232
J100128,29/06/2026 00:00,44076.22,47602.32,228
J100128,30/06/2026 00:00,44100.78,47628.84,230
J100129,23/06/2026 00:00,30833.46,33300.13,221
J100129,24/06/2026 00:00,30854.65,33323.02,228
J100129,25/06/2026 00:00,30875.85,33345.91,232
J100129,26/06/2026 00:00,30897.04,33368.8,228
J100129,27/06/2026 00:00,30918.23,33391.69,221
J100129,28/06/2026 00:00,30939.43,33414.58,225
J100129,29/06/2026 00:00,30960.62,33437.47,221
J100129,30/06/2026 00:00,30981.81,33460.36,224
J100130,23/06/2026 00:00,14438.28,15593.34,231
J100130,24/06/2026 00:00,14456.51,15613.03,233
J100130,25/06/2026 00:00,14474.74,15632.72,238
J100130,26/06/2026 00:00,14492.97,15652.41,222
J100130,27/06/2026 00:00,14511.2,15672.09,235
J100130,28/06/2026 00:00,14529.43,15691.78,235
J100130,29/06/2026 00:00,14547.66,15711.47,223
J100130,30/06/2026 00:00,14565.89,15731.16,225
J100131,23/06/2026 00:00,45714.89,49372.08,234
J100131,24/06/2026 00:00,45738.93,49398.04,237
J100131,25/06/2026 00:00,45762.97,49424.01,231
J100131,26/06/2026 00:00,45787.01,49449.97,239
J100131,27/06/2026 00:00,45811.05,49475.93,234
J100131,28/06/2026 00:00,45835.09,49501.89,239
J100131,29/06/2026 00:00,45859.12,49527.85,234
J100131,30/06/2026 00:00,45883.16,49553.82,228
J100132,23/06/2026 00:00,14295.26,15438.88,239
J100132,24/06/2026 00:00,14308.79,15453.5,235
J100132,25/06/2026 00:00,14322.32,15468.11,234
J100132,26/06/2026 00:00,14335.86,15482.73,226
J100132,27/06/2026 00:00,14349.39,15497.34,239
J100132,28/06/2026 00:00,14362.92,15511.96,235
J100132,29/06/2026 00:00,14376.46,15526.57,225
J100132,30/06/2026 00:00,14389.99,15541.19,222
J100133,23/06/2026 00:00,2263.74,2444.84,237
J100133,24/06/2026 00:00,2275.86,2457.93,221
J100133,25/06/2026 00:00,2287.98,2471.02,235
J100133,26/06/2026 00:00,2300.1,2484.1,228
J100133,27/06/2026 00:00,2312.22,2497.19,236
J100133,28/06/2026 00:00,2324.33,2510.28,232
J100133,29/06/2026 00:00,2336.45,2523.37,230
J100133,30/06/2026 00:00,2348.57,2536.46,236
J100134,23/06/2026 00:00,46364.29,50073.43,238
J100134,24/06/2026 00:00,46371.95,50081.71,223
J100134,25/06/2026 00:00,46379.62,50089.99,229
J100134,26/06/2026 00:00,46387.28,50098.26,228
J100134,27/06/2026 00:00,46394.95,50106.54,234
J100134,28/06/2026 00:00,46402.61,50114.82,233
J100134,29/06/2026 00:00,46410.28,50123.1,230
J100134,30/06/2026 00:00,46417.94,50131.38,239
J100134,30/06/2026 00:00,,50131.38,
J100135,23/06/2026 00:00,42357.12,45745.68,226
J100135,24/06/2026 00:00,42381.69,45772.22,224
J100135,25/06/2026 00:00,42406.26,45798.76,227
J100135,26/06/2026 00:00,42430.83,45825.29,236
J100135,27/06/2026 00:00,42455.4,45851.83,233
J100135,28/06/2026 00:00,42479.97,45878.36,231
J100135,29/06/2026 00:00,42504.54,45904.9,230
J100135,30/06/2026 00:00,42529.11,45931.44,232
J100136,23/06/2026 00:00,35649.99,38501.98,231
J100136,24/06/2026 00:00,35664.81,38518,240
J100136,25/06/2026 00:00,35679.64,38534.01,239
J100136,26/06/2026 00:00,35694.46,38550.02,235
J100136,27/06/2026 00:00,35709.29,38566.03,234
J100136,28/06/2026 00:00,35724.11,38582.04,233
J100136,29/06/2026 00:00,35738.94,38598.05,221
J100136,30/06/2026 00:00,35753.76,38614.07,223
J100137,23/06/2026 00:00,31991.9,34551.25,229
J100137,24/06/2026 00:00,32006.38,34566.89,221
J100137,25/06/2026 00:00,32020.85,34582.52,228
J100137,26/06/2026 00:00,32035.32,34598.15,231
J100137,27/06/2026 00:00,32049.8,34613.78,228
J100137,28/06/2026 00:00,32064.27,34629.41,228
J100137,29/06/2026 00:00,32078.75,34645.04,221
J100137,30/06/2026 00:00,32093.22,34660.68,236
J100138,23/06/2026 00:00,16286.73,17589.67,229
J100138,24/06/2026 00:00,16293.07,17596.51,233
J100138,25/06/2026 00:00,16299.4,17603.35,236
J100138,26/06/2026 00:00,16305.74,17610.2,226
J100138,27/06/2026 00:00,16312.07,17617.04,235
J100138,28/06/2026 00:00,16318.41,17623.88,224
J100138,29/06/2026 00:00,16324.75,17630.73,231
J100138,30/06/2026 00:00,16331.08,17637.57,231
J100139,23/06/2026 00:00,31449.84,33965.82,231
J100139,24/06/2026 00:00,31473.7,33991.6,226
J100139,25/06/2026 00:00,31497.56,34017.37,239
J100139,26/06/2026 00:00,31521.42,34043.14,225
J100139,27/06/2026 00:00,31545.29,34068.91,230
J100139,28/06/2026 00:00,31569.15,34094.68,221
J100139,29/06/2026 00:00,31593.01,34120.45,234
J100139,30/06/2026 00:00,31616.87,34146.22,231
J100140,23/06/2026 00:00,8056.36,8700.87,222
J100140,24/06/2026 00:00,8070.81,8716.47,224
J100140,25/06/2026 00:00,8085.26,8732.08,225
J100140,26/06/2026 00:00,8099.71,8747.69,226
J100140,27/06/2026 00:00,8114.16,8763.29,224
J100140,28/06/2026 00:00,8128.61,8778.9,226
J100140,29/06/2026 00:00,8143.06,8794.5,231
J100140,30/06/2026 00:00,8157.51,8810.11,239
J100141,23/06/2026 00:00,46158.52,49851.2,235
J100141,24/06/2026 00:00,46172.58,49866.39,228
J100141,25/06/2026 00:00,46186.65,49881.58,229
J100141,26/06/2026 00:00,46200.72,49896.77,225
J100141,27/06/2026 00:00,46214.78,49911.97,236
J100141,28/06/2026 00:00,46228.85,49927.16,231
J100141,29/06/2026 00:00,46242.91,49942.35,240
J100141,30/06/2026 00:00,46256.98,49957.54,221
J100142,23/06/2026 00:00,44802.37,48386.56,228
J100142,24/06/2026 00:00,44808.82,48393.52,225
J100142,25/06/2026 00:00,44815.27,48400.49,234
J100142,26/06/2026 00:00,44821.72,48407.46,239
J100142,27/06/2026 00:00,44828.17,48414.42,225
J100142,28/06/2026 00:00,44834.62,48421.39,221
J100142,29/06/2026 00:00,44841.07,48428.36,234
J100142,30/06/2026 00:00,44847.52,48435.32,225
J100143,23/06/2026 00:00,43723.84,47221.74,225
J100143,24/06/2026 00:00,43731.13,47229.62,227
J100143,25/06/2026 00:00,43738.43,47237.5,239
J100143,26/06/2026 00:00,43745.73,47245.39,220
J100143,27/06/2026 00:00,43753.02,47253.27,237
J100143,28/06/2026 00:00,43760.32,47261.15,231
J100143,29/06/2026 00:00,43767.62,47269.03,230
J100143,30/06/2026 00:00,43774.92,47276.91,233
J100144,23/06/2026 00:00,14824.59,16010.56,237
J100144,24/06/2026 00:00,14848.01,16035.85,228
J100144,25/06/2026 00:00,14871.42,16061.14,224
J100144,26/06/2026 00:00,14894.84,16086.43,222
J100144,27/06/2026 00:00,14918.26,16111.72,222
J100144,28/06/2026 00:00,14941.67,16137.01,222
J100144,29/06/2026 00:00,14965.09,16162.3,227
J100144,30/06/2026 00:00,14988.51,16187.59,233
J100145,23/06/2026 00:00,18115.07,19564.27,235
J100145,24/06/2026 00:00,18139.68,19590.85,235
J100145,25/06/2026 00:00,18164.29,19617.43,239
J100145,26/06/2026 00:00,18188.9,19644.01,237
J100145,27/06/2026 00:00,18213.51,19670.59,227
J100145,28/06/2026 00:00,18238.12,19697.17,230
J100145,29/06/2026 00:00,18262.74,19723.75,237
J100145,30/06/2026 00:00,18287.35,19750.34,229
J100146,23/06/2026 00:00,5946.91,6422.66,236
J100146,24/06/2026 00:00,5971.3,6449,239
J100146,25/06/2026 00:00,5995.68,6475.34,227
J100146,26/06/2026 00:00,6020.07,6501.68,237
J100146,27/06/2026 00:00,6044.46,6528.01,226
J100146,28/06/2026 00:00,6068.84,6554.35,234
J100146,29/06/2026 00:00,6093.23,6580.69,233
J100146,30/06/2026 00:00,6117.62,6607.03,222
J100147,23/06/2026 00:00,12664.34,13677.49,231
J100147,24/06/2026 00:00,12676.74,13690.88,236
J100147,25/06/2026 00:00,12689.15,13704.28,238
J100147,26/06/2026 00:00,12701.56,13717.68,234
J100147,27/06/2026 00:00,12713.96,13731.08,239
J100147,28/06/2026 00:00,12726.37,13744.48,236
J100147,29/06/2026 00:00,12738.77,13757.88,228
J100147,30/06/2026 00:00,12751.18,13771.28,235
J100148,23/06/2026 00:00,29896.18,32287.87,227
J100148,24/06/2026 00:00,29911.27,32304.18,238
J100148,25/06/2026 00:00,29926.37,32320.48,225
J100148,26/06/2026 00:00,29941.46,32336.78,224
J100148,27/06/2026 00:00,29956.56,32353.08,237
J100148,28/06/2026 00:00,29971.65,32369.39,224
J100148,29/06/2026 00:00,29986.75,32385.69,233
J100148,30/06/2026 00:00,30001.84,32401.99,229
J100149,23/06/2026 00:00,22410.14,24202.95,229
J100149,24/06/2026 00:00,22434.02,24228.74,233
J100149,25/06/2026 00:00,22457.89,24254.53,239
J100149,26/06/2026 00:00,22481.77,24280.31,229
J100149,27/06/2026 00:00,22505.65,24306.1,223
J100149,28/06/2026 00:00,22529.52,24331.88,228
J100149,29/06/2026 00:00,22553.4,24357.67,224
J100149,30/06/2026 00:00,22577.27,24383.45,239
J100150,23/06/2026 00:00,1816.53,1961.85,233
J100150,24/06/2026 00:00,1836.16,1983.06,235
J100150,25/06/2026 00:00,1855.79,2004.26,220
J100150,26/06/2026 00:00,1875.43,2025.46,229
J100150,27/06/2026 00:00,1895.06,2046.66,225
J100150,28/06/2026 00:00,1914.69,2067.87,233
J100150,29/06/2026 00:00,1934.32,2089.07,230
J100150,30/06/2026 00:00,1953.95,2110.27,225
J100151,23/06/2026 00:00,41532.18,44854.76,234
J100151,24/06/2026 00:00,41551.67,44875.8,227
J100151,25/06/2026 00:00,41571.16,44896.85,225
J100151,26/06/2026 00:00,41590.64,44917.89,232
J100151,27/06/2026 00:00,41610.13,44938.94,221
J100151,28/06/2026 00:00,41629.62,44959.98,239
J100151,29/06/2026 00:00,41649.1,44981.03,228
J100151,30/06/2026 00:00,41668.59,45002.08,231
J100152,23/06/2026 00:00,8518.54,9200.02,239
J100152,24/06/2026 00:00,8526.91,9209.06,235
J100152,25/06/2026 00:00,8535.28,9218.1,238
J100152,26/06/2026 00:00,8543.65,9227.15,223
J100152,27/06/2026 00:00,8552.02,9236.19,234
J100152,28/06/2026 00:00,8560.4,9245.23,237
J100152,29/06/2026 00:00,8568.77,9254.27,225
J100152,30/06/2026 00:00,8577.14,9263.31,229
J100153,23/06/2026 00:00,4277.69,4619.91,234
J100153,24/06/2026 00:00,4289.55,4632.71,227
J100153,25/06/2026 00:00,4301.4,4645.51,230
J100153,26/06/2026 00:00,4313.26,4658.32,232
J100153,27/06/2026 00:00,4325.11,4671.12,230
J100153,28/06/2026 00:00,4336.97,4683.93,239
J100153,29/06/2026 00:00,4348.83,4696.73,237
J100153,30/06/2026 00:00,4360.68,4709.54,229
J100154,23/06/2026 00:00,19730.83,21309.29,232
J100154,24/06/2026 00:00,19752.39,21332.58,224
J100154,25/06/2026 00:00,19773.94,21355.86,223
J100154,26/06/2026 00:00,19795.5,21379.14,236
J100154,27/06/2026 00:00,19817.06,21402.42,232
J100154,28/06/2026 00:00,19838.62,21425.71,239
J100154,29/06/2026 00:00,19860.17,21448.99,222
J100154,30/06/2026 00:00,19881.73,21472.27,233
J100155,23/06/2026 00:00,45108.26,48716.92,232
J100155,24/06/2026 00:00,45120.8,48730.46,232
J100155,25/06/2026 00:00,45133.33,48744,225
J100155,26/06/2026 00:00,45145.86,48757.53,240
J100155,27/06/2026 00:00,45158.4,48771.07,227
J100155,28/06/2026 00:00,45170.93,48784.6,232
J100155,29/06/2026 00:00,45183.46,48798.14,223
J100155,30/06/2026 00:00,45196,48811.68,224
J100156,23/06/2026 00:00,10813.6,11678.69,239
J100156,24/06/2026 00:00,10835.5,11702.34,226
J100156,25/06/2026 00:00,10857.4,11725.99,225
J100156,26/06/2026 00:00,10879.29,11749.63,231
J100156,27/06/2026 00:00,10901.19,11773.28,223
J100156,28/06/2026 00:00,10923.08,11796.93,237
J100156,29/06/2026 00:00,10944.98,11820.58,231
J100156,30/06/2026 00:00,10966.87,11844.22,220
J100157,23/06/2026 00:00,1799.94,1943.94,234
J100157,24/06/2026 00:00,1820.16,1965.77,235
J100157,25/06/2026 00:00,1840.37,1987.6,221
J100157,26/06/2026 00:00,1860.59,2009.43,223
J100157,27/06/2026 00:00,1880.8,2031.26,235
J100157,28/06/2026 00:00,1901.02,2053.1,239
J100157,29/06/2026 00:00,1921.23,2074.93,221
J100157,30/06/2026 00:00,1941.44,2096.76,236
J100158,23/06/2026 00:00,7338.06,7925.1,223
J100158,24/06/2026 00:00,7352.1,7940.27,224
J100158,25/06/2026 00:00,7366.15,7955.44,232
J100158,26/06/2026 00:00,7380.19,7970.61,239
J100158,27/06/2026 00:00,7394.24,7985.78,221
J100158,28/06/2026 00:00,7408.29,8000.95,236
J100158,29/06/2026 00:00,7422.33,8016.12,227
J100158,30/06/2026 00:00,7436.38,8031.29,229
J100159,23/06/2026 00:00,17800.35,19224.38,222
J100159,24/06/2026 00:00,17818.45,19243.93,221
J100159,25/06/2026 00:00,17836.55,19263.48,227
J100159,26/06/2026 00:00,17854.66,19283.03,220
J100159,27/06/2026 00:00,17872.76,19302.58,226
J100159,28/06/2026 00:00,17890.86,19322.13,228
J100159,29/06/2026 00:00,17908.96,19341.68,227
J100159,30/06/2026 00:00,17927.07,19361.23,238
J100160,23/06/2026 00:00,13770.58,14872.23,224
J100160,24/06/2026 00:00,13777.91,14880.15,223
J100160,25/06/2026 00:00,13785.24,14888.06,230
J100160,26/06/2026 00:00,13792.57,14895.98,234
J100160,27/06/2026 00:00,13799.9,14903.9,239
J100160,28/06/2026 00:00,13807.23,14911.81,224
J100160,29/06/2026 00:00,13814.56,14919.73,233
J100160,30/06/2026 00:00,13821.89,14927.64,234
J100161,23/06/2026 00:00,38300.38,41364.41,225
J100161,24/06/2026 00:00,38314.65,41379.83,226
J100161,25/06/2026 00:00,38328.93,41395.25,240
J100161,26/06/2026 00:00,38343.21,41410.67,232
J100161,27/06/2026 00:00,38357.49,41426.09,226
J100161,28/06/2026 00:00,38371.76,41441.5,221
J100161,29/06/2026 00:00,38386.04,41456.92,224
J100161,30/06/2026 00:00,38400.32,41472.34,225
J100162,23/06/2026 00:00,32290.39,34873.62,234
J100162,24/06/2026 00:00,32301.41,34885.52,227
J100162,25/06/2026 00:00,32312.43,34897.42,226
J100162,26/06/2026 00:00,32323.44,34909.32,223
J100162,27/06/2026 00:00,32334.46,34921.22,222
J100162,28/06/2026 00:00,32345.48,34933.12,227
J100162,29/06/2026 00:00,32356.5,34945.01,239
J100162,30/06/2026 00:00,32367.51,34956.91,223
J100163,23/06/2026 00:00,7978.93,8617.24,239
J100163,24/06/2026 00:00,7995.14,8634.75,239
J100163,25/06/2026 00:00,8011.35,8652.26,238
J100163,26/06/2026 00:00,8027.57,8669.77,236
J100163,27/06/2026 00:00,8043.78,8687.29,226
J100163,28/06/2026 00:00,8060,8704.8,234
J100163,29/06/2026 00:00,8076.21,8722.31,225
J100163,30/06/2026 00:00,8092.43,8739.82,227
J100164,23/06/2026 00:00,35150.52,37962.56,223
J100164,24/06/2026 00:00,35175.5,37989.54,229
J100164,25/06/2026 00:00,35200.48,38016.51,231
J100164,26/06/2026 00:00,35225.46,38043.49,229
J100164,27/06/2026 00:00,35250.43,38070.47,231
J100164,28/06/2026 00:00,35275.41,38097.45,231
J100164,29/06/2026 00:00,35300.39,38124.42,228
J100164,30/06/2026 00:00,35325.37,38151.4,238
J100165,23/06/2026 00:00,40646.49,43898.21,228
J100165,24/06/2026 00:00,40663.99,43917.11,229
J100165,25/06/2026 00:00,40681.49,43936.01,226
J100165,26/06/2026 00:00,40698.99,43954.91,230
J100165,27/06/2026 00:00,40716.49,43973.8,232
J100165,28/06/2026 00:00,40733.99,43992.7,221
J100165,29/06/2026 00:00,40751.48,44011.6,237
J100165,30/06/2026 00:00,40768.98,44030.5,223
J100166,23/06/2026 00:00,46022.86,49704.69,234
J100166,24/06/2026 00:00,46035.42,49718.25,226
J100166,25/06/2026 00:00,46047.98,49731.82,230
J100166,26/06/2026 00:00,46060.54,49745.38,234
J100166,27/06/2026 00:00,46073.1,49758.95,229
J100166,28/06/2026 00:00,46085.66,49772.51,222
J100166,29/06/2026 00:00,46098.22,49786.07,230
J100166,30/06/2026 00:00,46110.78,49799.64,235
J100167,23/06/2026 00:00,43145.46,46597.1,223
J100167,24/06/2026 00:00,43165.7,46618.96,240
J100167,25/06/2026 00:00,43185.94,46640.81,221
J100167,26/06/2026 00:00,43206.17,46662.67,226
J100167,27/06/2026 00:00,43226.41,46684.53,234
J100167,28/06/2026 00:00,43246.65,46706.38,230
J100167,29/06/2026 00:00,43266.89,46728.24,223
J100167,30/06/2026 00:00,43287.12,46750.09,229
J100168,23/06/2026 00:00,13004.16,14044.49,225
J100168,24/06/2026 00:00,13014.26,14055.4,236
J100168,25/06/2026 00:00,13024.35,14066.3,228
J100168,26/06/2026 00:00,13034.44,14077.2,234
J100168,27/06/2026 00:00,13044.54,14088.1,238
J100168,28/06/2026 00:00,13054.63,14099,232
J100168,29/06/2026 00:00,13064.73,14109.9,224
J100168,30/06/2026 00:00,13074.82,14120.8,239
J100169,23/06/2026 00:00,41319.31,44624.86,221
J100169,24/06/2026 00:00,41328.02,44634.27,239
J100169,25/06/2026 00:00,41336.73,44643.67,233
J100169,26/06/2026 00:00,41345.44,44653.08,229
J100169,27/06/2026 00:00,41354.15,44662.48,220
J100169,28/06/2026 00:00,41362.86,44671.89,222
J100169,29/06/2026 00:00,41371.57,44681.3,240
J100169,30/06/2026 00:00,41380.28,44690.7,232
J100170,23/06/2026 00:00,47147.41,50919.2,230
J100170,24/06/2026 00:00,47172.82,50946.65,229
J100170,25/06/2026 00:00,47198.23,50974.09,223
J100170,26/06/2026 00:00,47223.64,51001.53,233
J100170,27/06/2026 00:00,47249.05,51028.97,226
J100170,28/06/2026 00:00,47274.46,51056.41,223
J100170,29/06/2026 00:00,47299.87,51083.86,235
J100170,30/06/2026 00:00,47325.28,51111.3,230
J100171,23/06/2026 00:00,8864.68,9573.85,232
J100171,24/06/2026 00:00,8871.75,9581.49,233
J100171,25/06/2026 00:00,8878.82,9589.13,236
J100171,26/06/2026 00:00,8885.9,9596.77,229
J100171,27/06/2026 00:00,8892.97,9604.41,228
J100171,28/06/2026 00:00,8900.04,9612.05,233
J100171,29/06/2026 00:00,8907.11,9619.68,232
J100171,30/06/2026 00:00,8914.19,9627.32,239
J100172,23/06/2026 00:00,5375.14,5805.15,232
J100172,24/06/2026 00:00,5387.14,5818.12,223
J100172,25/06/2026 00:00,5399.15,5831.08,231
J100172,26/06/2026 00:00,5411.16,5844.05,236
J100172,27/06/2026 00:00,5423.16,5857.02,229
J100172,28/06/2026 00:00,5435.17,5869.98,230
J100172,29/06/2026 00:00,5447.17,5882.95,223
J100172,30/06/2026 00:00,5459.18,5895.91,232
J100173,23/06/2026 00:00,22963.17,24800.22,225
J100173,24/06/2026 00:00,22978.04,24816.29,230
J100173,25/06/2026 00:00,22992.92,24832.35,231
J100173,26/06/2026 00:00,23007.8,24848.42,238
J100173,27/06/2026 00:00,23022.67,24864.49,237
J100173,28/06/2026 00:00,23037.55,24880.55,229
J100173,29/06/2026 00:00,23052.43,24896.62,233
J100173,30/06/2026 00:00,23067.3,24912.69,232
J100174,23/06/2026 00:00,22462.91,24259.94,230
J100174,24/06/2026 00:00,22470.77,24268.43,222
J100174,25/06/2026 00:00,22478.64,24276.93,234
J100174,26/06/2026 00:00,22486.5,24285.42,239
J100174,27/06/2026 00:00,22494.37,24293.92,228
J100174,28/06/2026 00:00,22502.23,24302.41,225
J100174,29/06/2026 00:00,22510.1,24310.91,235
J100174,30/06/2026 00:00,22517.96,24319.4,227
J100175,23/06/2026 00:00,7186.22,7761.12,228
J100175,24/06/2026 00:00,7209.93,7786.72,230
J100175,25/06/2026 00:00,7233.64,7812.33,226
J100175,26/06/2026 00:00,7257.34,7837.93,230
J100175,27/06/2026 00:00,7281.05,7863.53,225
J100175,28/06/2026 00:00,7304.75,7889.13,221
J100175,29/06/2026 00:00,7328.46,7914.73,239
J100175,30/06/2026 00:00,7352.16,7940.34,225
J100176,23/06/2026 00:00,18455.87,19932.34,233
J100176,24/06/2026 00:00,18468.78,19946.28,236
J100176,25/06/2026 00:00,18481.68,19960.22,236
J100176,26/06/2026 00:00,18494.59,19974.16,228
J100176,27/06/2026 00:00,18507.5,19988.1,236
J100176,28/06/2026 00:00,18520.41,20002.04,232
J100176,29/06/2026 00:00,18533.31,20015.98,235
J100176,30/06/2026 00:00,18546.22,20029.92,235
J100177,23/06/2026 00:00,42481.98,45880.54,240
J100177,24/06/2026 00:00,42495.2,45894.81,228
J100177,25/06/2026 00:00,42508.41,45909.09,221
J100177,26/06/2026 00:00,42521.63,45923.36,237
J100177,27/06/2026 00:00,42534.85,45937.63,235
J100177,28/06/2026 00:00,42548.06,45951.91,237
J100177,29/06/2026 00:00,42561.28,45966.18,225
J100177,30/06/2026 00:00,42574.49,45980.45,221
J100178,23/06/2026 00:00,7316.58,7901.91,239
J100178,24/06/2026 00:00,7339.17,7926.31,239
J100178,25/06/2026 00:00,7361.76,7950.7,226
J100178,26/06/2026 00:00,7384.35,7975.1,230
J100178,27/06/2026 00:00,7406.94,7999.5,240
J100178,28/06/2026 00:00,7429.54,8023.9,228
J100178,29/06/2026 00:00,7452.13,8048.3,233
J100178,30/06/2026 00:00,7474.72,8072.69,236
J100179,23/06/2026 00:00,29769.94,32151.53,226
J100179,24/06/2026 00:00,29787.8,32170.83,232
J100179,25/06/2026 00:00,29805.67,32190.12,222
J100179,26/06/2026 00:00,29823.54,32209.42,223
J100179,27/06/2026 00:00,29841.4,32228.71,228
J100179,28/06/2026 00:00,29859.27,32248.01,235
J100179,29/06/2026 00:00,29877.14,32267.31,225
J100179,30/06/2026 00:00,29895,32286.6,231
J100180,23/06/2026 00:00,37116.15,40085.44,224
J100180,24/06/2026 00:00,37127.46,40097.66,239
J100180,25/06/2026 00:00,37138.77,40109.87,223
J100180,26/06/2026 00:00,37150.08,40122.09,226
J100180,27/06/2026 00:00,37161.39,40134.3,224
J100180,28/06/2026 00:00,37172.7,40146.52,232
J100180,29/06/2026 00:00,37184.01,40158.73,220
J100180,30/06/2026 00:00,37195.32,40170.95,229
J100181,23/06/2026 00:00,15030.53,16232.97,230
J100181,24/06/2026 00:00,15042.81,16246.24,224
J100181,25/06/2026 00:00,15055.09,16259.5,238
J100181,26/06/2026 00:00,15067.38,16272.77,229
J100181,27/06/2026 00:00,15079.66,16286.03,226
J100181,28/06/2026 00:00,15091.95,16299.3,234
J100181,29/06/2026 00:00,15104.23,16312.57,237
J100181,30/06/2026 00:00,15116.51,16325.83,234
J100182,23/06/2026 00:00,16021.95,17303.7,237
J100182,24/06/2026 00:00,16033.73,17316.42,237
J100182,25/06/2026 00:00,16045.51,17329.15,221
J100182,26/06/2026 00:00,16057.29,17341.87,227
J100182,27/06/2026 00:00,16069.07,17354.59,235
J100182,28/06/2026 00:00,16080.85,17367.31,228
J100182,29/06/2026 00:00,16092.63,17380.04,227
J100182,30/06/2026 00:00,16104.41,17392.76,225
J100183,23/06/2026 00:00,27264.03,29445.15,223
J100183,24/06/2026 00:00,27277.59,29459.8,237
J100183,25/06/2026 00:00,27291.16,29474.45,237
J100183,26/06/2026 00:00,27304.72,29489.1,225
J100183,27/06/2026 00:00,27318.29,29503.75,221
J100183,28/06/2026 00:00,27331.86,29518.41,222
J100183,29/06/2026 00:00,27345.42,29533.06,235
J100183,30/06/2026 00:00,27358.99,29547.71,225
J100184,23/06/2026 00:00,48084.82,51931.6,237
J100184,24/06/2026 00:00,48104.98,51953.38,224
J100184,25/06/2026 00:00,48125.15,51975.16,234
J100184,26/06/2026 00:00,48145.32,51996.94,225
J100184,27/06/2026 00:00,48165.48,52018.72,236
J100184,28/06/2026 00:00,48185.65,52040.5,238
J100184,29/06/2026 00:00,48205.81,52062.28,226
J100184,30/06/2026 00:00,48225.98,52084.06,231
J100185,23/06/2026 00:00,3426.69,3700.82,232
J100185,24/06/2026 00:00,3437.54,3712.55,238
J100185,25/06/2026 00:00,3448.4,3724.27,236
J100185,26/06/2026 00:00,3459.25,3735.99,232
J100185,27/06/2026 00:00,3470.11,3747.72,239
J100185,28/06/2026 00:00,3480.97,3759.44,224
J100185,29/06/2026 00:00,3491.82,3771.17,232
J100185,30/06/2026 00:00,3502.68,3782.89,228
J100186,23/06/2026 00:00,37569.8,40575.38,224
J100186,24/06/2026 00:00,37593.4,40600.87,226
J100186,25/06/2026 00:00,37617,40626.35,225
J100186,26/06/2026 00:00,37640.6,40651.84,220
J100186,27/06/2026 00:00,37664.19,40677.33,223
J100186,28/06/2026 00:00,37687.79,40702.82,232
J100186,29/06/2026 00:00,37711.39,40728.31,237
J100186,30/06/2026 00:00,37734.99,40753.79,228
J100187,23/06/2026 00:00,31786.2,34329.1,233
J100187,24/06/2026 00:00,31812.08,34357.05,234
J100187,25/06/2026 00:00,31837.96,34385,240
J100187,26/06/2026 00:00,31863.84,34412.94,234
J100187,27/06/2026 00:00,31889.72,34440.89,231
J100187,28/06/2026 00:00,31915.59,34468.84,240
J100187,29/06/2026 00:00,31941.47,34496.79,239
J100187,30/06/2026 00:00,31967.35,34524.74,222
J100188,23/06/2026 00:00,17209.78,18586.56,228
J100188,24/06/2026 00:00,17231.21,18609.7,224
J100188,25/06/2026 00:00,17252.63,18632.84,235
J100188,26/06/2026 00:00,17274.06,18655.98,238
J100188,27/06/2026 00:00,17295.48,18679.12,222
J100188,28/06/2026 00:00,17316.91,18702.26,237
J100188,29/06/2026 00:00,17338.33,18725.4,227
J100188,30/06/2026 00:00,17359.76,18748.54,233
J100189,23/06/2026 00:00,2486.49,2685.41,223
J100189,24/06/2026 00:00,2494.34,2693.89,232
J100189,25/06/2026 00:00,2502.19,2702.36,240
J100189,26/06/2026 00:00,2510.04,2710.84,233
J100189,27/06/2026 00:00,2517.88,2719.31,229
J100189,28/06/2026 00:00,2525.73,2727.79,236
J100189,29/06/2026 00:00,2533.58,2736.26,226
J100189,30/06/2026 00:00,2541.43,2744.74,233
J100190,23/06/2026 00:00,43810.89,47315.76,226
J100190,24/06/2026 00:00,43827.23,47333.41,231
J100190,25/06/2026 00:00,43843.58,47351.06,235
J100190,26/06/2026 00:00,43859.92,47368.71,231
J100190,27/06/2026 00:00,43876.26,47386.36,233
J100190,28/06/2026 00:00,43892.61,47404.01,229
J100190,29/06/2026 00:00,43908.95,47421.66,229
J100190,30/06/2026 00:00,43925.29,47439.32,232
J100191,23/06/2026 00:00,34121.65,36851.38,229
J100191,24/06/2026 00:00,34144.2,36875.74,226
J100191,25/06/2026 00:00,34166.75,36900.09,233
J100191,26/06/2026 00:00,34189.3,36924.45,222
J100191,27/06/2026 00:00,34211.85,36948.8,221
J100191,28/06/2026 00:00,34234.4,36973.16,235
J100191,29/06/2026 00:00,34256.95,36997.51,227
J100191,30/06/2026 00:00,34279.5,37021.86,240
J100192,23/06/2026 00:00,21863.05,23612.09,230
J100192,24/06/2026 00:00,21876.31,23626.42,229
J100192,25/06/2026 00:00,21889.57,23640.74,238
J100192,26/06/2026 00:00,21902.84,23655.06,235
J100192,27/06/2026 00:00,21916.1,23669.39,239
J100192,28/06/2026 00:00,21929.36,23683.71,228
J100192,29/06/2026 00:00,21942.63,23698.04,234
J100192,30/06/2026 00:00,21955.89,23712.36,229
J100193,23/06/2026 00:00,22177.63,23951.84,232
J100193,24/06/2026 00:00,22201.35,23977.46,235
J100193,25/06/2026 00:00,22225.07,24003.08,223
J100193,26/06/2026 00:00,22248.79,24028.7,236
J100193,27/06/2026 00:00,22272.52,24054.32,235
J100193,28/06/2026 00:00,22296.24,24079.94,225
J100193,29/06/2026 00:00,22319.96,24105.56,229
J100193,30/06/2026 00:00,22343.69,24131.18,229
J100194,23/06/2026 00:00,38321.31,41387.02,231
J100194,24/06/2026 00:00,38342.85,41410.28,238
J100194,25/06/2026 00:00,38364.38,41433.53,237
J100194,26/06/2026 00:00,38385.92,41456.79,231
J100194,27/06/2026 00:00,38407.45,41480.05,230
J100194,28/06/2026 00:00,38428.99,41503.31,234
J100194,29/06/2026 00:00,38450.53,41526.57,239
J100194,30/06/2026 00:00,38472.06,41549.83,223
J100195,23/06/2026 00:00,24451.29,26407.39,220
J100195,24/06/2026 00:00,24462.65,26419.66,228
J100195,25/06/2026 00:00,24474.01,26431.93,234
J100195,26/06/2026 00:00,24485.37,26444.2,230
J100195,27/06/2026 00:00,24496.73,26456.47,239
J100195,28/06/2026 00:00,24508.09,26468.74,233
J100195,29/06/2026 00:00,24519.45,26481.01,228
J100195,30/06/2026 00:00,24530.81,26493.27,240
J100195,30/06/2026 00:00,,26493.27,
J100196,23/06/2026 00:00,20645.33,22296.95,238
J100196,24/06/2026 00:00,20659.64,22312.42,239
J100196,25/06/2026 00:00,20673.96,22327.88,226
J100196,26/06/2026 00:00,20688.28,22343.34,230
J100196,27/06/2026 00:00,20702.6,22358.81,230
J100196,28/06/2026 00:00,20716.92,22374.27,223
J100196,29/06/2026 00:00,20731.24,22389.74,224
J100196,30/06/2026 00:00,20745.55,22405.2,236
J100197,23/06/2026 00:00,5133.08,5543.73,224
J100197,24/06/2026 00:00,5154.13,5566.46,224
J100197,25/06/2026 00:00,5175.18,5589.19,227
J100197,26/06/2026 00:00,5196.22,5611.92,231
J100197,27/06/2026 00:00,5217.27,5634.65,233
J100197,28/06/2026 00:00,5238.32,5657.38,227
J100197,29/06/2026 00:00,5259.36,5680.11,236
J100197,30/06/2026 00:00,5280.41,5702.84,227
J100198,23/06/2026 00:00,47101.36,50869.47,227
J100198,24/06/2026 00:00,47119.59,50889.16,221
J100198,25/06/2026 00:00,47137.82,50908.85,235
J100198,26/06/2026 00:00,47156.06,50928.54,237
J100198,27/06/2026 00:00,47174.29,50948.23,239
J100198,28/06/2026 00:00,47192.52,50967.92,223
J100198,29/06/2026 00:00,47210.75,50987.62,232
J100198,30/06/2026 00:00,47228.99,51007.31,231
J100199,23/06/2026 00:00,45256.78,48877.32,231
J100199,24/06/2026 00:00,45265.64,48886.89,232
J100199,25/06/2026 00:00,45274.5,48896.46,239
J100199,26/06/2026 00:00,45283.36,48906.03,226
J100199,27/06/2026 00:00,45292.22,48915.6,231
J100199,28/06/2026 00:00,45301.08,48925.17,235
J100199,29/06/2026 00:00,45309.94,48934.74,220
J100199,30/06/2026 00:00,45318.8,48944.31,236
J100200,23/06/2026 00:00,21178.16,22872.41,237
J100200,24/06/2026 00:00,21189.12,22884.25,227
J100200,25/06/2026 00:00,21200.08,22896.09,223
J100200,26/06/2026 00:00,21211.05,22907.93,228
J100200,27/06/2026 00:00,21222.01,22919.77,239
J100200,28/06/2026 00:00,21232.97,22931.61,224
J100200,29/06/2026 00:00,21243.94,22943.45,239
J100200,30/06/2026 00:00,21254.9,22955.29,221
J100201,23/06/2026 00:00,26440.25,28555.47,221
J100201,24/06/2026 00:00,26452,28568.16,237
J100201,25/06/2026 00:00,26463.75,28580.85,226
J100201,26/06/2026 00:00,26475.5,28593.54,239
J100201,27/06/2026 00:00,26487.25,28606.23,231
J100201,28/06/2026 00:00,26499,28618.92,222
J100201,29/06/2026 00:00,26510.75,28631.61,221
J100201,30/06/2026 00:00,26522.5,28644.3,239
J100202,23/06/2026 00:00,26884.79,29035.57,240
J100202,24/06/2026 00:00,26906.35,29058.85,234
J100202,25/06/2026 00:00,26927.9,29082.14,240
J100202,26/06/2026 00:00,26949.46,29105.42,236
J100202,27/06/2026 00:00,26971.02,29128.7,235
J100202,28/06/2026 00:00,26992.57,29151.98,238
J100202,29/06/2026 00:00,27014.13,29175.26,222
J100202,30/06/2026 00:00,27035.68,29198.54,232
J100203,23/06/2026 00:00,1811.38,1956.29,225
J100203,24/06/2026 00:00,1824.66,1970.63,231
J100203,25/06/2026 00:00,1837.94,1984.97,235
J100203,26/06/2026 00:00,1851.22,1999.31,239
J100203,27/06/2026 00:00,1864.49,2013.65,223
J100203,28/06/2026 00:00,1877.77,2027.99,234
J100203,29/06/2026 00:00,1891.05,2042.33,234
J100203,30/06/2026 00:00,1904.33,2056.67,224
J100204,23/06/2026 00:00,8111.48,8760.39,235
J100204,24/06/2026 00:00,8124.93,8774.93,236
J100204,25/06/2026 00:00,8138.39,8789.46,237
J100204,26/06/2026 00:00,8151.84,8803.99,231
J100204,27/06/2026 00:00,8165.3,8818.52,238
J100204,28/06/2026 00:00,8178.75,8833.05,230
J100204,29/06/2026 00:00,8192.21,8847.58,221
J100204,30/06/2026 00:00,8205.66,8862.12,221
J100205,23/06/2026 00:00,7091.72,7659.06,233
J100205,24/06/2026 00:00,7102.84,7671.06,239
J100205,25/06/2026 00:00,7113.95,7683.07,225
J100205,26/06/2026 00:00,7125.07,7695.08,223
J100205,27/06/2026 00:00,7136.19,7707.09,232
J100205,28/06/2026 00:00,7147.31,7719.09,224
J100205,29/06/2026 00:00,7158.43,7731.1,234
J100205,30/06/2026 00:00,7169.55,7743.11,229
J100206,23/06/2026 00:00,3598.77,3886.67,235
J100206,24/06/2026 00:00,3609.89,3898.68,236
J100206,25/06/2026 00:00,3621.01,3910.69,232
J100206,26/06/2026 00:00,3632.13,3922.7,237
J100206,27/06/2026 00:00,3643.25,3934.71,224
J100206,28/06/2026 00:00,3654.38,3946.73,235
J100206,29/06/2026 00:00,3665.5,3958.74,226
J100206,30/06/2026 00:00,3676.62,3970.75,239
J100207,23/06/2026 00:00,43792.81,47296.23,221
J100207,24/06/2026 00:00,43806.41,47310.92,225
J100207,25/06/2026 00:00,43820.01,47325.61,236
J100207,26/06/2026 00:00,43833.61,47340.3,235
J100207,27/06/2026 00:00,43847.21,47354.99,240
J100207,28/06/2026 00:00,43860.81,47369.68,237
J100207,29/06/2026 00:00,43874.41,47384.36,231
J100207,30/06/2026 00:00,43888.01,47399.05,227
J100208,23/06/2026 00:00,1826.61,1972.74,233
J100208,24/06/2026 00:00,1848.33,1996.2,225
J100208,25/06/2026 00:00,1870.05,2019.66,223
J100208,26/06/2026 00:00,1891.78,2043.12,230
J100208,27/06/2026 00:00,1913.5,2066.58,228
J100208,28/06/2026 00:00,1935.22,2090.04,239
J100208,29/06/2026 00:00,1956.94,2113.5,224
J100208,30/06/2026 00:00,1978.66,2136.96,233
J100209,23/06/2026 00:00,30933.89,33408.6,230
J100209,24/06/2026 00:00,30945.28,33420.9,237
J100209,25/06/2026 00:00,30956.66,33433.2,234
J100209,26/06/2026 00:00,30968.05,33445.49,239
J100209,27/06/2026 00:00,30979.44,33457.79,232
J100209,28/06/2026 00:00,30990.82,33470.09,223
J100209,29/06/2026 00:00,31002.21,33482.39,232
J100209,30/06/2026 00:00,31013.6,33494.68,221
J100210,23/06/2026 00:00,31521.16,34042.85,221
J100210,24/06/2026 00:00,31527.82,34050.05,223
J100210,25/06/2026 00:00,31534.48,34057.24,228
J100210,26/06/2026 00:00,31541.14,34064.43,225
J100210,27/06/2026 00:00,31547.8,34071.62,226
J100210,28/06/2026 00:00,31554.46,34078.81,233
J100210,29/06/2026 00:00,31561.12,34086.01,237
J100210,30/06/2026 00:00,31567.78,34093.2,223
J100211,23/06/2026 00:00,21678.14,23412.39,222
J100211,24/06/2026 00:00,21695.97,23431.65,220
J100211,25/06/2026 00:00,21713.8,23450.91,229
J100211,26/06/2026 00:00,21731.64,23470.17,222
J100211,27/06/2026 00:00,21749.47,23489.43,232
J100211,28/06/2026 00:00,21767.3,23508.69,224
J100211,29/06/2026 00:00,21785.13,23527.94,237
J100211,30/06/2026 00:00,21802.97,23547.2,228
J100211,30/06/2026 00:00,,23547.2,
J100212,23/06/2026 00:00,38643.16,41734.61,225
J100212,24/06/2026 00:00,38658.12,41750.77,234
J100212,25/06/2026 00:00,38673.08,41766.93,239
J100212,26/06/2026 00:00,38688.05,41783.09,238
J100212,27/06/2026 00:00,38703.01,41799.25,223
J100212,28/06/2026 00:00,38717.97,41815.41,238
J100212,29/06/2026 00:00,38732.94,41831.57,239
J100212,30/06/2026 00:00,38747.9,41847.73,225
J100213,23/06/2026 00:00,48586.39,52473.31,221
J100213,24/06/2026 00:00,48607.72,52496.33,226
J100213,25/06/2026 00:00,48629.04,52519.36,240
J100213,26/06/2026 00:00,48650.36,52542.39,240
J100213,27/06/2026 00:00,48671.68,52565.42,236
J100213,28/06/2026 00:00,48693,52588.44,236
J100213,29/06/2026 00:00,48714.32,52611.47,234
J100213,30/06/2026 00:00,48735.65,52634.5,233
J100214,23/06/2026 00:00,39183.23,42317.89,236
J100214,24/06/2026 00:00,39206.55,42343.07,232
J100214,25/06/2026 00:00,39229.86,42368.25,235
J100214,26/06/2026 00:00,39253.18,42393.43,234
J100214,27/06/2026 00:00,39276.49,42418.61,227
J100214,28/06/2026 00:00,39299.81,42443.79,222
J100214,29/06/2026 00:00,39323.12,42468.97,227
J100214,30/06/2026 00:00,39346.44,42494.15,235
J100215,23/06/2026 00:00,37601.77,40609.91,231
J100215,24/06/2026 00:00,37611.54,40620.46,223
J100215,25/06/2026 00:00,37621.31,40631.02,233
J100215,26/06/2026 00:00,37631.08,40641.57,224
J100215,27/06/2026 00:00,37640.86,40652.12,239
J100215,28/06/2026 00:00,37650.63,40662.68,235
J100215,29/06/2026 00:00,37660.4,40673.23,225
J100215,30/06/2026 00:00,37670.17,40683.79,222
J100216,23/06/2026 00:00,18487.9,19966.93,228
J100216,24/06/2026 00:00,18508.98,19989.7,231
J100216,25/06/2026 00:00,18530.06,20012.47,225
J100216,26/06/2026 00:00,18551.14,20035.24,240
J100216,27/06/2026 00:00,18572.23,20058.01,236
J100216,28/06/2026 00:00,18593.31,20080.77,235
J100216,29/06/2026 00:00,18614.39,20103.54,229
J100216,30/06/2026 00:00,18635.47,20126.31,230
J100217,23/06/2026 00:00,47602.58,51410.79,222
J100217,24/06/2026 00:00,47626.17,51436.26,224
J100217,25/06/2026 00:00,47649.76,51461.74,229
J100217,26/06/2026 00:00,47673.35,51487.22,226
J100217,27/06/2026 00:00,47696.94,51512.7,235
J100217,28/06/2026 00:00,47720.53,51538.17,235
J100217,29/06/2026 00:00,47744.12,51563.65,225
J100217,30/06/2026 00:00,47767.71,51589.13,229
J100218,23/06/2026 00:00,4669.3,5042.84,235
J100218,24/06/2026 00:00,4682.75,5057.36,240
J100218,25/06/2026 00:00,4696.19,5071.89,230
J100218,26/06/2026 00:00,4709.64,5086.41,226
J100218,27/06/2026 00:00,4723.09,5100.94,231
J100218,28/06/2026 00:00,4736.54,5115.46,225
J100218,29/06/2026 00:00,4749.98,5129.98,221
J100218,30/06/2026 00:00,4763.43,5144.51,221
J100219,23/06/2026 00:00,31414.54,33927.71,223
J100219,24/06/2026 00:00,31420.96,33934.64,236
J100219,25/06/2026 00:00,31427.37,33941.56,226
J100219,26/06/2026 00:00,31433.79,33948.49,234
J100219,27/06/2026 00:00,31440.2,33955.42,232
J100219,28/06/2026 00:00,31446.62,33962.35,224
J100219,29/06/2026 00:00,31453.03,33969.28,231
J100219,30/06/2026 00:00,31459.45,33976.2,224
J100220,23/06/2026 00:00,9988.82,10787.92,237
J100220,24/06/2026 00:00,10006.16,10806.65,222
J100220,25/06/2026 00:00,10023.5,10825.38,237
J100220,26/06/2026 00:00,10040.84,10844.1,231
J100220,27/06/2026 00:00,10058.18,10862.83,223
J100220,28/06/2026 00:00,10075.52,10881.56,229
J100220,29/06/2026 00:00,10092.86,10900.28,232
J100220,30/06/2026 00:00,10110.2,10919.01,236
J100221,23/06/2026 00:00,23292.43,25155.83,227
J100221,24/06/2026 00:00,23307.62,25172.23,227
J100221,25/06/2026 00:00,23322.82,25188.64,234
J100221,26/06/2026 00:00,23338.01,25205.05,239
J100221,27/06/2026 00:00,23353.2,25221.46,239
J100221,28/06/2026 00:00,23368.39,25237.87,226
J100221,29/06/2026 00:00,23383.59,25254.27,227
J100221,30/06/2026 00:00,23398.78,25270.68,228
J100222,23/06/2026 00:00,46441.95,50157.31,229
J100222,24/06/2026 00:00,46461.95,50178.9,232
J100222,25/06/2026 00:00,46481.95,50200.5,231
J100222,26/06/2026 00:00,46501.94,50222.1,225
J100222,27/06/2026 00:00,46521.94,50243.7,239
J100222,28/06/2026 00:00,46541.94,50265.29,236
J100222,29/06/2026 00:00,46561.94,50286.89,232
J100222,30/06/2026 00:00,46581.93,50308.49,224
J100223,23/06/2026 00:00,31119.1,33608.62,234
J100223,24/06/2026 00:00,31137.49,33628.49,227
J100223,25/06/2026 00:00,31155.89,33648.36,234
J100223,26/06/2026 00:00,31174.28,33668.22,221
J100223,27/06/2026 00:00,31192.68,33688.09,227
J100223,28/06/2026 00:00,31211.07,33707.96,229
J100223,29/06/2026 00:00,31229.47,33727.83,223
J100223,30/06/2026 00:00,31247.86,33747.69,231
J100224,23/06/2026 00:00,40543.17,43786.62,230
J100224,24/06/2026 00:00,40550.26,43794.28,234
J100224,25/06/2026 00:00,40557.36,43801.95,221
J100224,26/06/2026 00:00,40564.45,43809.61,224
J100224,27/06/2026 00:00,40571.55,43817.27,229
J100224,28/06/2026 00:00,40578.64,43824.93,223
J100224,29/06/2026 00:00,40585.74,43832.59,229
J100224,30/06/2026 00:00,40592.83,43840.26,237
J100225,23/06/2026 00:00,28323.12,30588.97,235
J100225,24/06/2026 00:00,28343.78,30611.28,230
J100225,25/06/2026 00:00,28364.43,30633.59,232
J100225,26/06/2026 00:00,28385.09,30655.9,238
J100225,27/06/2026 00:00,28405.75,30678.21,228
J100225,28/06/2026 00:00,28426.41,30700.52,232
J100225,29/06/2026 00:00,28447.06,30722.83,221
J100225,30/06/2026 00:00,28467.72,30745.14,225
J100226,23/06/2026 00:00,35242.28,38061.66,235
J100226,24/06/2026 00:00,35249.81,38069.8,223
J100226,25/06/2026 00:00,35257.35,38077.94,230
J100226,26/06/2026 00:00,35264.88,38086.07,225
J100226,27/06/2026 00:00,35272.42,38094.21,223
J100226,28/06/2026 00:00,35279.95,38102.35,228
J100226,29/06/2026 00:00,35287.48,38110.48,225
J100226,30/06/2026 00:00,35295.02,38118.62,223
J100227,23/06/2026 00:00,31144.33,33635.88,236
J100227,24/06/2026 00:00,31155.35,33647.78,229
J100227,25/06/2026 00:00,31166.36,33659.67,237
J100227,26/06/2026 00:00,31177.38,33671.57,230
J100227,27/06/2026 00:00,31188.39,33683.46,229
J100227,28/06/2026 00:00,31199.41,33695.36,237
J100227,29/06/2026 00:00,31210.42,33707.25,227
J100227,30/06/2026 00:00,31221.44,33719.15,236
J100228,23/06/2026 00:00,35837.35,38704.34,232
J100228,24/06/2026 00:00,35860.11,38728.92,232
J100228,25/06/2026 00:00,35882.86,38753.49,239
J100228,26/06/2026 00:00,35905.62,38778.07,226
J100228,27/06/2026 00:00,35928.37,38802.64,222
J100228,28/06/2026 00:00,35951.12,38827.21,224
J100228,29/06/2026 00:00,35973.88,38851.79,231
J100228,30/06/2026 00:00,35996.63,38876.36,223
J100229,23/06/2026 00:00,24201.33,26137.44,227
J100229,24/06/2026 00:00,24219.82,26157.41,225
J100229,25/06/2026 00:00,24238.31,26177.38,223
J100229,26/06/2026 00:00,24256.81,26197.35,235
J100229,27/06/2026 00:00,24275.3,26217.32,224
J100229,28/06/2026 00:00,24293.79,26237.3,227
J100229,29/06/2026 00:00,24312.28,26257.27,221
J100229,30/06/2026 00:00,24330.78,26277.24,225
J100230,23/06/2026 00:00,34937.65,37732.66,233
J100230,24/06/2026 00:00,34956.64,37753.17,223
J100230,25/06/2026 00:00,34975.62,37773.67,231
J100230,26/06/2026 00:00,34994.6,37794.17,227
J100230,27/06/2026 00:00,35013.59,37814.68,239
J100230,28/06/2026 00:00,35032.57,37835.18,227
J100230,29/06/2026 00:00,35051.56,37855.68,236
J100230,30/06/2026 00:00,35070.54,37876.19,224
J100231,23/06/2026 00:00,24507.47,26468.07,225
J100231,24/06/2026 00:00,24533.14,26495.79,220
J100231,25/06/2026 00:00,24558.82,26523.52,229
J100231,26/06/2026 00:00,24584.49,26551.25,239
J100231,27/06/2026 00:00,24610.16,26578.97,236
J100231,28/06/2026 00:00,24635.83,26606.7,222
J100231,29/06/2026 00:00,24661.51,26634.43,229
J100231,30/06/2026 00:00,24687.18,26662.15,231
J100232,23/06/2026 00:00,3197.99,3453.83,229
J100232,24/06/2026 00:00,3214.69,3471.86,225
J100232,25/06/2026 00:00,3231.38,3489.89,237
J100232,26/06/2026 00:00,3248.08,3507.92,235
J100232,27/06/2026 00:00,3264.77,3525.95,223
J100232,28/06/2026 00:00,3281.47,3543.99,237
J100232,29/06/2026 00:00,3298.16,3562.02,235
J100232,30/06/2026 00:00,3314.86,3580.05,224
J100233,23/06/2026 00:00,1856.21,2004.7,230
J100233,24/06/2026 00:00,1878.65,2028.94,233
J100233,25/06/2026 00:00,1901.09,2053.18,225
J100233,26/06/2026 00:00,1923.54,2077.42,222
J100233,27/06/2026 00:00,1945.98,2101.66,238
J100233,28/06/2026 00:00,1968.43,2125.9,235
J100233,29/06/2026 00:00,1990.87,2150.14,228
J100233,30/06/2026 00:00,2013.31,2174.38,229
J100234,23/06/2026 00:00,47321.98,51107.74,231
J100234,24/06/2026 00:00,47332.42,51119.01,231
J100234,25/06/2026 00:00,47342.85,51130.28,231
J100234,26/06/2026 00:00,47353.28,51141.55,229
J100234,27/06/2026 00:00,47363.72,51152.81,230
J100234,28/06/2026 00:00,47374.15,51164.08,230
J100234,29/06/2026 00:00,47384.59,51175.35,237
J100234,30/06/2026 00:00,47395.02,51186.62,240
J100235,23/06/2026 00:00,34602.31,37370.49,226
J100235,24/06/2026 00:00,34627.58,37397.79,226
J100235,25/06/2026 00:00,34652.85,37425.08,230
J100235,26/06/2026 00:00,34678.13,37452.38,228
J100235,27/06/2026 00:00,34703.4,37479.68,226
J100235,28/06/2026 00:00,34728.68,37506.97,230
J100235,29/06/2026 00:00,34753.95,37534.27,222
J100235,30/06/2026 00:00,34779.23,37561.56,223
J100236,23/06/2026 00:00,41346.65,44654.38,231
J100236,24/06/2026 00:00,41359.63,44668.4,223
J100236,25/06/2026 00:00,41372.62,44682.43,223
J100236,26/06/2026 00:00,41385.6,44696.45,234
J100236,27/06/2026 00:00,41398.59,44710.48,225
J100236,28/06/2026 00:00,41411.57,44724.5,236
J100236,29/06/2026 00:00,41424.56,44738.52,234
J100236,30/06/2026 00:00,41437.54,44752.55,225
J100237,23/06/2026 00:00,33395.94,36067.62,237
J100237,24/06/2026 00:00,33410.94,36083.81,232
J100237,25/06/2026 00:00,33425.94,36100.01,238
J100237,26/06/2026 00:00,33440.93,36116.21,230
J100237,27/06/2026 00:00,33455.93,36132.41,227
J100237,28/06/2026 00:00,33470.93,36148.6,234
J100237,29/06/2026 00:00,33485.93,36164.8,231
J100237,30/06/2026 00:00,33500.92,36181,225
J100238,23/06/2026 00:00,28016.12,30257.4,223
J100238,24/06/2026 00:00,28026.08,30268.16,238
J100238,25/06/2026 00:00,28036.04,30278.92,228
J100238,26/06/2026 00:00,28046,30289.68,223
J100238,27/06/2026 00:00,28055.96,30300.44,221
J100238,28/06/2026 00:00,28065.92,30311.2,239
J100238,29/06/2026 00:00,28075.88,30321.95,232
J100238,30/06/2026 00:00,28085.85,30332.71,231
J100239,23/06/2026 00:00,43722.58,47220.39,222
J100239,24/06/2026 00:00,43746.61,47246.34,222
J100239,25/06/2026 00:00,43770.63,47272.28,225
J100239,26/06/2026 00:00,43794.66,47298.23,230
J100239,27/06/2026 00:00,43818.68,47324.18,233
J100239,28/06/2026 00:00,43842.71,47350.13,225
J100239,29/06/2026 00:00,43866.73,47376.07,231
J100239,30/06/2026 00:00,43890.76,47402.02,226
J100240,23/06/2026 00:00,38499.13,41579.06,237
J100240,24/06/2026 00:00,38523.09,41604.94,221
J100240,25/06/2026 00:00,38547.05,41630.82,229
J100240,26/06/2026 00:00,38571.02,41656.7,235
J100240,27/06/2026 00:00,38594.98,41682.58,230
J100240,28/06/2026 00:00,38618.94,41708.46,224
J100240,29/06/2026 00:00,38642.9,41734.34,240
J100240,30/06/2026 00:00,38666.87,41760.21,226
J100241,23/06/2026 00:00,39860.27,43049.09,223
J100241,24/06/2026 00:00,39869.06,43058.59,232
J100241,25/06/2026 00:00,39877.86,43068.09,221
J100241,26/06/2026 00:00,39886.65,43077.58,238
J100241,27/06/2026 00:00,39895.45,43087.08,240
J100241,28/06/2026 00:00,39904.24,43096.58,237
J100241,29/06/2026 00:00,39913.04,43106.08,226
J100241,30/06/2026 00:00,39921.83,43115.58,227
J100242,23/06/2026 00:00,27268.74,29450.24,220
J100242,24/06/2026 00:00,27287.6,29470.6,224
J100242,25/06/2026 00:00,27306.45,29490.97,232
J100242,26/06/2026 00:00,27325.31,29511.34,239
J100242,27/06/2026 00:00,27344.17,29531.71,238
J100242,28/06/2026 00:00,27363.03,29552.07,232
J100242,29/06/2026 00:00,27381.89,29572.44,230
J100242,30/06/2026 00:00,27400.75,29592.81,228
J100243,23/06/2026 00:00,1554.26,1678.6,228
J100243,24/06/2026 00:00,1567.84,1693.26,232
J100243,25/06/2026 00:00,1581.41,1707.93,232
J100243,26/06/2026 00:00,1594.99,1722.59,231
J100243,27/06/2026 00:00,1608.57,1737.25,232
J100243,28/06/2026 00:00,1622.14,1751.91,226
J100243,29/06/2026 00:00,1635.72,1766.58,237
J100243,30/06/2026 00:00,1649.3,1781.24,224
J100244,23/06/2026 00:00,8429.51,9103.87,240
J100244,24/06/2026 00:00,8452.27,9128.45,227
J100244,25/06/2026 00:00,8475.03,9153.04,240
J100244,26/06/2026 00:00,8497.8,9177.62,238
J100244,27/06/2026 00:00,8520.56,9202.2,231
J100244,28/06/2026 00:00,8543.32,9226.78,236
J100244,29/06/2026 00:00,8566.08,9251.37,238
J100244,30/06/2026 00:00,8588.84,9275.95,221
J100245,23/06/2026 00:00,15506.08,16746.57,226
J100245,24/06/2026 00:00,15532.04,16774.61,227
J100245,25/06/2026 00:00,15558,16802.64,231
J100245,26/06/2026 00:00,15583.96,16830.68,234
J100245,27/06/2026 00:00,15609.92,16858.72,225
J100245,28/06/2026 00:00,15635.88,16886.75,228
J100245,29/06/2026 00:00,15661.84,16914.79,225
J100245,30/06/2026 00:00,15687.8,16942.83,238
J100246,23/06/2026 00:00,36610.03,39538.83,239
J100246,24/06/2026 00:00,36619.72,39549.3,233
J100246,25/06/2026 00:00,36629.42,39559.77,223
J100246,26/06/2026 00:00,36639.12,39570.25,240
J100246,27/06/2026 00:00,36648.81,39580.72,220
J100246,28/06/2026 00:00,36658.51,39591.19,238
J100246,29/06/2026 00:00,36668.21,39601.66,236
J100246,30/06/2026 00:00,36677.91,39612.14,232
J100247,23/06/2026 00:00,32813.88,35438.99,235
J100247,24/06/2026 00:00,32827.09,35453.26,223
J100247,25/06/2026 00:00,32840.31,35467.53,230
J100247,26/06/2026 00:00,32853.52,35481.8,227
J100247,27/06/2026 00:00,32866.73,35496.07,224
J100247,28/06/2026 00:00,32879.94,35510.34,237
J100247,29/06/2026 00:00,32893.15,35524.61,225
J100247,30/06/2026 00:00,32906.37,35538.88,231
J100248,23/06/2026 00:00,46947.07,50702.83,231
J100248,24/06/2026 00:00,46953.72,50710.02,228
J100248,25/06/2026 00:00,46960.38,50717.21,225
J100248,26/06/2026 00:00,46967.03,50724.39,233
J100248,27/06/2026 00:00,46973.69,50731.58,229
J100248,28/06/2026 00:00,46980.34,50738.77,229
J100248,29/06/2026 00:00,46987,50745.96,230
J100248,30/06/2026 00:00,46993.65,50753.14,229
J100249,23/06/2026 00:00,34581.58,37348.11,236
J100249,24/06/2026 00:00,34590.13,37357.34,233
J100249,25/06/2026 00:00,34598.68,37366.57,226
J100249,26/06/2026 00:00,34607.23,37375.8,223
J100249,27/06/2026 00:00,34615.77,37385.04,220
J100249,28/06/2026 00:00,34624.32,37394.27,226
J100249,29/06/2026 00:00,34632.87,37403.5,221
J100249,30/06/2026 00:00,34641.41,37412.73,223
J100250,23/06/2026 00:00,25696.06,27751.74,238
J100250,24/06/2026 00:00,25711.71,27768.65,231
J100250,25/06/2026 00:00,25727.37,27785.56,234
J100250,26/06/2026 00:00,25743.02,27802.46,225
J100250,27/06/2026 00:00,25758.68,27819.37,235
J100250,28/06/2026 00:00,25774.33,27836.28,224
J100250,29/06/2026 00:00,25789.98,27853.18,235
J100250,30/06/2026 00:00,25805.64,27870.09,222
J100251,23/06/2026 00:00,46947.04,50702.8,225
J100251,24/06/2026 00:00,46960.26,50717.08,227
J100251,25/06/2026 00:00,46973.48,50731.36,220
J100251,26/06/2026 00:00,46986.7,50745.63,235
J100251,27/06/2026 00:00,46999.92,50759.91,225
J100251,28/06/2026 00:00,47013.14,50774.19,238
J100251,29/06/2026 00:00,47026.35,50788.46,236
J100251,30/06/2026 00:00,47039.57,50802.74,232
J100252,23/06/2026 00:00,25408.65,27441.34,238
J100252,24/06/2026 00:00,25433.85,27468.55,230
J100252,25/06/2026 00:00,25459.05,27495.77,225
J100252,26/06/2026 00:00,25484.25,27522.99,239
J100252,27/06/2026 00:00,25509.45,27550.21,235
J100252,28/06/2026 00:00,25534.65,27577.43,226
J100252,29/06/2026 00:00,25559.86,27604.65,238
J100252,30/06/2026 00:00,25585.06,27631.86,231
J100253,23/06/2026 00:00,26055.07,28139.47,235
J100253,24/06/2026 00:00,26070.2,28155.82,236
J100253,25/06/2026 00:00,26085.33,28172.16,223
J100253,26/06/2026 00:00,26100.47,28188.5,236
J100253,27/06/2026 00:00,26115.6,28204.85,239
J100253,28/06/2026 00:00,26130.73,28221.19,238
J100253,29/06/2026 00:00,26145.87,28237.54,231
J100253,30/06/2026 00:00,26161,28253.88,224
J100254,23/06/2026 00:00,50125.81,54135.88,226
J100254,24/06/2026 00:00,50143.98,54155.5,225
J100254,25/06/2026 00:00,50162.15,54175.12,236
J100254,26/06/2026 00:00,50180.31,54194.74,224
J100254,27/06/2026 00:00,50198.48,54214.35,225
J100254,28/06/2026 00:00,50216.64,54233.97,240
J100254,29/06/2026 00:00,50234.81,54253.59,223
J100254,30/06/2026 00:00,50252.97,54273.21,237
J100255,23/06/2026 00:00,11596.72,12524.46,225
J100255,24/06/2026 00:00,11621.23,12550.93,236
J100255,25/06/2026 00:00,11645.74,12577.4,237
J100255,26/06/2026 00:00,11670.25,12603.87,233
J100255,27/06/2026 00:00,11694.76,12630.34,239
J100255,28/06/2026 00:00,11719.27,12656.81,240
J100255,29/06/2026 00:00,11743.78,12683.28,220
J100255,30/06/2026 00:00,11768.29,12709.75,232
J100256,23/06/2026 00:00,2678.19,2892.44,238
J100256,24/06/2026 00:00,2691.32,2906.63,228
J100256,25/06/2026 00:00,2704.46,2920.82,240
J100256,26/06/2026 00:00,2717.6,2935.01,240
J100256,27/06/2026 00:00,2730.74,2949.2,230
J100256,28/06/2026 00:00,2743.88,2963.39,231
J100256,29/06/2026 00:00,2757.02,2977.58,236
J100256,30/06/2026 00:00,2770.16,2991.77,225
J100257,23/06/2026 00:00,48594.14,52481.67,239
J100257,24/06/2026 00:00,48613.45,52502.53,232
J100257,25/06/2026 00:00,48632.76,52523.38,222
J100257,26/06/2026 00:00,48652.07,52544.24,221
J100257,27/06/2026 00:00,48671.38,52565.09,238
J100257,28/06/2026 00:00,48690.69,52585.95,232
J100257,29/06/2026 00:00,48710,52606.8,233
J100257,30/06/2026 00:00,48729.31,52627.66,231
J100258,23/06/2026 00:00,7018.64,7580.13,227
J100258,24/06/2026 00:00,7041.45,7604.76,226
J100258,25/06/2026 00:00,7064.26,7629.4,232
J100258,26/06/2026 00:00,7087.07,7654.03,232
J100258,27/06/2026 00:00,7109.88,7678.67,231
J100258,28/06/2026 00:00,7132.69,7703.3,227
J100258,29/06/2026 00:00,7155.5,7727.94,222
J100258,30/06/2026 00:00,7178.31,7752.57,227
J100259,23/06/2026 00:00,20932.75,22607.37,228
J100259,24/06/2026 00:00,20942.96,22618.39,222
J100259,25/06/2026 00:00,20953.16,22629.42,225
J100259,26/06/2026 00:00,20963.37,22640.44,234
J100259,27/06/2026 00:00,20973.58,22651.46,229
J100259,28/06/2026 00:00,20983.78,22662.48,240
J100259,29/06/2026 00:00,20993.99,22673.51,235
J100259,30/06/2026 00:00,21004.19,22684.53,238
J100260,23/06/2026 00:00,2067.11,2232.48,231
J100260,24/06/2026 00:00,2088.38,2255.45,220
J100260,25/06/2026 00:00,2109.64,2278.41,225
J100260,26/06/2026 00:00,2130.91,2301.38,233
J100260,27/06/2026 00:00,2152.17,2324.35,225
J100260,28/06/2026 00:00,2173.44,2347.31,238
J100260,29/06/2026 00:00,2194.71,2370.28,235
J100260,30/06/2026 00:00,2215.97,2393.25,239
J100261,23/06/2026 00:00,4066.55,4391.88,235
J100261,24/06/2026 00:00,4074.49,4400.45,228
J100261,25/06/2026 00:00,4082.42,4409.02,225
J100261,26/06/2026 00:00,4090.36,4417.59,235
J100261,27/06/2026 00:00,4098.3,4426.16,229
J100261,28/06/2026 00:00,4106.24,4434.73,230
J100261,29/06/2026 00:00,4114.17,4443.31,230
J100261,30/06/2026 00:00,4122.11,4451.88,221
J100262,23/06/2026 00:00,29640.29,32011.51,231
J100262,24/06/2026 00:00,29664,32037.12,227
J100262,25/06/2026 00:00,29687.7,32062.72,237
J100262,26/06/2026 00:00,29711.41,32088.32,232
J100262,27/06/2026 00:00,29735.12,32113.93,226
J100262,28/06/2026 00:00,29758.83,32139.53,225
J100262,29/06/2026 00:00,29782.54,32165.14,228
J100262,30/06/2026 00:00,29806.24,32190.74,223
J100263,23/06/2026 00:00,32434.8,35029.58,230
J100263,24/06/2026 00:00,32443.31,35038.77,239
J100263,25/06/2026 00:00,32451.82,35047.97,220
J100263,26/06/2026 00:00,32460.33,35057.16,226
J100263,27/06/2026 00:00,32468.85,35066.35,234
J100263,28/06/2026 00:00,32477.36,35075.55,221
J100263,29/06/2026 00:00,32485.87,35084.74,237
J100263,30/06/2026 00:00,32494.39,35093.94,230
J100264,23/06/2026 00:00,42492.31,45891.69,225
J100264,24/06/2026 00:00,42503.24,45903.49,237
J100264,25/06/2026 00:00,42514.16,45915.3,237
J100264,26/06/2026 00:00,42525.09,45927.1,237
J100264,27/06/2026 00:00,42536.02,45938.9,222
J100264,28/06/2026 00:00,42546.94,45950.7,223
J100264,29/06/2026 00:00,42557.87,45962.5,230
J100264,30/06/2026 00:00,42568.8,45974.3,234
J100265,23/06/2026 00:00,10503.88,11344.19,240
J100265,24/06/2026 00:00,10509.96,11350.76,231
J100265,25/06/2026 00:00,10516.04,11357.33,234
J100265,26/06/2026 00:00,10522.12,11363.89,228
J100265,27/06/2026 00:00,10528.21,11370.46,234
J100265,28/06/2026 00:00,10534.29,11377.03,235
J100265,29/06/2026 00:00,10540.37,11383.6,224
J100265,30/06/2026 00:00,10546.45,11390.17,232
J100266,23/06/2026 00:00,28970.43,31288.07,234
J100266,24/06/2026 00:00,28978.89,31297.2,236
J100266,25/06/2026 00:00,28987.34,31306.33,226
J100266,26/06/2026 00:00,28995.79,31315.46,226
J100266,27/06/2026 00:00,29004.25,31324.59,238
J100266,28/06/2026 00:00,29012.7,31333.72,230
J100266,29/06/2026 00:00,29021.16,31342.85,233
J100266,30/06/2026 00:00,29029.61,31351.98,235
J100267,23/06/2026 00:00,36444.07,39359.59,237
J100267,24/06/2026 00:00,36454.11,39370.44,226
J100267,25/06/2026 00:00,36464.16,39381.29,238
J100267,26/06/2026 00:00,36474.21,39392.14,234
J100267,27/06/2026 00:00,36484.25,39402.99,224
J100267,28/06/2026 00:00,36494.3,39413.84,222
J100267,29/06/2026 00:00,36504.35,39424.69,221
J100267,30/06/2026 00:00,36514.39,39435.54,235
J100268,23/06/2026 00:00,10310.43,11135.27,231
J100268,24/06/2026 00:00,10319.19,11144.72,239
J100268,25/06/2026 00:00,10327.95,11154.18,224
J100268,26/06/2026 00:00,10336.71,11163.64,225
J100268,27/06/2026 00:00,10345.46,11173.1,234
J100268,28/06/2026 00:00,10354.22,11182.56,225
J100268,29/06/2026 00:00,10362.98,11192.02,227
J100268,30/06/2026 00:00,10371.74,11201.48,225
J100269,23/06/2026 00:00,47931.31,51765.82,223
J100269,24/06/2026 00:00,47951.46,51787.57,221
J100269,25/06/2026 00:00,47971.6,51809.33,230
J100269,26/06/2026 00:00,47991.74,51831.08,238
J100269,27/06/2026 00:00,48011.89,51852.84,228
J100269,28/06/2026 00:00,48032.03,51874.59,233
J100269,29/06/2026 00:00,48052.18,51896.35,230
J100269,30/06/2026 00:00,48072.32,51918.11,229
J100270,23/06/2026 00:00,15415.45,16648.68,234
J100270,24/06/2026 00:00,15424.46,16658.42,227
J100270,25/06/2026 00:00,15433.48,16668.16,221
J100270,26/06/2026 00:00,15442.5,16677.9,222
J100270,27/06/2026 00:00,15451.52,16687.64,232
J100270,28/06/2026 00:00,15460.54,16697.39,228
J100270,29/06/2026 00:00,15469.56,16707.13,229
J100270,30/06/2026 00:00,15478.58,16716.87,228
J100271,23/06/2026 00:00,33975.01,36693.02,224
J100271,24/06/2026 00:00,33984.97,36703.77,240
J100271,25/06/2026 00:00,33994.93,36714.52,228
J100271,26/06/2026 00:00,34004.89,36725.28,223
J100271,27/06/2026 00:00,34014.84,36736.03,227
J100271,28/06/2026 00:00,34024.8,36746.78,222
J100271,29/06/2026 00:00,34034.76,36757.54,220
J100271,30/06/2026 00:00,34044.71,36768.29,231
J100272,23/06/2026 00:00,43181.12,46635.61,235
J100272,24/06/2026 00:00,43206.26,46662.76,236
J100272,25/06/2026 00:00,43231.4,46689.91,221
J100272,26/06/2026 00:00,43256.53,46717.05,240
J100272,27/06/2026 00:00,43281.67,46744.2,233
J100272,28/06/2026 00:00,43306.8,46771.35,221
J100272,29/06/2026 00:00,43331.94,46798.49,238
J100272,30/06/2026 00:00,43357.07,46825.64,226
J100273,23/06/2026 00:00,43482.86,46961.49,229
J100273,24/06/2026 00:00,43494.94,46974.54,232
J100273,25/06/2026 00:00,43507.03,46987.59,236
J100273,26/06/2026 00:00,43519.11,47000.64,238
J100273,27/06/2026 00:00,43531.19,47013.68,237
J100273,28/06/2026 00:00,43543.27,47026.73,236
J100273,29/06/2026 00:00,43555.35,47039.78,224
J100273,30/06/2026 00:00,43567.43,47052.83,227
J100274,23/06/2026 00:00,10507.39,11347.99,225
J100274,24/06/2026 00:00,10527.59,11369.79,225
J100274,25/06/2026 00:00,10547.78,11391.6,228
J100274,26/06/2026 00:00,10567.97,11413.4,237
J100274,27/06/2026 00:00,10588.16,11435.21,226
J100274,28/06/2026 00:00,10608.35,11457.02,229
J100274,29/06/2026 00:00,10628.54,11478.82,235
J100274,30/06/2026 00:00,10648.73,11500.63,225
J100275,23/06/2026 00:00,26142.16,28233.54,229
J100275,24/06/2026 00:00,26149.82,28241.81,223
J100275,25/06/2026 00:00,26157.48,28250.08,220
J100275,26/06/2026 00:00,26165.14,28258.35,232
J100275,27/06/2026 00:00,26172.8,28266.63,239
J100275,28/06/2026 00:00,26180.46,28274.9,231
J100275,29/06/2026 00:00,26188.12,28283.17,223
J100275,30/06/2026 00:00,26195.78,28291.44,228
J100276,23/06/2026 00:00,14204.74,15341.12,237
J100276,24/06/2026 00:00,14215.08,15352.29,233
J100276,25/06/2026 00:00,14225.42,15363.45,229
J100276,26/06/2026 00:00,14235.75,15374.61,220
J100276,27/06/2026 00:00,14246.09,15385.78,220
J100276,28/06/2026 00:00,14256.43,15396.94,231
J100276,29/06/2026 00:00,14266.76,15408.1,227
J100276,30/06/2026 00:00,14277.1,15419.27,227
J100277,23/06/2026 00:00,6055.06,6539.47,222
J100277,24/06/2026 00:00,6072.2,6557.97,230
J100277,25/06/2026 00:00,6089.33,6576.48,227
J100277,26/06/2026 00:00,6106.46,6594.98,227
J100277,27/06/2026 00:00,6123.6,6613.49,231
J100277,28/06/2026 00:00,6140.73,6631.99,223
J100277,29/06/2026 00:00,6157.86,6650.49,239
J100277,30/06/2026 00:00,6175,6669,225
J100278,23/06/2026 00:00,41500.47,44820.5,238
J100278,24/06/2026 00:00,41521.75,44843.49,229
J100278,25/06/2026 00:00,41543.03,44866.47,220
J100278,26/06/2026 00:00,41564.31,44889.46,223
J100278,27/06/2026 00:00,41585.59,44912.44,221
J100278,28/06/2026 00:00,41606.87,44935.42,229
J100278,29/06/2026 00:00,41628.15,44958.41,240
J100278,30/06/2026 00:00,41649.44,44981.39,225
J100279,23/06/2026 00:00,16659.67,17992.45,224
J100279,24/06/2026 00:00,16679.4,18013.75,221
J100279,25/06/2026 00:00,16699.12,18035.05,233
J100279,26/06/2026 00:00,16718.85,18056.35,236
J100279,27/06/2026 00:00,16738.57,18077.66,235
J100279,28/06/2026 00:00,16758.3,18098.96,229
J100279,29/06/2026 00:00,16778.02,18120.26,231
J100279,30/06/2026 00:00,16797.75,18141.57,231
J100280,23/06/2026 00:00,5715.04,6172.24,230
J100280,24/06/2026 00:00,5735.56,6194.41,222
J100280,25/06/2026 00:00,5756.08,6216.57,229
J100280,26/06/2026 00:00,5776.61,6238.74,232
J100280,27/06/2026 00:00,5797.13,6260.9,234
J100280,28/06/2026 00:00,5817.65,6283.07,231
J100280,29/06/2026 00:00,5838.18,6305.23,222
J100280,30/06/2026 00:00,5858.7,6327.4,223
J100281,23/06/2026 00:00,36625.42,39555.45,227
J100281,24/06/2026 00:00,36639.39,39570.54,224
J100281,25/06/2026 00:00,36653.37,39585.64,231
J100281,26/06/2026 00:00,36667.34,39600.73,236
J100281,27/06/2026 00:00,36681.32,39615.82,228
J100281,28/06/2026 00:00,36695.29,39630.91,224
J100281,29/06/2026 00:00,36709.27,39646.01,228
J100281,30/06/2026 00:00,36723.24,39661.1,231
J100282,23/06/2026 00:00,31033.08,33515.73,222
J100282,24/06/2026 00:00,31042.74,33526.15,226
J100282,25/06/2026 00:00,31052.39,33536.58,228
J100282,26/06/2026 00:00,31062.05,33547.01,220
J100282,27/06/2026 00:00,31071.7,33557.44,229
J100282,28/06/2026 00:00,31081.36,33567.87,226
J100282,29/06/2026 00:00,31091.01,33578.29,232
J100282,30/06/2026 00:00,31100.67,33588.72,226
J100283,23/06/2026 00:00,31009.18,33489.92,231
J100283,24/06/2026 00:00,31025.67,33507.72,224
J100283,25/06/2026 00:00,31042.15,33525.53,222
J100283,26/06/2026 00:00,31058.64,33543.33,225
J100283,27/06/2026 00:00,31075.13,33561.14,235
J100283,28/06/2026 00:00,31091.61,33578.94,232
J100283,29/06/2026 00:00,31108.1,33596.75,226
J100283,30/06/2026 00:00,31124.58,33614.55,237
J100284,23/06/2026 00:00,4811.58,5196.51,221
J100284,24/06/2026 00:00,4823.74,5209.63,226
J100284,25/06/2026 00:00,4835.89,5222.76,237
J100284,26/06/2026 00:00,4848.05,5235.89,229
J100284,27/06/2026 00:00,4860.2,5249.02,227
J100284,28/06/2026 00:00,4872.36,5262.15,234
J100284,29/06/2026 00:00,4884.51,5275.27,223
J100284,30/06/2026 00:00,4896.67,5288.4,228
J100285,23/06/2026 00:00,19229.03,20767.36,225
J100285,24/06/2026 00:00,19244.21,20783.74,225
J100285,25/06/2026 00:00,19259.38,20800.13,222
J100285,26/06/2026 00:00,19274.56,20816.52,234
J100285,27/06/2026 00:00,19289.73,20832.91,226
J100285,28/06/2026 00:00,19304.91,20849.3,226
J100285,29/06/2026 00:00,19320.08,20865.69,222
J100285,30/06/2026 00:00,19335.26,20882.08,234
J100286,23/06/2026 00:00,8229.39,8887.74,234
J100286,24/06/2026 00:00,8238.75,8897.85,230
J100286,25/06/2026 00:00,8248.12,8907.97,225
J100286,26/06/2026 00:00,8257.48,8918.08,225
J100286,27/06/2026 00:00,8266.85,8928.2,236
J100286,28/06/2026 00:00,8276.21,8938.31,231
J100286,29/06/2026 00:00,8285.58,8948.42,221
J100286,30/06/2026 00:00,8294.94,8958.54,230
J100287,23/06/2026 00:00,6660.28,7193.1,221
J100287,24/06/2026 00:00,6666.94,7200.3,231
J100287,25/06/2026 00:00,6673.61,7207.5,237
J100287,26/06/2026 00:00,6680.27,7214.69,220
J100287,27/06/2026 00:00,6686.94,7221.89,233
J100287,28/06/2026 00:00,6693.6,7229.09,239
J100287,29/06/2026 00:00,6700.26,7236.29,228
J100287,30/06/2026 00:00,6706.93,7243.48,232
J100288,23/06/2026 00:00,16725.46,18063.5,221
J100288,24/06/2026 00:00,16732.4,18070.99,239
J100288,25/06/2026 00:00,16739.33,18078.47,238
J100288,26/06/2026 00:00,16746.26,18085.96,229
J100288,27/06/2026 00:00,16753.19,18093.45,236
J100288,28/06/2026 00:00,16760.13,18100.94,230
J100288,29/06/2026 00:00,16767.06,18108.43,234
J100288,30/06/2026 00:00,16773.99,18115.91,222
J100289,23/06/2026 00:00,22250.89,24030.97,225
J100289,24/06/2026 00:00,22270.93,24052.61,237
J100289,25/06/2026 00:00,22290.97,24074.25,222
J100289,26/06/2026 00:00,22311.01,24095.89,236
J100289,27/06/2026 00:00,22331.05,24117.53,225
J100289,28/06/2026 00:00,22351.09,24139.18,237
J100289,29/06/2026 00:00,22371.13,24160.82,234
J100289,30/06/2026 00:00,22391.17,24182.46,221
J100290,23/06/2026 00:00,14860.51,16049.35,232
J100290,24/06/2026 00:00,14886.48,16077.4,234
J100290,25/06/2026 00:00,14912.46,16105.46,230
J100290,26/06/2026 00:00,14938.44,16133.52,235
J100290,27/06/2026 00:00,14964.42,16161.57,221
J100290,28/06/2026 00:00,14990.4,16189.63,229
J100290,29/06/2026 00:00,15016.38,16217.69,228
J100290,30/06/2026 00:00,15042.36,16245.74,235
J100291,23/06/2026 00:00,42895.31,46326.93,236
J100291,24/06/2026 00:00,42908.15,46340.8,234
J100291,25/06/2026 00:00,42920.99,46354.67,225
J100291,26/06/2026 00:00,42933.83,46368.53,231
J100291,27/06/2026 00:00,42946.67,46382.4,229
J100291,28/06/2026 00:00,42959.51,46396.27,231
J100291,29/06/2026 00:00,42972.35,46410.13,231
J100291,30/06/2026 00:00,42985.19,46424,235
J100292,23/06/2026 00:00,49447.64,53403.45,238
J100292,24/06/2026 00:00,49467.28,53424.66,226
J100292,25/06/2026 00:00,49486.92,53445.87,239
J100292,26/06/2026 00:00,49506.55,53467.08,228
J100292,27/06/2026 00:00,49526.19,53488.28,233
J100292,28/06/2026 00:00,49545.83,53509.49,235
J100292,29/06/2026 00:00,49565.46,53530.7,223
J100292,30/06/2026 00:00,49585.1,53551.91,238
J100293,23/06/2026 00:00,12331.13,13317.62,225
J100293,24/06/2026 00:00,12349.44,13337.39,234
J100293,25/06/2026 00:00,12367.75,13357.17,230
J100293,26/06/2026 00:00,12386.06,13376.94,238
J100293,27/06/2026 00:00,12404.37,13396.72,235
J100293,28/06/2026 00:00,12422.68,13416.49,224
J100293,29/06/2026 00:00,12440.99,13436.27,233
J100293,30/06/2026 00:00,12459.3,13456.04,229
J100294,23/06/2026 00:00,2879.61,3109.98,236
J100294,24/06/2026 00:00,2900.94,3133.01,222
J100294,25/06/2026 00:00,2922.27,3156.05,220
J100294,26/06/2026 00:00,2943.6,3179.09,237
J100294,27/06/2026 00:00,2964.93,3202.12,232
J100294,28/06/2026 00:00,2986.26,3225.16,238
J100294,29/06/2026 00:00,3007.59,3248.2,233
J100294,30/06/2026 00:00,3028.92,3271.24,235
J100295,23/06/2026 00:00,1982.69,2141.3,225
J100295,24/06/2026 00:00,2008.41,2169.08,236
J100295,25/06/2026 00:00,2034.14,2196.87,232
J100295,26/06/2026 00:00,2059.86,2224.65,235
J100295,27/06/2026 00:00,2085.59,2252.43,239
J100295,28/06/2026 00:00,2111.31,2280.22,230
J100295,29/06/2026 00:00,2137.04,2308,238
J100295,30/06/2026 00:00,2162.76,2335.79,239
J100296,23/06/2026 00:00,20465.72,22102.98,228
J100296,24/06/2026 00:00,20489.4,22128.56,237
J100296,25/06/2026 00:00,20513.09,22154.14,238
J100296,26/06/2026 00:00,20536.77,22179.71,238
J100296,27/06/2026 00:00,20560.46,22205.29,231
J100296,28/06/2026 00:00,20584.14,22230.87,231
J100296,29/06/2026 00:00,20607.82,22256.45,227
J100296,30/06/2026 00:00,20631.51,22282.03,227
J100297,23/06/2026 00:00,19713.29,21290.36,221
J100297,24/06/2026 00:00,19719.35,21296.9,222
J100297,25/06/2026 00:00,19725.4,21303.44,225
J100297,26/06/2026 00:00,19731.46,21309.98,221
J100297,27/06/2026 00:00,19737.52,21316.52,222
J100297,28/06/2026 00:00,19743.57,21323.06,236
J100297,29/06/2026 00:00,19749.63,21329.6,224
J100297,30/06/2026 00:00,19755.69,21336.14,220
J100298,23/06/2026 00:00,45722.18,49379.95,220
J100298,24/06/2026 00:00,45734.18,49392.92,227
J100298,25/06/2026 00:00,45746.19,49405.89,232
J100298,26/06/2026 00:00,45758.2,49418.85,229
J100298,27/06/2026 00:00,45770.21,49431.82,232
J100298,28/06/2026 00:00,45782.21,49444.79,230
J100298,29/06/2026 00:00,45794.22,49457.76,226
J100298,30/06/2026 00:00,45806.23,49470.73,228
J100299,23/06/2026 00:00,17971.11,19408.8,226
J100299,24/06/2026 00:00,17994.51,19434.07,231
J100299,25/06/2026 00:00,18017.9,19459.33,224
J100299,26/06/2026 00:00,18041.3,19484.6,226
J100299,27/06/2026 00:00,18064.69,19509.87,222
J100299,28/06/2026 00:00,18088.09,19535.14,240
J100299,29/06/2026 00:00,18111.49,19560.4,235
J100299,30/06/2026 00:00,18134.88,19585.67,225
J100300,23/06/2026 00:00,45633.63,49284.32,221
J100300,24/06/2026 00:00,45648.52,49300.4,236
J100300,25/06/2026 00:00,45663.42,49316.49,224
J100300,26/06/2026 00:00,45678.32,49332.58,225
J100300,27/06/2026 00:00,45693.21,49348.67,229
J100300,28/06/2026 00:00,45708.11,49364.76,234
J100300,29/06/2026 00:00,45723.01,49380.85,220
J100300,30/06/2026 00:00,45737.9,49396.94,237
J100301,23/06/2026 00:00,34656.7,37429.23,239
J100301,24/06/2026 00:00,34672.34,37446.12,240
J100301,25/06/2026 00:00,34687.98,37463.01,228
J100301,26/06/2026 00:00,34703.61,37479.9,230
J100301,27/06/2026 00:00,34719.25,37496.79,239
J100301,28/06/2026 00:00,34734.89,37513.68,237
J100301,29/06/2026 00:00,34750.53,37530.57,231
J100301,30/06/2026 00:00,34766.17,37547.46,234
J100302,23/06/2026 00:00,38406.99,41479.55,227
J100302,24/06/2026 00:00,38423.86,41497.76,225
J100302,25/06/2026 00:00,38440.73,41515.98,233
J100302,26/06/2026 00:00,38457.59,41534.2,236
J100302,27/06/2026 00:00,38474.46,41552.42,231
J100302,28/06/2026 00:00,38491.33,41570.64,235
J100302,29/06/2026 00:00,38508.2,41588.86,233
J100302,30/06/2026 00:00,38525.07,41607.08,236
J100303,23/06/2026 00:00,16993.88,18353.39,226
J100303,24/06/2026 00:00,17018.57,18380.06,232
J100303,25/06/2026 00:00,17043.26,18406.72,224
J100303,26/06/2026 00:00,17067.95,18433.39,221
J100303,27/06/2026 00:00,17092.64,18460.05,227
J100303,28/06/2026 00:00,17117.33,18486.72,234
J100303,29/06/2026 00:00,17142.02,18513.39,236
J100303,30/06/2026 00:00,17166.71,18540.05,235
J100304,23/06/2026 00:00,38937.44,42052.43,225
J100304,24/06/2026 00:00,38950.98,42067.06,227
J100304,25/06/2026 00:00,38964.52,42081.68,231
J100304,26/06/2026 00:00,38978.06,42096.3,222
J100304,27/06/2026 00:00,38991.6,42110.93,220
J100304,28/06/2026 00:00,39005.14,42125.55,233
J100304,29/06/2026 00:00,39018.68,42140.18,224
J100304,30/06/2026 00:00,39032.22,42154.8,227
J100305,23/06/2026 00:00,35219.69,38037.27,230
J100305,24/06/2026 00:00,35228.98,38047.3,225
J100305,25/06/2026 00:00,35238.28,38057.34,233
J100305,26/06/2026 00:00,35247.57,38067.37,224
J100305,27/06/2026 00:00,35256.86,38077.41,233
J100305,28/06/2026 00:00,35266.15,38087.44,220
J100305,29/06/2026 00:00,35275.44,38097.47,232
J100305,30/06/2026 00:00,35284.73,38107.51,221
J100306,23/06/2026 00:00,34390.23,37141.45,227
J100306,24/06/2026 00:00,34410.85,37163.72,232
J100306,25/06/2026 00:00,34431.47,37185.99,220
J100306,26/06/2026 00:00,34452.09,37208.26,239
J100306,27/06/2026 00:00,34472.71,37230.53,227
J100306,28/06/2026 00:00,34493.33,37252.79,229
J100306,29/06/2026 00:00,34513.95,37275.06,236
J100306,30/06/2026 00:00,34534.57,37297.33,227
J100307,23/06/2026 00:00,14357.31,15505.89,235
J100307,24/06/2026 00:00,14364.06,15513.18,234
J100307,25/06/2026 00:00,14370.81,15520.48,234
J100307,26/06/2026 00:00,14377.56,15527.77,238
J100307,27/06/2026 00:00,14384.32,15535.06,238
J100307,28/06/2026 00:00,14391.07,15542.36,240
J100307,29/06/2026 00:00,14397.82,15549.65,224
J100307,30/06/2026 00:00,14404.57,15556.94,224
J100308,23/06/2026 00:00,38637.99,41729.03,225
J100308,24/06/2026 00:00,38651.64,41743.77,235
J100308,25/06/2026 00:00,38665.29,41758.52,233
J100308,26/06/2026 00:00,38678.94,41773.26,225
J100308,27/06/2026 00:00,38692.6,41788,230
J100308,28/06/2026 00:00,38706.25,41802.75,227
J100308,29/06/2026 00:00,38719.9,41817.49,237
J100308,30/06/2026 00:00,38733.55,41832.23,222
J100309,23/06/2026 00:00,41525.17,44847.18,222
J100309,24/06/2026 00:00,41547.3,44871.09,239
J100309,25/06/2026 00:00,41569.44,44895,230
J100309,26/06/2026 00:00,41591.58,44918.91,232
J100309,27/06/2026 00:00,41613.72,44942.81,225
J100309,28/06/2026 00:00,41635.85,44966.72,220
J100309,29/06/2026 00:00,41657.99,44990.63,223
J100309,30/06/2026 00:00,41680.13,45014.54,232
J100310,23/06/2026 00:00,48833.98,52740.7,226
J100310,24/06/2026 00:00,48858.85,52767.56,233
J100310,25/06/2026 00:00,48883.72,52794.42,230
J100310,26/06/2026 00:00,48908.59,52821.27,235
J100310,27/06/2026 00:00,48933.46,52848.13,229
J100310,28/06/2026 00:00,48958.32,52874.99,236
J100310,29/06/2026 00:00,48983.19,52901.85,239
J100310,30/06/2026 00:00,49008.06,52928.71,234
J100311,23/06/2026 00:00,42418.71,45812.2,239
J100311,24/06/2026 00:00,42439.13,45834.26,239
J100311,25/06/2026 00:00,42459.55,45856.32,227
J100311,26/06/2026 00:00,42479.97,45878.37,225
J100311,27/06/2026 00:00,42500.4,45900.43,223
J100311,28/06/2026 00:00,42520.82,45922.48,223
J100311,29/06/2026 00:00,42541.24,45944.54,221
J100311,30/06/2026 00:00,42561.66,45966.59,228
J100312,23/06/2026 00:00,48482.22,52360.8,226
J100312,24/06/2026 00:00,48503.49,52383.77,236
J100312,25/06/2026 00:00,48524.76,52406.74,229
J100312,26/06/2026 00:00,48546.03,52429.72,236
J100312,27/06/2026 00:00,48567.3,52452.69,230
J100312,28/06/2026 00:00,48588.57,52475.66,233
J100312,29/06/2026 00:00,48609.84,52498.63,233
J100312,30/06/2026 00:00,48631.11,52521.6,230
J100313,23/06/2026 00:00,42400.92,45793,223
J100313,24/06/2026 00:00,42424.18,45818.12,235
J100313,25/06/2026 00:00,42447.44,45843.23,227
J100313,26/06/2026 00:00,42470.7,45868.35,223
J100313,27/06/2026 00:00,42493.95,45893.47,236
J100313,28/06/2026 00:00,42517.21,45918.59,232
J100313,29/06/2026 00:00,42540.47,45943.71,223
J100313,30/06/2026 00:00,42563.73,45968.83,231
J100314,23/06/2026 00:00,12811.23,13836.13,223
J100314,24/06/2026 00:00,12819.98,13845.58,222
J100314,25/06/2026 00:00,12828.73,13855.03,222
J100314,26/06/2026 00:00,12837.48,13864.48,222
J100314,27/06/2026 00:00,12846.23,13873.93,235
J100314,28/06/2026 00:00,12854.98,13883.38,237
J100314,29/06/2026 00:00,12863.73,13892.82,229
J100314,30/06/2026 00:00,12872.48,13902.27,222
J100315,23/06/2026 00:00,46883.03,50633.68,224
J100315,24/06/2026 00:00,46904.69,50657.06,234
J100315,25/06/2026 00:00,46926.34,50680.45,223
J100315,26/06/2026 00:00,46948,50703.84,240
J100315,27/06/2026 00:00,46969.65,50727.22,231
J100315,28/06/2026 00:00,46991.3,50750.61,221
J100315,29/06/2026 00:00,47012.96,50773.99,227
J100315,30/06/2026 00:00,47034.61,50797.38,240
J100316,23/06/2026 00:00,27130.62,29301.07,234
J100316,24/06/2026 00:00,27147.21,29318.99,221
J100316,25/06/2026 00:00,27163.8,29336.91,228
J100316,26/06/2026 00:00,27180.4,29354.83,226
J100316,27/06/2026 00:00,27196.99,29372.75,235
J100316,28/06/2026 00:00,27213.58,29390.67,236
J100316,29/06/2026 00:00,27230.17,29408.59,228
J100316,30/06/2026 00:00,27246.77,29426.51,236
J100317,23/06/2026 00:00,33221.49,35879.21,224
J100317,24/06/2026 00:00,33240.68,35899.94,233
J100317,25/06/2026 00:00,33259.88,35920.67,234
J100317,26/06/2026 00:00,33279.07,35941.4,234
J100317,27/06/2026 00:00,33298.27,35962.13,233
J100317,28/06/2026 00:00,33317.46,35982.86,232
J100317,29/06/2026 00:00,33336.66,36003.59,226
J100317,30/06/2026 00:00,33355.85,36024.32,228
J100318,23/06/2026 00:00,19756.55,21337.08,229
J100318,24/06/2026 00:00,19778.27,21360.53,232
J100318,25/06/2026 00:00,19799.99,21383.99,222
J100318,26/06/2026 00:00,19821.71,21407.45,230
J100318,27/06/2026 00:00,19843.43,21430.91,234
J100318,28/06/2026 00:00,19865.15,21454.36,239
J100318,29/06/2026 00:00,19886.87,21477.82,230
J100318,30/06/2026 00:00,19908.59,21501.28,236
J100319,23/06/2026 00:00,45995.71,49675.36,239
J100319,24/06/2026 00:00,46006.95,49687.51,239
J100319,25/06/2026 00:00,46018.2,49699.66,233
J100319,26/06/2026 00:00,46029.45,49711.81,233
J100319,27/06/2026 00:00,46040.7,49723.95,240
J100319,28/06/2026 00:00,46051.95,49736.1,234
J100319,29/06/2026 00:00,46063.19,49748.25,236
J100319,30/06/2026 00:00,46074.44,49760.4,223
J100320,23/06/2026 00:00,13990.83,15110.1,237
J100320,24/06/2026 00:00,14005.48,15125.91,237
J100320,25/06/2026 00:00,14020.12,15141.73,223
J100320,26/06/2026 00:00,14034.77,15157.55,232
J100320,27/06/2026 00:00,14049.41,15173.36,236
J100320,28/06/2026 00:00,14064.06,15189.18,235
J100320,29/06/2026 00:00,14078.7,15205,227
J100320,30/06/2026 00:00,14093.35,15220.81,230
J100321,23/06/2026 00:00,25529.07,27571.4,235
J100321,24/06/2026 00:00,25540.94,27584.22,225
J100321,25/06/2026 00:00,25552.82,27597.04,223
J100321,26/06/2026 00:00,25564.69,27609.86,231
J100321,27/06/2026 00:00,25576.56,27622.69,233
J100321,28/06/2026 00:00,25588.43,27635.51,239
J100321,29/06/2026 00:00,25600.31,27648.33,229
J100321,30/06/2026 00:00,25612.18,27661.15,231
J100322,23/06/2026 00:00,26841.2,28988.5,225
J100322,24/06/2026 00:00,26860.78,29009.64,230
J100322,25/06/2026 00:00,26880.35,29030.78,238
J100322,26/06/2026 00:00,26899.93,29051.92,232
J100322,27/06/2026 00:00,26919.5,29073.06,231
J100322,28/06/2026 00:00,26939.07,29094.2,231
J100322,29/06/2026 00:00,26958.65,29115.34,235
J100322,30/06/2026 00:00,26978.22,29136.48,233
J100323,23/06/2026 00:00,12578.91,13585.23,220
J100323,24/06/2026 00:00,12591.69,13599.03,229
J100323,25/06/2026 00:00,12604.47,13612.83,235
J100323,26/06/2026 00:00,12617.25,13626.63,220
J100323,27/06/2026 00:00,12630.03,13640.43,236
J100323,28/06/2026 00:00,12642.81,13654.23,233
J100323,29/06/2026 00:00,12655.58,13668.03,229
J100323,30/06/2026 00:00,12668.36,13681.83,240
J100324,23/06/2026 00:00,4288.32,4631.39,234
J100324,24/06/2026 00:00,4296.64,4640.37,223
J100324,25/06/2026 00:00,4304.96,4649.35,224
J100324,26/06/2026 00:00,4313.28,4658.34,231
J100324,27/06/2026 00:00,4321.59,4667.32,232
J100324,28/06/2026 00:00,4329.91,4676.31,225
J100324,29/06/2026 00:00,4338.23,4685.29,225
J100324,30/06/2026 00:00,4346.55,4694.27,226
J100325,23/06/2026 00:00,48106.85,51955.4,229
J100325,24/06/2026 00:00,48131.23,51981.73,233
J100325,25/06/2026 00:00,48155.62,52008.07,222
J100325,26/06/2026 00:00,48180,52034.4,229
J100325,27/06/2026 00:00,48204.39,52060.74,235
J100325,28/06/2026 00:00,48228.77,52087.08,230
J100325,29/06/2026 00:00,48253.16,52113.41,221
J100325,30/06/2026 00:00,48277.54,52139.75,234
J100326,23/06/2026 00:00,47206.86,50983.41,234
J100326,24/06/2026 00:00,47221.68,50999.42,239
J100326,25/06/2026 00:00,47236.5,51015.42,230
J100326,26/06/2026 00:00,47251.32,51031.43,221
J100326,27/06/2026 00:00,47266.14,51047.44,232
J100326,28/06/2026 00:00,47280.96,51063.44,230
J100326,29/06/2026 00:00,47295.79,51079.45,221
J100326,30/06/2026 00:00,47310.61,51095.45,225
J100327,23/06/2026 00:00,14383.95,15534.66,234
J100327,24/06/2026 00:00,14401.94,15554.1,221
J100327,25/06/2026 00:00,14419.94,15573.54,238
J100327,26/06/2026 00:00,14437.94,15592.97,239
J100327,27/06/2026 00:00,14455.94,15612.41,234
J100327,28/06/2026 00:00,14473.93,15631.85,234
J100327,29/06/2026 00:00,14491.93,15651.29,230
J100327,30/06/2026 00:00,14509.93,15670.72,222
J100328,23/06/2026 00:00,18345.15,19812.76,225
J100328,24/06/2026 00:00,18370.85,19840.52,231
J100328,25/06/2026 00:00,18396.56,19868.28,230
J100328,26/06/2026 00:00,18422.26,19896.04,230
J100328,27/06/2026 00:00,18447.96,19923.8,234
J100328,28/06/2026 00:00,18473.66,19951.56,235
J100328,29/06/2026 00:00,18499.37,19979.31,228
J100328,30/06/2026 00:00,18525.07,20007.07,234
J100329,23/06/2026 00:00,42939.65,46374.82,224
J100329,24/06/2026 00:00,42963.38,46400.45,224
J100329,25/06/2026 00:00,42987.1,46426.07,228
J100329,26/06/2026 00:00,43010.82,46451.69,236
J100329,27/06/2026 00:00,43034.55,46477.31,236
J100329,28/06/2026 00:00,43058.27,46502.93,233
J100329,29/06/2026 00:00,43082,46528.56,228
J100329,30/06/2026 00:00,43105.72,46554.18,230
J100330,23/06/2026 00:00,18002.43,19442.63,233
J100330,24/06/2026 00:00,18019.37,19460.92,231
J100330,25/06/2026 00:00,18036.3,19479.2,221
J100330,26/06/2026 00:00,18053.23,19497.49,236
J100330,27/06/2026 00:00,18070.16,19515.78,228
J100330,28/06/2026 00:00,18087.09,19534.06,228
J100330,29/06/2026 00:00,18104.03,19552.35,225
J100330,30/06/2026 00:00,18120.96,19570.63,228
J100330,30/06/2026 00:00,,19570.63,
J100331,23/06/2026 00:00,4376.67,4726.81,230
J100331,24/06/2026 00:00,4384.49,4735.24,226
J100331,25/06/2026 00:00,4392.3,4743.68,228
J100331,26/06/2026 00:00,4400.11,4752.12,227
J100331,27/06/2026 00:00,4407.92,4760.55,221
J100331,28/06/2026 00:00,4415.73,4768.99,221
J100331,29/06/2026 00:00,4423.54,4777.43,227
J100331,30/06/2026 00:00,4431.36,4785.87,224
J100332,23/06/2026 00:00,38567.15,41652.53,227
J100332,24/06/2026 00:00,38581.2,41667.7,226
J100332,25/06/2026 00:00,38595.25,41682.87,231
J100332,26/06/2026 00:00,38609.3,41698.05,236
J100332,27/06/2026 00:00,38623.35,41713.22,231
J100332,28/06/2026 00:00,38637.41,41728.4,238
J100332,29/06/2026 00:00,38651.46,41743.57,234
J100332,30/06/2026 00:00,38665.51,41758.75,234
J100333,23/06/2026 00:00,45294.7,48918.27,225
J100333,24/06/2026 00:00,45308.94,48933.66,220
J100333,25/06/2026 00:00,45323.19,48949.05,234
J100333,26/06/2026 00:00,45337.44,48964.43,224
J100333,27/06/2026 00:00,45351.69,48979.82,224
J100333,28/06/2026 00:00,45365.93,48995.21,234
J100333,29/06/2026 00:00,45380.18,49010.6,230
J100333,30/06/2026 00:00,45394.43,49025.98,232
J100334,23/06/2026 00:00,49331.96,53278.52,233
J100334,24/06/2026 00:00,49339.96,53287.16,233
J100334,25/06/2026 00:00,49347.96,53295.79,223
J100334,26/06/2026 00:00,49355.95,53304.43,221
J100334,27/06/2026 00:00,49363.95,53313.07,240
J100334,28/06/2026 00:00,49371.95,53321.71,231
J100334,29/06/2026 00:00,49379.95,53330.35,228
J100334,30/06/2026 00:00,49387.95,53338.98,226
J100335,23/06/2026 00:00,6656.93,7189.48,222
J100335,24/06/2026 00:00,6672.88,7206.71,230
J100335,25/06/2026 00:00,6688.83,7223.94,227
J100335,26/06/2026 00:00,6704.79,7241.17,223
J100335,27/06/2026 00:00,6720.74,7258.4,236
J100335,28/06/2026 00:00,6736.69,7275.63,230
J100335,29/06/2026 00:00,6752.65,7292.86,228
J100335,30/06/2026 00:00,6768.6,7310.09,228
J100336,23/06/2026 00:00,9575.6,10341.65,236
J100336,24/06/2026 00:00,9592.8,10360.22,231
J100336,25/06/2026 00:00,9610,10378.8,221
J100336,26/06/2026 00:00,9627.2,10397.37,226
J100336,27/06/2026 00:00,9644.4,10415.95,223
J100336,28/06/2026 00:00,9661.6,10434.53,223
J100336,29/06/2026 00:00,9678.8,10453.1,238
J100336,30/06/2026 00:00,9696,10471.68,222
J100337,23/06/2026 00:00,27851.7,30079.84,225
J100337,24/06/2026 00:00,27868.99,30098.51,223
J100337,25/06/2026 00:00,27886.28,30117.19,232
J100337,26/06/2026 00:00,27903.58,30135.86,226
J100337,27/06/2026 00:00,27920.87,30154.54,236
J100337,28/06/2026 00:00,27938.16,30173.21,236
J100337,29/06/2026 00:00,27955.45,30191.89,232
J100337,30/06/2026 00:00,27972.74,30210.56,227
J100338,23/06/2026 00:00,47472.12,51269.89,236
J100338,24/06/2026 00:00,47486.56,51285.48,223
J100338,25/06/2026 00:00,47501,51301.08,227
J100338,26/06/2026 00:00,47515.44,51316.67,239
J100338,27/06/2026 00:00,47529.88,51332.27,223
J100338,28/06/2026 00:00,47544.32,51347.86,235
J100338,29/06/2026 00:00,47558.76,51363.46,237
J100338,30/06/2026 00:00,47573.2,51379.05,222
J100339,23/06/2026 00:00,28035.67,30278.52,232
J100339,24/06/2026 00:00,28052.91,30297.15,239
J100339,25/06/2026 00:00,28070.16,30315.77,226
J100339,26/06/2026 00:00,28087.4,30334.4,223
J100339,27/06/2026 00:00,28104.65,30353.02,236
J100339,28/06/2026 00:00,28121.9,30371.65,238
J100339,29/06/2026 00:00,28139.14,30390.28,238
J100339,30/06/2026 00:00,28156.39,30408.9,234
J100340,23/06/2026 00:00,50158.4,54171.07,228
J100340,24/06/2026 00:00,50176.64,54190.77,223
J100340,25/06/2026 00:00,50194.87,54210.46,224
J100340,26/06/2026 00:00,50213.11,54230.15,233
J100340,27/06/2026 00:00,50231.34,54249.85,229
J100340,28/06/2026 00:00,50249.58,54269.54,223
J100340,29/06/2026 00:00,50267.81,54289.23,229
J100340,30/06/2026 00:00,50286.04,54308.93,234
J100341,23/06/2026 00:00,4507.58,4868.19,220
J100341,24/06/2026 00:00,4533.04,4895.69,234
J100341,25/06/2026 00:00,4558.5,4923.19,225
J100341,26/06/2026 00:00,4583.96,4950.68,223
J100341,27/06/2026 00:00,4609.43,4978.18,237
J100341,28/06/2026 00:00,4634.89,5005.68,238
J100341,29/06/2026 00:00,4660.35,5033.17,220
J100341,30/06/2026 00:00,4685.81,5060.67,221
J100342,23/06/2026 00:00,10157.15,10969.73,233
J100342,24/06/2026 00:00,10164.9,10978.09,233
J100342,25/06/2026 00:00,10172.64,10986.46,230
J100342,26/06/2026 00:00,10180.39,10994.82,225
J100342,27/06/2026 00:00,10188.14,11003.19,239
J100342,28/06/2026 00:00,10195.88,11011.55,237
J100342,29/06/2026 00:00,10203.63,11019.92,224
J100342,30/06/2026 00:00,10211.37,11028.28,233
J100343,23/06/2026 00:00,3112.87,3361.9,230
J100343,24/06/2026 00:00,3132.04,3382.6,229
J100343,25/06/2026 00:00,3151.21,3403.31,231
J100343,26/06/2026 00:00,3170.38,3424.01,232
J100343,27/06/2026 00:00,3189.55,3444.71,231
J100343,28/06/2026 00:00,3208.71,3465.41,230
J100343,29/06/2026 00:00,3227.88,3486.11,237
J100343,30/06/2026 00:00,3247.05,3506.81,240
J100344,23/06/2026 00:00,13327.08,14393.24,231
J100344,24/06/2026 00:00,13344.08,14411.61,230
J100344,25/06/2026 00:00,13361.08,14429.97,239
J100344,26/06/2026 00:00,13378.09,14448.33,227
J100344,27/06/2026 00:00,13395.09,14466.7,236
J100344,28/06/2026 00:00,13412.09,14485.06,236
J100344,29/06/2026 00:00,13429.1,14503.42,232
J100344,30/06/2026 00:00,13446.1,14521.79,235
J100345,23/06/2026 00:00,19861.7,21450.64,235
J100345,24/06/2026 00:00,19871.43,21461.14,232
J100345,25/06/2026 00:00,19881.15,21471.64,227
J100345,26/06/2026 00:00,19890.88,21482.15,230
J100345,27/06/2026 00:00,19900.6,21492.65,221
J100345,28/06/2026 00:00,19910.33,21503.16,232
J100345,29/06/2026 00:00,19920.06,21513.66,226
J100345,30/06/2026 00:00,19929.78,21524.16,223
J100346,23/06/2026 00:00,23379.09,25249.42,225
J100346,24/06/2026 00:00,23386.7,25257.64,222
J100346,25/06/2026 00:00,23394.32,25265.86,226
J100346,26/06/2026 00:00,23401.93,25274.08,222
J100346,27/06/2026 00:00,23409.54,25282.31,237
J100346,28/06/2026 00:00,23417.16,25290.53,224
J100346,29/06/2026 00:00,23424.77,25298.75,233
J100346,30/06/2026 00:00,23432.38,25306.97,233
J100347,23/06/2026 00:00,32086.66,34653.59,236
J100347,24/06/2026 00:00,32100.12,34668.13,237
J100347,25/06/2026 00:00,32113.58,34682.67,232
J100347,26/06/2026 00:00,32127.05,34697.21,235
J100347,27/06/2026 00:00,32140.51,34711.75,232
J100347,28/06/2026 00:00,32153.97,34726.29,237
J100347,29/06/2026 00:00,32167.44,34740.83,222
J100347,30/06/2026 00:00,32180.9,34755.37,239
J100348,23/06/2026 00:00,8504.6,9184.97,229
J100348,24/06/2026 00:00,8525.67,9207.73,235
J100348,25/06/2026 00:00,8546.74,9230.48,223
J100348,26/06/2026 00:00,8567.81,9253.24,229
J100348,27/06/2026 00:00,8588.88,9275.99,224
J100348,28/06/2026 00:00,8609.95,9298.75,239
J100348,29/06/2026 00:00,8631.02,9321.5,233
J100348,30/06/2026 00:00,8652.09,9344.26,230
J100349,23/06/2026 00:00,2756.18,2976.67,236
J100349,24/06/2026 00:00,2767.62,2989.03,230
J100349,25/06/2026 00:00,2779.06,3001.39,239
J100349,26/06/2026 00:00,2790.51,3013.75,238
J100349,27/06/2026 00:00,2801.95,3026.11,226
J100349,28/06/2026 00:00,2813.39,3038.46,238
J100349,29/06/2026 00:00,2824.83,3050.82,234
J100349,30/06/2026 00:00,2836.28,3063.18,232
J100350,23/06/2026 00:00,28632.17,30922.75,235
J100350,24/06/2026 00:00,28638.4,30929.47,226
J100350,25/06/2026 00:00,28644.62,30936.19,234
J100350,26/06/2026 00:00,28650.85,30942.92,226
J100350,27/06/2026 00:00,28657.07,30949.64,227
J100350,28/06/2026 00:00,28663.3,30956.36,228
J100350,29/06/2026 00:00,28669.52,30963.08,225
J100350,30/06/2026 00:00,28675.75,30969.81,235
J100351,23/06/2026 00:00,3443.34,3718.8,230
J100351,24/06/2026 00:00,3458.66,3735.35,222
J100351,25/06/2026 00:00,3473.97,3751.89,234
J100351,26/06/2026 00:00,3489.29,3768.44,221
J100351,27/06/2026 00:00,3504.61,3784.98,226
J100351,28/06/2026 00:00,3519.93,3801.53,236
J100351,29/06/2026 00:00,3535.25,3818.07,235
J100351,30/06/2026 00:00,3550.57,3834.61,228
J100352,23/06/2026 00:00,10709.01,11565.73,232
J100352,24/06/2026 00:00,10729.8,11588.18,227
J100352,25/06/2026 00:00,10750.58,11610.63,229
J100352,26/06/2026 00:00,10771.36,11633.07,235
J100352,27/06/2026 00:00,10792.15,11655.52,235
J100352,28/06/2026 00:00,10812.93,11677.96,231
J100352,29/06/2026 00:00,10833.71,11700.41,236
J100352,30/06/2026 00:00,10854.49,11722.85,237
J100353,23/06/2026 00:00,27921.74,30155.48,230
J100353,24/06/2026 00:00,27946.69,30182.42,230
J100353,25/06/2026 00:00,27971.63,30209.36,227
J100353,26/06/2026 00:00,27996.58,30236.31,239
J100353,27/06/2026 00:00,28021.52,30263.25,237
J100353,28/06/2026 00:00,28046.47,30290.19,238
J100353,29/06/2026 00:00,28071.41,30317.13,239
J100353,30/06/2026 00:00,28096.36,30344.07,239
J100354,23/06/2026 00:00,28330.64,30597.1,227
J100354,24/06/2026 00:00,28342.02,30609.38,222
J100354,25/06/2026 00:00,28353.4,30621.67,229
J100354,26/06/2026 00:00,28364.77,30633.95,229
J100354,27/06/2026 00:00,28376.15,30646.24,224
J100354,28/06/2026 00:00,28387.52,30658.53,230
J100354,29/06/2026 00:00,28398.9,30670.81,229
J100354,30/06/2026 00:00,28410.28,30683.1,232
J100355,23/06/2026 00:00,11631.8,12562.34,234
J100355,24/06/2026 00:00,11646.49,12578.2,224
J100355,25/06/2026 00:00,11661.17,12594.07,225
J100355,26/06/2026 00:00,11675.86,12609.93,225
J100355,27/06/2026 00:00,11690.55,12625.79,226
J100355,28/06/2026 00:00,11705.23,12641.65,232
J100355,29/06/2026 00:00,11719.92,12657.51,230
J100355,30/06/2026 00:00,11734.61,12673.37,239
J100356,23/06/2026 00:00,16900.67,18252.72,234
J100356,24/06/2026 00:00,16919.91,18273.51,232
J100356,25/06/2026 00:00,16939.16,18294.29,237
J100356,26/06/2026 00:00,16958.41,18315.08,233
J100356,27/06/2026 00:00,16977.65,18335.86,237
J100356,28/06/2026 00:00,16996.9,18356.65,233
J100356,29/06/2026 00:00,17016.14,18377.44,227
J100356,30/06/2026 00:00,17035.39,18398.22,221
J100357,23/06/2026 00:00,21877.93,23628.16,233
J100357,24/06/2026 00:00,21890.23,23641.45,230
J100357,25/06/2026 00:00,21902.53,23654.74,226
J100357,26/06/2026 00:00,21914.83,23668.02,224
J100357,27/06/2026 00:00,21927.14,23681.31,231
J100357,28/06/2026 00:00,21939.44,23694.59,233
J100357,29/06/2026 00:00,21951.74,23707.88,234
J100357,30/06/2026 00:00,21964.04,23721.16,220
J100358,23/06/2026 00:00,36628.6,39558.89,233
J100358,24/06/2026 00:00,36639.5,39570.66,229
J100358,25/06/2026 00:00,36650.39,39582.43,236
J100358,26/06/2026 00:00,36661.29,39594.19,237
J100358,27/06/2026 00:00,36672.19,39605.96,230
J100358,28/06/2026 00:00,36683.08,39617.73,228
J100358,29/06/2026 00:00,36693.98,39629.5,230
J100358,30/06/2026 00:00,36704.87,39641.26,235
J100359,23/06/2026 00:00,38506.41,41586.92,220
J100359,24/06/2026 00:00,38528.86,41611.17,229
J100359,25/06/2026 00:00,38551.32,41635.42,223
J100359,26/06/2026 00:00,38573.77,41659.67,230
J100359,27/06/2026 00:00,38596.22,41683.92,222
J100359,28/06/2026 00:00,38618.68,41708.17,239
J100359,29/06/2026 00:00,38641.13,41732.42,237
J100359,30/06/2026 00:00,38663.58,41756.67,225
J100360,23/06/2026 00:00,23496.1,25375.79,224
J100360,24/06/2026 00:00,23507.67,25388.29,235
J100360,25/06/2026 00:00,23519.24,25400.78,238
J100360,26/06/2026 00:00,23530.81,25413.28,231
J100360,27/06/2026 00:00,23542.38,25425.77,234
J100360,28/06/2026 00:00,23553.95,25438.27,229
J100360,29/06/2026 00:00,23565.52,25450.76,225
J100360,30/06/2026 00:00,23577.09,25463.26,231
J100361,23/06/2026 00:00,18757.96,20258.59,239
J100361,24/06/2026 00:00,18772.22,20273.99,227
J100361,25/06/2026 00:00,18786.48,20289.39,226
J100361,26/06/2026 00:00,18800.73,20304.79,231
J100361,27/06/2026 00:00,18814.99,20320.19,230
J100361,28/06/2026 00:00,18829.25,20335.59,240
J100361,29/06/2026 00:00,18843.51,20350.99,237
J100361,30/06/2026 00:00,18857.77,20366.39,223
J100362,23/06/2026 00:00,5319.19,5744.73,222
J100362,24/06/2026 00:00,5329.85,5756.24,239
J100362,25/06/2026 00:00,5340.51,5767.76,223
J100362,26/06/2026 00:00,5351.18,5779.27,239
J100362,27/06/2026 00:00,5361.84,5790.78,234
J100362,28/06/2026 00:00,5372.5,5802.3,236
J100362,29/06/2026 00:00,5383.16,5813.81,221
J100362,30/06/2026 00:00,5393.82,5825.32,230
J100363,23/06/2026 00:00,21658.89,23391.6,232
J100363,24/06/2026 00:00,21673.53,23407.42,226
J100363,25/06/2026 00:00,21688.18,23423.24,224
J100363,26/06/2026 00:00,21702.83,23439.05,240
J100363,27/06/2026 00:00,21717.48,23454.87,235
J100363,28/06/2026 00:00,21732.12,23470.69,229
J100363,29/06/2026 00:00,21746.77,23486.51,235
J100363,30/06/2026 00:00,21761.42,23502.33,239
J100364,23/06/2026 00:00,48811.16,52716.06,224
J100364,24/06/2026 00:00,48819.08,52724.61,232
J100364,25/06/2026 00:00,48827,52733.16,239
J100364,26/06/2026 00:00,48834.92,52741.72,233
J100364,27/06/2026 00:00,48842.84,52750.27,221
J100364,28/06/2026 00:00,48850.76,52758.83,228
J100364,29/06/2026 00:00,48858.68,52767.38,230
J100364,30/06/2026 00:00,48866.61,52775.93,237
J100365,23/06/2026 00:00,33694.89,36390.48,220
J100365,24/06/2026 00:00,33707.4,36404,227
J100365,25/06/2026 00:00,33719.92,36417.51,221
J100365,26/06/2026 00:00,33732.44,36431.03,232
J100365,27/06/2026 00:00,33744.95,36444.55,226
J100365,28/06/2026 00:00,33757.47,36458.07,237
J100365,29/06/2026 00:00,33769.99,36471.59,230
J100365,30/06/2026 00:00,33782.5,36485.1,226
J100366,23/06/2026 00:00,6210.15,6706.96,236
J100366,24/06/2026 00:00,6224.37,6722.32,221
J100366,25/06/2026 00:00,6238.59,6737.68,228
J100366,26/06/2026 00:00,6252.82,6753.04,230
J100366,27/06/2026 00:00,6267.04,6768.4,227
J100366,28/06/2026 00:00,6281.26,6783.77,230
J100366,29/06/2026 00:00,6295.49,6799.13,224
J100366,30/06/2026 00:00,6309.71,6814.49,231
J100367,23/06/2026 00:00,29609.32,31978.07,222
J100367,24/06/2026 00:00,29634.51,32005.27,221
J100367,25/06/2026 00:00,29659.7,32032.48,229
J100367,26/06/2026 00:00,29684.89,32059.68,229
J100367,27/06/2026 00:00,29710.08,32086.88,235
J100367,28/06/2026 00:00,29735.27,32114.09,238
J100367,29/06/2026 00:00,29760.45,32141.29,220
J100367,30/06/2026 00:00,29785.64,32168.49,231
J100368,23/06/2026 00:00,10725.65,11583.7,228
J100368,24/06/2026 00:00,10751.2,11611.29,227
J100368,25/06/2026 00:00,10776.75,11638.89,231
J100368,26/06/2026 00:00,10802.3,11666.48,220
J100368,27/06/2026 00:00,10827.85,11694.08,227
J100368,28/06/2026 00:00,10853.4,11721.67,238
J100368,29/06/2026 00:00,10878.95,11749.26,227
J100368,30/06/2026 00:00,10904.5,11776.86,236
J100369,23/06/2026 00:00,14066.23,15191.53,228
J100369,24/06/2026 00:00,14073.07,15198.92,221
J100369,25/06/2026 00:00,14079.91,15206.3,222
J100369,26/06/2026 00:00,14086.74,15213.68,227
J100369,27/06/2026 00:00,14093.58,15221.07,237
J100369,28/06/2026 00:00,14100.42,15228.45,228
J100369,29/06/2026 00:00,14107.25,15235.83,223
J100369,30/06/2026 00:00,14114.09,15243.21,225
J100370,23/06/2026 00:00,39056.72,42181.26,230
J100370,24/06/2026 00:00,39067.36,42192.75,233
J100370,25/06/2026 00:00,39078,42204.24,238
J100370,26/06/2026 00:00,39088.64,42215.73,223
J100370,27/06/2026 00:00,39099.28,42227.22,235
J100370,28/06/2026 00:00,39109.92,42238.71,239
J100370,29/06/2026 00:00,39120.56,42250.21,220
J100370,30/06/2026 00:00,39131.2,42261.7,238
J100371,23/06/2026 00:00,33283.76,35946.46,228
J100371,24/06/2026 00:00,33298.1,35961.95,231
J100371,25/06/2026 00:00,33312.44,35977.43,223
J100371,26/06/2026 00:00,33326.77,35992.92,234
J100371,27/06/2026 00:00,33341.11,36008.4,223
J100371,28/06/2026 00:00,33355.45,36023.88,223
J100371,29/06/2026 00:00,33369.79,36039.37,221
J100371,30/06/2026 00:00,33384.12,36054.85,227
J100372,23/06/2026 00:00,43590.14,47077.35,232
J100372,24/06/2026 00:00,43606.02,47094.5,220
J100372,25/06/2026 00:00,43621.89,47111.65,229
J100372,26/06/2026 00:00,43637.77,47128.79,239
J100372,27/06/2026 00:00,43653.65,47145.94,230
J100372,28/06/2026 00:00,43669.52,47163.08,233
J100372,29/06/2026 00:00,43685.4,47180.23,224
J100372,30/06/2026 00:00,43701.27,47197.37,238
J100373,23/06/2026 00:00,26116.48,28205.79,224
J100373,24/06/2026 00:00,26136.8,28227.74,237
J100373,25/06/2026 00:00,26157.13,28249.7,229
J100373,26/06/2026 00:00,26177.45,28271.65,221
J100373,27/06/2026 00:00,26197.78,28293.6,224
J100373,28/06/2026 00:00,26218.1,28315.55,234
J100373,29/06/2026 00:00,26238.43,28337.5,225
J100373,30/06/2026 00:00,26258.75,28359.45,227
J100374,23/06/2026 00:00,13481.93,14560.48,237
J100374,24/06/2026 00:00,13490.71,14569.96,230
J100374,25/06/2026 00:00,13499.49,14579.44,226
J100374,26/06/2026 00:00,13508.27,14588.93,221
J100374,27/06/2026 00:00,13517.04,14598.41,237
J100374,28/06/2026 00:00,13525.82,14607.89,238
J100374,29/06/2026 00:00,13534.6,14617.37,231
J100374,30/06/2026 00:00,13543.38,14626.85,236
J100375,23/06/2026 00:00,9537.61,10300.62,227
J100375,24/06/2026 00:00,9547.29,10311.07,230
J100375,25/06/2026 00:00,9556.96,10321.52,228
J100375,26/06/2026 00:00,9566.64,10331.97,238
J100375,27/06/2026 00:00,9576.32,10342.43,236
J100375,28/06/2026 00:00,9586,10352.88,228
J100375,29/06/2026 00:00,9595.68,10363.33,231
J100375,30/06/2026 00:00,9605.36,10373.79,223
J100376,23/06/2026 00:00,29546.61,31910.34,221
J100376,24/06/2026 00:00,29562.68,31927.69,240
J100376,25/06/2026 00:00,29578.75,31945.05,236
J100376,26/06/2026 00:00,29594.82,31962.4,231
J100376,27/06/2026 00:00,29610.89,31979.76,226
J100376,28/06/2026 00:00,29626.96,31997.11,225
J100376,29/06/2026 00:00,29643.03,32014.47,228
J100376,30/06/2026 00:00,29659.1,32031.82,231
J100377,23/06/2026 00:00,28776.11,31078.2,239
J100377,24/06/2026 00:00,28793.33,31096.8,225
J100377,25/06/2026 00:00,28810.55,31115.4,221
J100377,26/06/2026 00:00,28827.77,31134,233
J100377,27/06/2026 00:00,28845,31152.6,226
J100377,28/06/2026 00:00,28862.22,31171.2,221
J100377,29/06/2026 00:00,28879.44,31189.8,234
J100377,30/06/2026 00:00,28896.66,31208.4,222
J100378,23/06/2026 00:00,37641.08,40652.37,237
J100378,24/06/2026 00:00,37656.65,40669.18,231
J100378,25/06/2026 00:00,37672.22,40685.99,227
J100378,26/06/2026 00:00,37687.78,40702.81,228
J100378,27/06/2026 00:00,37703.35,40719.62,231
J100378,28/06/2026 00:00,37718.92,40736.44,232
J100378,29/06/2026 00:00,37734.49,40753.25,233
J100378,30/06/2026 00:00,37750.06,40770.06,223
J100379,23/06/2026 00:00,40215.51,43432.75,220
J100379,24/06/2026 00:00,40231.79,43450.33,222
J100379,25/06/2026 00:00,40248.07,43467.92,227
J100379,26/06/2026 00:00,40264.35,43485.5,238
J100379,27/06/2026 00:00,40280.64,43503.09,233
J100379,28/06/2026 00:00,40296.92,43520.67,236
J100379,29/06/2026 00:00,40313.2,43538.26,229
J100379,30/06/2026 00:00,40329.49,43555.84,227
J100380,23/06/2026 00:00,44620.54,48190.19,232
J100380,24/06/2026 00:00,44633.83,48204.53,239
J100380,25/06/2026 00:00,44647.11,48218.88,227
J100380,26/06/2026 00:00,44660.4,48233.23,230
J100380,27/06/2026 00:00,44673.68,48247.58,223
J100380,28/06/2026 00:00,44686.97,48261.92,234
J100380,29/06/2026 00:00,44700.25,48276.27,222
J100380,30/06/2026 00:00,44713.53,48290.62,236
J100381,23/06/2026 00:00,22109.99,23878.79,236
J100381,24/06/2026 00:00,22128.69,23898.98,226
J100381,25/06/2026 00:00,22147.38,23919.17,238
J100381,26/06/2026 00:00,22166.08,23939.36,227
J100381,27/06/2026 00:00,22184.77,23959.55,231
J100381,28/06/2026 00:00,22203.47,23979.75,228
J100381,29/06/2026 00:00,22222.16,23999.94,233
J100381,30/06/2026 00:00,22240.86,24020.13,229
J100382,23/06/2026 00:00,13787.24,14890.22,232
J100382,24/06/2026 00:00,13799.55,14903.52,228
J100382,25/06/2026 00:00,13811.87,14916.82,221
J100382,26/06/2026 00:00,13824.18,14930.12,236
J100382,27/06/2026 00:00,13836.5,14943.42,240
J100382,28/06/2026 00:00,13848.81,14956.72,227
J100382,29/06/2026 00:00,13861.13,14970.02,220
J100382,30/06/2026 00:00,13873.44,14983.32,220
J100383,23/06/2026 00:00,35262.01,38082.97,225
J100383,24/06/2026 00:00,35273.1,38094.95,234
J100383,25/06/2026 00:00,35284.19,38106.92,221
J100383,26/06/2026 00:00,35295.27,38118.9,228
J100383,27/06/2026 00:00,35306.36,38130.87,227
J100383,28/06/2026 00:00,35317.45,38142.84,231
J100383,29/06/2026 00:00,35328.54,38154.82,224
J100383,30/06/2026 00:00,35339.62,38166.79,225
J100384,23/06/2026 00:00,10533.58,11376.27,220
J100384,24/06/2026 00:00,10541.3,11384.61,226
J100384,25/06/2026 00:00,10549.02,11392.94,225
J100384,26/06/2026 00:00,10556.74,11401.28,230
J100384,27/06/2026 00:00,10564.46,11409.62,225
J100384,28/06/2026 00:00,10572.18,11417.96,236
J100384,29/06/2026 00:00,10579.91,11426.3,232
J100384,30/06/2026 00:00,10587.63,11434.64,236
J100385,23/06/2026 00:00,42338.6,45725.69,240
J100385,24/06/2026 00:00,42357.54,45746.15,229
J100385,25/06/2026 00:00,42376.48,45766.6,225
J100385,26/06/2026 00:00,42395.42,45787.06,228
J100385,27/06/2026 00:00,42414.36,45807.51,237
J100385,28/06/2026 00:00,42433.3,45827.97,221
J100385,29/06/2026 00:00,42452.24,45848.42,233
J100385,30/06/2026 00:00,42471.18,45868.87,236
J100386,23/06/2026 00:00,1566.79,1692.14,240
J100386,24/06/2026 00:00,1581.91,1708.47,226
J100386,25/06/2026 00:00,1597.04,1724.8,226
J100386,26/06/2026 00:00,1612.16,1741.13,238
J100386,27/06/2026 00:00,1627.28,1757.46,225
J100386,28/06/2026 00:00,1642.4,1773.79,227
J100386,29/06/2026 00:00,1657.52,1790.12,226
J100386,30/06/2026 00:00,1672.64,1806.45,229
J100387,23/06/2026 00:00,7385.83,7976.69,232
J100387,24/06/2026 00:00,7411.82,8004.76,227
J100387,25/06/2026 00:00,7437.81,8032.83,226
J100387,26/06/2026 00:00,7463.8,8060.91,230
J100387,27/06/2026 00:00,7489.79,8088.98,237
J100387,28/06/2026 00:00,7515.79,8117.05,227
J100387,29/06/2026 00:00,7541.78,8145.12,226
J100387,30/06/2026 00:00,7567.77,8173.19,225
J100388,23/06/2026 00:00,12091.61,13058.94,235
J100388,24/06/2026 00:00,12108.64,13077.33,240
J100388,25/06/2026 00:00,12125.66,13095.72,220
J100388,26/06/2026 00:00,12142.69,13114.11,236
J100388,27/06/2026 00:00,12159.72,13132.49,237
J100388,28/06/2026 00:00,12176.74,13150.88,227
J100388,29/06/2026 00:00,12193.77,13169.27,223
J100388,30/06/2026 00:00,12210.8,13187.66,228
J100389,23/06/2026 00:00,40404.46,43636.82,232
J100389,24/06/2026 00:00,40415.22,43648.44,236
J100389,25/06/2026 00:00,40425.98,43660.06,228
J100389,26/06/2026 00:00,40436.74,43671.68,240
J100389,27/06/2026 00:00,40447.5,43683.3,230
J100389,28/06/2026 00:00,40458.26,43694.92,229
J100389,29/06/2026 00:00,40469.02,43706.54,238
J100389,30/06/2026 00:00,40479.78,43718.16,238
J100390,23/06/2026 00:00,24602.53,26570.73,226
J100390,24/06/2026 00:00,24610.16,26578.98,223
J100390,25/06/2026 00:00,24617.79,26587.22,225
J100390,26/06/2026 00:00,24625.43,26595.46,222
J100390,27/06/2026 00:00,24633.06,26603.7,223
J100390,28/06/2026 00:00,24640.69,26611.95,233
J100390,29/06/2026 00:00,24648.32,26620.19,227
J100390,30/06/2026 00:00,24655.95,26628.43,224
J100391,23/06/2026 00:00,15269.75,16491.32,226
J100391,24/06/2026 00:00,15277.52,16499.72,235
J100391,25/06/2026 00:00,15285.29,16508.11,230
J100391,26/06/2026 00:00,15293.06,16516.5,238
J100391,27/06/2026 00:00,15300.83,16524.9,234
J100391,28/06/2026 00:00,15308.6,16533.29,236
J100391,29/06/2026 00:00,15316.37,16541.68,221
J100391,30/06/2026 00:00,15324.15,16550.08,230
J100392,23/06/2026 00:00,37644.76,40656.34,226
J100392,24/06/2026 00:00,37654.23,40666.56,222
J100392,25/06/2026 00:00,37663.69,40676.79,224
J100392,26/06/2026 00:00,37673.16,40687.01,231
J100392,27/06/2026 00:00,37682.63,40697.24,220
J100392,28/06/2026 00:00,37692.1,40707.46,229
J100392,29/06/2026 00:00,37701.56,40717.69,226
J100392,30/06/2026 00:00,37711.03,40727.92,237
J100393,23/06/2026 00:00,12457.76,13454.38,227
J100393,24/06/2026 00:00,12483.14,13481.79,226
J100393,25/06/2026 00:00,12508.52,13509.2,233
J100393,26/06/2026 00:00,12533.9,13536.62,229
J100393,27/06/2026 00:00,12559.28,13564.03,234
J100393,28/06/2026 00:00,12584.66,13591.44,235
J100393,29/06/2026 00:00,12610.05,13618.85,234
J100393,30/06/2026 00:00,12635.43,13646.26,233
J100394,23/06/2026 00:00,22325.8,24111.86,227
J100394,24/06/2026 00:00,22332.22,24118.8,231
J100394,25/06/2026 00:00,22338.65,24125.74,227
J100394,26/06/2026 00:00,22345.08,24132.68,236
J100394,27/06/2026 00:00,22351.5,24139.62,233
J100394,28/06/2026 00:00,22357.93,24146.56,230
J100394,29/06/2026 00:00,22364.35,24153.5,224
J100394,30/06/2026 00:00,22370.78,24160.44,228
J100395,23/06/2026 00:00,25290.42,27313.66,227
J100395,24/06/2026 00:00,25306.62,27331.15,229
J100395,25/06/2026 00:00,25322.81,27348.63,237
J100395,26/06/2026 00:00,25339,27366.12,239
J100395,27/06/2026 00:00,25355.19,27383.61,227
J100395,28/06/2026 00:00,25371.39,27401.1,223
J100395,29/06/2026 00:00,25387.58,27418.59,227
J100395,30/06/2026 00:00,25403.77,27436.07,225
J100396,23/06/2026 00:00,10545.03,11388.63,229
J100396,24/06/2026 00:00,10564.94,11410.14,222
J100396,25/06/2026 00:00,10584.85,11431.64,234
J100396,26/06/2026 00:00,10604.77,11453.15,225
J100396,27/06/2026 00:00,10624.68,11474.66,233
J100396,28/06/2026 00:00,10644.6,11496.16,232
J100396,29/06/2026 00:00,10664.51,11517.67,234
J100396,30/06/2026 00:00,10684.43,11539.18,227
J100397,23/06/2026 00:00,27650.98,29863.06,228
J100397,24/06/2026 00:00,27661.98,29874.94,223
J100397,25/06/2026 00:00,27672.98,29886.82,236
J100397,26/06/2026 00:00,27683.98,29898.7,235
J100397,27/06/2026 00:00,27694.98,29910.58,221
J100397,28/06/2026 00:00,27705.98,29922.45,226
J100397,29/06/2026 00:00,27716.98,29934.33,232
J100397,30/06/2026 00:00,27727.97,29946.21,226
J100398,23/06/2026 00:00,9243.28,9982.74,237
J100398,24/06/2026 00:00,9260.59,10001.44,239
J100398,25/06/2026 00:00,9277.91,10020.14,227
J100398,26/06/2026 00:00,9295.22,10038.84,229
J100398,27/06/2026 00:00,9312.54,10057.54,228
J100398,28/06/2026 00:00,9329.86,10076.25,233
J100398,29/06/2026 00:00,9347.17,10094.95,236
J100398,30/06/2026 00:00,9364.49,10113.65,224
J100399,23/06/2026 00:00,25730.93,27789.4,223
J100399,24/06/2026 00:00,25740.23,27799.44,237
J100399,25/06/2026 00:00,25749.53,27809.49,235
J100399,26/06/2026 00:00,25758.83,27819.53,220
J100399,27/06/2026 00:00,25768.13,27829.58,227
J100399,28/06/2026 00:00,25777.43,27839.62,239
J100399,29/06/2026 00:00,25786.73,27849.67,231
J100399,30/06/2026 00:00,25796.03,27859.72,225
J100400,23/06/2026 00:00,20795.96,22459.64,237
J100400,24/06/2026 00:00,20818.7,22484.2,233
J100400,25/06/2026 00:00,20841.44,22508.75,234
J100400,26/06/2026 00:00,20864.18,22533.31,239
J100400,27/06/2026 00:00,20886.91,22557.87,228
J100400,28/06/2026 00:00,20909.65,22582.42,231
J100400,29/06/2026 00:00,20932.39,22606.98,228
J100400,30/06/2026 00:00,20955.13,22631.54,225
J100401,23/06/2026 00:00,34737.41,37516.41,238
J100401,24/06/2026 00:00,34749.08,37529.01,233
J100401,25/06/2026 00:00,34760.75,37541.62,232
J100401,26/06/2026 00:00,34772.42,37554.22,230
J100401,27/06/2026 00:00,34784.1,37566.82,220
J100401,28/06/2026 00:00,34795.77,37579.43,237
J100401,29/06/2026 00:00,34807.44,37592.03,224
J100401,30/06/2026 00:00,34819.11,37604.63,226
J100402,23/06/2026 00:00,25693.36,27748.83,229
J100402,24/06/2026 00:00,25714.68,27771.85,229
J100402,25/06/2026 00:00,25736,27794.88,221
J100402,26/06/2026 00:00,25757.32,27817.9,221
J100402,27/06/2026 00:00,25778.64,27840.93,230
J100402,28/06/2026 00:00,25799.96,27863.95,234
J100402,29/06/2026 00:00,25821.28,27886.98,233
J100402,30/06/2026 00:00,25842.6,27910,222
